variant,dataset,id,kind,w_star,ratio_at_w_star
carry,geolife,014/20081029115759/0#0,tight,120,0.764002686366689
carry,geolife,014/20081029115759/0#1,tight,30,3.0157152451309606
carry,geolife,014/20081029115759/0#2,loose,15,10.364137004701142
carry,geolife,014/20081029115759/0#3,reversed,600,0.1439892545332438
carry,geolife,112/20080701194739/0#0,tight,300,0.35685752330226367
carry,geolife,112/20080701194739/0#1,tight,60,1.3691744340878829
carry,geolife,112/20080701194739/0#2,loose,300,0.3751664447403462
carry,geolife,112/20080701194739/0#3,reversed,600,0.2366844207723036
carry,geolife,035/20090302214736/8#0,tight,600,0.3217286914765906
carry,geolife,035/20090302214736/8#1,tight,600,0.3217286914765906
carry,geolife,035/20090302214736/8#2,loose,600,0.3217286914765906
carry,geolife,035/20090302214736/8#3,reversed,600,0.3217286914765906
carry,geolife,013/20081016090430/3#0,tight,600,0.2919917864476386
carry,geolife,013/20081016090430/3#1,tight,600,0.2919917864476386
carry,geolife,013/20081016090430/3#2,loose,600,0.2919917864476386
carry,geolife,013/20081016090430/3#3,reversed,600,0.2919917864476386
carry,geolife,020/20111013013205/0#0,tight,120,0.45792743187914725
carry,geolife,020/20111013013205/0#1,tight,600,0.10115770153889594
carry,geolife,020/20111013013205/0#2,loose,600,0.10115770153889594
carry,geolife,020/20111013013205/0#3,reversed,600,0.102287166454892
carry,geolife,153/20100523072952/2#0,tight,15,7.398682042833608
carry,geolife,153/20100523072952/2#1,tight,60,1.3133143627377564
carry,geolife,153/20100523072952/2#2,loose,600,0.1621985921821177
carry,geolife,153/20100523072952/2#3,reversed,600,0.1621985921821177
carry,geolife,128/20110307004746/0#0,tight,60,3.412972227013973
carry,geolife,128/20110307004746/0#1,tight,600,0.38519924098671726
carry,geolife,128/20110307004746/0#2,loose,600,0.3717440055200966
carry,geolife,128/20110307004746/0#3,reversed,600,0.37622908400897015
carry,geolife,000/20090610062438/2#0,tight,15,11.717514124293785
carry,geolife,000/20090610062438/2#1,tight,60,2.8484848484848486
carry,geolife,000/20090610062438/2#2,loose,30,6.747303543913714
carry,geolife,000/20090610062438/2#3,reversed,120,1.5331278890600923
carry,geolife,128/20090105124144/0#0,tight,120,1.4840425531914894
carry,geolife,128/20090105124144/0#1,tight,120,1.4840425531914894
carry,geolife,128/20090105124144/0#2,loose,300,0.7149561952440551
carry,geolife,128/20090105124144/0#3,reversed,10,20.045369211514394
carry,geolife,115/20080908153859/0#0,tight,30,4.302583025830258
carry,geolife,115/20080908153859/0#1,tight,30,4.775830258302583
carry,geolife,115/20080908153859/0#2,loose,10,25.91113161131611
carry,geolife,115/20080908153859/0#3,reversed,0,nan
carry,geolife,055/20110830140828/0#0,tight,300,0.7540041067761807
carry,geolife,055/20110830140828/0#1,tight,180,1.1963039014373718
carry,geolife,055/20110830140828/0#2,loose,60,4.935112936344969
carry,geolife,055/20110830140828/0#3,reversed,600,0.44476386036960985
carry,geolife,167/20080320231109/0#0,tight,120,1.3813443072702332
carry,geolife,167/20080320231109/0#1,tight,60,2.5034293552812072
carry,geolife,167/20080320231109/0#2,loose,60,3.4124371284865114
carry,geolife,167/20080320231109/0#3,reversed,600,0.3278463648834019
carry,geolife,017/20090621094628/0#0,tight,600,0.355599603567889
carry,geolife,017/20090621094628/0#1,tight,30,6.350247770069376
carry,geolife,017/20090621094628/0#2,loose,10,38.74945490584737
carry,geolife,017/20090621094628/0#3,reversed,600,0.355599603567889
carry,geolife,128/20091130114038/0#0,tight,180,0.4732496697490092
carry,geolife,128/20091130114038/0#1,tight,600,0.23480845442536327
carry,geolife,128/20091130114038/0#2,loose,180,0.4891017173051519
carry,geolife,128/20091130114038/0#3,reversed,600,0.23678996036988112
carry,geolife,142/20070423004505/0#0,tight,600,1.4408602150537635
carry,geolife,142/20070423004505/0#1,tight,60,15.762096774193548
carry,geolife,142/20070423004505/0#2,loose,600,1.4556451612903225
carry,geolife,142/20070423004505/0#3,reversed,600,1.4408602150537635
carry,geolife,153/20100419235304/0#0,tight,60,3.3705533596837944
carry,geolife,153/20100419235304/0#1,tight,60,3.460144927536232
carry,geolife,153/20100419235304/0#2,loose,180,1.3218050065876152
carry,geolife,153/20100419235304/0#3,reversed,600,0.3567193675889328
carry,geolife,003/20090309004221/5#0,tight,600,0.7690100430416069
carry,geolife,003/20090309004221/5#1,tight,180,2.1413199426111906
carry,geolife,003/20090309004221/5#2,loose,600,0.7690100430416069
carry,geolife,003/20090309004221/5#3,reversed,600,0.7847919655667145
carry,geolife,158/20090207092106/0#0,tight,60,3.10548686244204
carry,geolife,158/20090207092106/0#1,tight,300,0.7013137557959814
carry,geolife,158/20090207092106/0#2,loose,300,0.7013137557959814
carry,geolife,158/20090207092106/0#3,reversed,600,0.4142194744976816
carry,geolife,062/20080925031959/0#0,tight,600,0.30293992330634856
carry,geolife,062/20080925031959/0#1,tight,120,0.9625053259480187
carry,geolife,062/20080925031959/0#2,loose,120,1.0732850447379634
carry,geolife,062/20080925031959/0#3,reversed,600,0.30293992330634856
carry,geolife,025/20090411041141/0#0,tight,600,0.23987854251012145
carry,geolife,025/20090411041141/0#1,tight,120,0.7358299595141701
carry,geolife,025/20090411041141/0#2,loose,300,0.3802294197031039
carry,geolife,025/20090411041141/0#3,reversed,600,0.23987854251012145
carry,geolife,115/20080409102703/0#0,tight,5,274.3206278026906
carry,geolife,115/20080409102703/0#1,tight,180,6.553811659192825
carry,geolife,115/20080409102703/0#2,loose,30,68.94544095665172
carry,geolife,115/20080409102703/0#3,reversed,600,2.311659192825112
carry,geolife,092/20080109102417/0#0,tight,600,0.6475409836065574
carry,geolife,092/20080109102417/0#1,tight,600,0.6475409836065574
carry,geolife,092/20080109102417/0#2,loose,300,1.0264116575591986
carry,geolife,092/20080109102417/0#3,reversed,600,0.6475409836065574
carry,geolife,051/20080221105029/0#0,tight,180,1.3051001821493624
carry,geolife,051/20080221105029/0#1,tight,300,0.9863387978142076
carry,geolife,051/20080221105029/0#2,loose,300,0.9863387978142076
carry,geolife,051/20080221105029/0#3,reversed,15,15.439890710382514
carry,geolife,080/20070629001410/0#0,tight,30,32.02829268292683
carry,geolife,080/20070629001410/0#1,tight,180,4.92
carry,geolife,080/20070629001410/0#2,loose,180,5.177560975609756
carry,geolife,080/20070629001410/0#3,reversed,180,4.92
carry,geolife,140/20090613160514/0#0,tight,600,0.24449793672627235
carry,geolife,140/20090613160514/0#1,tight,120,0.8651994497936726
carry,geolife,140/20090613160514/0#2,loose,600,0.24449793672627235
carry,geolife,140/20090613160514/0#3,reversed,600,0.24449793672627235
carry,geolife,027/20090113233903/0#0,tight,60,2.211723092470945
carry,geolife,027/20090113233903/0#1,tight,60,2.353208691258211
carry,geolife,027/20090113233903/0#2,loose,600,0.3592723597776655
carry,geolife,027/20090113233903/0#3,reversed,60,2.296614451743305
carry,geolife,068/20090906023120/0#0,tight,600,0.307186771252915
carry,geolife,068/20090906023120/0#1,tight,600,0.307186771252915
carry,geolife,068/20090906023120/0#2,loose,120,1.5028619885520458
carry,geolife,068/20090906023120/0#3,reversed,600,0.3037947848208607
carry,geolife,167/20080328095216/1#0,tight,30,9.159536541889484
carry,geolife,167/20080328095216/1#1,tight,180,1.2771836007130124
carry,geolife,167/20080328095216/1#2,loose,15,23.637254901960784
carry,geolife,167/20080328095216/1#3,reversed,600,0.6336898395721925
carry,geolife,024/20090118040106/3#0,tight,180,1.0514530728918532
carry,geolife,024/20090118040106/3#1,tight,180,1.0266793711291091
carry,geolife,024/20090118040106/3#2,loose,180,1.1381610290614579
carry,geolife,024/20090118040106/3#3,reversed,600,0.3415912339209147
carry,geolife,128/20100202044139/0#0,tight,30,7.341761827079935
carry,geolife,128/20100202044139/0#1,tight,600,0.5799347471451876
carry,geolife,128/20100202044139/0#2,loose,600,0.5799347471451876
carry,geolife,128/20100202044139/0#3,reversed,600,0.5799347471451876
carry,geolife,153/20111013072334/0#0,tight,180,0.7522864153468659
carry,geolife,153/20111013072334/0#1,tight,120,1.1151014945349096
carry,geolife,153/20111013072334/0#2,loose,15,13.375975908989515
carry,geolife,153/20111013072334/0#3,reversed,600,0.2403524425607852
carry,geolife,036/20090214162151/0#0,tight,600,0.38753623188405795
carry,geolife,036/20090214162151/0#1,tight,600,0.392463768115942
carry,geolife,036/20090214162151/0#2,loose,600,0.392463768115942
carry,geolife,036/20090214162151/0#3,reversed,600,0.3973913043478261
carry,geolife,128/20090502132357/0#0,tight,30,9.564559906940675
carry,geolife,128/20090502132357/0#1,tight,600,0.4156649864288484
carry,geolife,128/20090502132357/0#2,loose,60,3.9174098487785964
carry,geolife,128/20090502132357/0#3,reversed,600,0.4156649864288484
carry,geolife,043/20090211112015/0#0,tight,300,0.6823679185232336
carry,geolife,043/20090211112015/0#1,tight,600,0.452577975811585
carry,geolife,043/20090211112015/0#2,loose,180,0.9223424570337365
carry,geolife,043/20090211112015/0#3,reversed,600,0.4563971992361553
carry,geolife,024/20090115022131/3#0,tight,600,0.35004766444232605
carry,geolife,024/20090115022131/3#1,tight,600,0.34204003813155387
carry,geolife,024/20090115022131/3#2,loose,600,0.34204003813155387
carry,geolife,024/20090115022131/3#3,reversed,600,0.34204003813155387
carry,geolife,153/20100810093728/0#0,tight,600,0.396100278551532
carry,geolife,153/20100810093728/0#1,tight,180,0.7983286908077994
carry,geolife,153/20100810093728/0#2,loose,180,0.8072423398328691
carry,geolife,153/20100810093728/0#3,reversed,15,9.229526462395544
carry,geolife,042/20090324101103/0#0,tight,180,0.9725988700564971
carry,geolife,042/20090324101103/0#1,tight,180,0.9725988700564971
carry,geolife,042/20090324101103/0#2,loose,300,0.6234463276836159
carry,geolife,042/20090324101103/0#3,reversed,600,0.30903954802259886
carry,geolife,101/20071223144817/1#0,tight,600,0.7719869706840391
carry,geolife,101/20071223144817/1#1,tight,180,1.5906623235613464
carry,geolife,101/20071223144817/1#2,loose,300,1.1639522258414767
carry,geolife,101/20071223144817/1#3,reversed,600,0.7719869706840391
carry,geolife,068/20090813015422/0#0,tight,180,0.6244897959183674
carry,geolife,068/20090813015422/0#1,tight,120,0.9785714285714285
carry,geolife,068/20090813015422/0#2,loose,30,4.623469387755102
carry,geolife,068/20090813015422/0#3,reversed,180,0.610204081632653
carry,geolife,126/20080920055722/0#0,tight,60,3.4787778524530837
carry,geolife,126/20080920055722/0#1,tight,600,0.204725223595099
carry,geolife,126/20080920055722/0#2,loose,600,0.2099984490513364
carry,geolife,126/20080920055722/0#3,reversed,600,0.2152716745075738
carry,geolife,003/20081209015756/4#0,tight,60,3.6129654640169786
carry,geolife,003/20081209015756/4#1,tight,120,1.871888867451283
carry,geolife,003/20081209015756/4#2,loose,30,12.759502218792205
carry,geolife,003/20081209015756/4#3,reversed,600,0.39185799729886167
carry,geolife,068/20090331064324/4#0,tight,0,nan
carry,geolife,068/20090331064324/4#1,tight,60,1.497700938017289
carry,geolife,068/20090331064324/4#2,loose,60,1.7316534853779657
carry,geolife,068/20090331064324/4#3,reversed,120,0.747103181901784
carry,geolife,126/20081018025031/4#0,tight,300,0.41708193301657204
carry,geolife,126/20081018025031/4#1,tight,600,0.21033723490555106
carry,geolife,126/20081018025031/4#2,loose,600,0.20790358094796615
carry,geolife,126/20081018025031/4#3,reversed,600,0.20790358094796615
carry,geolife,004/20090424004725/5#0,tight,180,0.9130434782608695
carry,geolife,004/20090424004725/5#1,tight,60,2.5274102079395084
carry,geolife,004/20090424004725/5#2,loose,600,0.44801512287334594
carry,geolife,004/20090424004725/5#3,reversed,600,0.44801512287334594
carry,geolife,165/20111115002433/2#0,tight,30,1.8943771730008392
carry,geolife,165/20111115002433/2#1,tight,30,1.8521759980817647
carry,geolife,165/20111115002433/2#2,loose,120,0.39803380889581585
carry,geolife,165/20111115002433/2#3,reversed,600,0.08524157774847141
carry,geolife,163/20120503201837/0#0,tight,60,3.3177304964539007
carry,geolife,163/20120503201837/0#1,tight,30,7.378250591016548
carry,geolife,163/20120503201837/0#2,loose,15,29.602364066193854
carry,geolife,163/20120503201837/0#3,reversed,600,0.33900709219858155
carry,geolife,163/20120123140507/0#0,tight,60,4.121048914003179
carry,geolife,163/20120123140507/0#1,tight,180,1.376832067808582
carry,geolife,163/20120123140507/0#2,loose,600,0.4187709694508211
carry,geolife,163/20120123140507/0#3,reversed,600,0.4187709694508211
carry,geolife,003/20081210013746/5#0,tight,120,1.5740498034076016
carry,geolife,003/20081210013746/5#1,tight,600,0.35124508519003933
carry,geolife,003/20081210013746/5#2,loose,180,1.1012450851900393
carry,geolife,003/20081210013746/5#3,reversed,600,0.35124508519003933
carry,geolife,003/20090403011657/13#0,tight,600,0.3873390557939914
carry,geolife,003/20090403011657/13#1,tight,600,0.3834048640915594
carry,geolife,003/20090403011657/13#2,loose,600,0.3834048640915594
carry,geolife,003/20090403011657/13#3,reversed,600,0.3873390557939914
carry,geolife,026/20090321063103/2#0,tight,10,21.952265698534354
carry,geolife,026/20090321063103/2#1,tight,600,0.19268522253596881
carry,geolife,026/20090321063103/2#2,loose,600,0.19268522253596881
carry,geolife,026/20090321063103/2#3,reversed,600,0.19268522253596881
carry,geolife,165/20111113010804/1#0,tight,180,0.28150758571257917
carry,geolife,165/20111113010804/1#1,tight,600,0.0855931191016605
carry,geolife,165/20111113010804/1#2,loose,180,0.28819734798709834
carry,geolife,165/20111113010804/1#3,reversed,600,0.0865487994265918
carry,geolife,074/20120108020830/0#0,tight,120,0.43991941286516045
carry,geolife,074/20120108020830/0#1,tight,180,0.3138581090804432
carry,geolife,074/20120108020830/0#2,loose,60,0.9827313282486688
carry,geolife,074/20120108020830/0#3,reversed,300,0.2062167218304792
carry,geolife,144/20090626000502/2#0,tight,600,0.40677126341866227
carry,geolife,144/20090626000502/2#1,tight,600,0.40677126341866227
carry,geolife,144/20090626000502/2#2,loose,600,0.3916597853014038
carry,geolife,144/20090626000502/2#3,reversed,600,0.39669694467382327
carry,geolife,128/20080429084657/2#0,tight,600,0.999302649930265
carry,geolife,128/20080429084657/2#1,tight,30,19.167364016736403
carry,geolife,128/20080429084657/2#2,loose,600,0.999302649930265
carry,geolife,128/20080429084657/2#3,reversed,600,0.999302649930265
carry,geolife,153/20110617091558/0#0,tight,60,1.8184724689165186
carry,geolife,153/20110617091558/0#1,tight,120,1.0040260509177028
carry,geolife,153/20110617091558/0#2,loose,600,0.2124333925399645
carry,geolife,153/20110617091558/0#3,reversed,600,0.2124333925399645
carry,geolife,038/20090222233410/2#0,tight,300,0.8650391524643022
carry,geolife,038/20090222233410/2#1,tight,300,0.8360202671579917
carry,geolife,038/20090222233410/2#2,loose,15,19.913864578535236
carry,geolife,038/20090222233410/2#3,reversed,600,0.493781667434362
carry,geolife,038/20090718083524/0#0,tight,600,0.2680541256067069
carry,geolife,038/20090718083524/0#1,tight,30,12.837255478746874
carry,geolife,038/20090718083524/0#2,loose,600,0.2680541256067069
carry,geolife,038/20090718083524/0#3,reversed,600,0.2646712751875276
carry,geolife,068/20090803220235/5#0,tight,120,0.8034962474830679
carry,geolife,068/20090803220235/5#1,tight,60,1.986545853926414
carry,geolife,068/20090803220235/5#2,loose,15,8.890078711330771
carry,geolife,068/20090803220235/5#3,reversed,600,0.1641954969796815
carry,geolife,153/20081128013459/0#0,tight,15,5.616960907944515
carry,geolife,153/20081128013459/0#1,tight,180,0.45176544766708704
carry,geolife,153/20081128013459/0#2,loose,15,13.107503152585119
carry,geolife,153/20081128013459/0#3,reversed,600,0.22414880201765447
carry,geolife,039/20090601063429/0#0,tight,5,170.3604221635884
carry,geolife,039/20090601063429/0#1,tight,600,0.5060686015831135
carry,geolife,039/20090601063429/0#2,loose,600,0.5060686015831135
carry,geolife,039/20090601063429/0#3,reversed,600,0.5060686015831135
carry,geolife,022/20090609232837/1#0,tight,600,0.43034925732637497
carry,geolife,022/20090609232837/1#1,tight,600,0.4347651545564031
carry,geolife,022/20090609232837/1#2,loose,600,0.43918105178643113
carry,geolife,022/20090609232837/1#3,reversed,600,0.43918105178643113
carry,geolife,064/20080829093306/5#0,tight,600,0.14160525791674966
carry,geolife,064/20080829093306/5#1,tight,600,0.14160525791674966
carry,geolife,064/20080829093306/5#2,loose,600,0.14280023899621588
carry,geolife,064/20080829093306/5#3,reversed,600,0.14160525791674966
carry,geolife,153/20100219023328/2#0,tight,60,1.7605548854041013
carry,geolife,153/20100219023328/2#1,tight,10,9.673013958297432
carry,geolife,153/20100219023328/2#2,loose,60,1.9509736343270723
carry,geolife,153/20100219023328/2#3,reversed,600,0.15457521971394106
carry,geolife,163/20120123140507/3#0,tight,600,0.4527622818067302
carry,geolife,163/20120123140507/3#1,tight,5,89.40507468058304
carry,geolife,163/20120123140507/3#2,loose,600,0.4527622818067302
carry,geolife,163/20120123140507/3#3,reversed,600,0.4527622818067302
carry,geolife,127/20081005084409/0#0,tight,60,3.953883495145631
carry,geolife,127/20081005084409/0#1,tight,30,7.986823855755895
carry,geolife,127/20081005084409/0#2,loose,300,0.7923023578363384
carry,geolife,127/20081005084409/0#3,reversed,600,0.37552011095700416
carry,geolife,018/20081115022731/2#0,tight,10,61.19463087248322
carry,geolife,018/20081115022731/2#1,tight,180,2.62823585810163
carry,geolife,018/20081115022731/2#2,loose,600,0.7761265580057526
carry,geolife,018/20081115022731/2#3,reversed,600,0.7761265580057526
carry,geolife,144/20090626000502/1#0,tight,600,0.355599603567889
carry,geolife,144/20090626000502/1#1,tight,600,0.355599603567889
carry,geolife,144/20090626000502/1#2,loose,600,0.355599603567889
carry,geolife,144/20090626000502/1#3,reversed,600,0.3680872150644202
carry,geolife,025/20090605112034/0#0,tight,60,3.037877189280439
carry,geolife,025/20090605112034/0#1,tight,180,0.7207216712386579
carry,geolife,025/20090605112034/0#2,loose,600,0.22736864317366534
carry,geolife,025/20090605112034/0#3,reversed,600,0.23834142224097912
carry,geolife,020/20110912053207/0#0,tight,600,0.17869034406215317
carry,geolife,020/20110912053207/0#1,tight,600,0.17671722777161178
carry,geolife,020/20110912053207/0#2,loose,600,0.17671722777161178
carry,geolife,020/20110912053207/0#3,reversed,600,0.17869034406215317
carry,geolife,167/20080328095216/3#0,tight,600,4.182962245885769
carry,geolife,167/20080328095216/3#1,tight,600,4.291384317521781
carry,geolife,167/20080328095216/3#2,loose,600,4.182962245885769
carry,geolife,167/20080328095216/3#3,reversed,600,4.182962245885769
carry,geolife,163/20101227001934/2#0,tight,60,3.6722600943890926
carry,geolife,163/20101227001934/2#1,tight,60,3.717357105401154
carry,geolife,163/20101227001934/2#2,loose,300,0.7682223387519664
carry,geolife,163/20101227001934/2#3,reversed,120,1.8054535920293655
carry,geolife,085/20080521095404/2#0,tight,600,0.22178870027869269
carry,geolife,085/20080521095404/2#1,tight,600,0.21895110210286292
carry,geolife,085/20080521095404/2#2,loose,600,0.21895110210286292
carry,geolife,085/20080521095404/2#3,reversed,120,1.2769698505193818
carry,geolife,035/20090406205936/3#0,tight,600,0.3114323258869908
carry,geolife,035/20090406205936/3#1,tight,300,0.6346911957950065
carry,geolife,035/20090406205936/3#2,loose,15,20.86771791502409
carry,geolife,035/20090406205936/3#3,reversed,600,0.3114323258869908
carry,geolife,144/20090626000502/3#0,tight,600,0.36614888037119225
carry,geolife,144/20090626000502/3#1,tight,600,0.3619124470445834
carry,geolife,144/20090626000502/3#2,loose,600,0.3619124470445834
carry,geolife,144/20090626000502/3#3,reversed,600,0.36614888037119225
carry,geolife,002/20081121002520/0#0,tight,300,0.9610169491525423
carry,geolife,002/20081121002520/0#1,tight,300,0.9494350282485876
carry,geolife,002/20081121002520/0#2,loose,300,0.926271186440678
carry,geolife,002/20081121002520/0#3,reversed,600,0.5127118644067796
carry,geolife,002/20081120001650/1#0,tight,60,5.895966029723992
carry,geolife,002/20081120001650/1#1,tight,300,0.9150743099787686
carry,geolife,002/20081120001650/1#2,loose,600,0.45520169851380043
carry,geolife,002/20081120001650/1#3,reversed,600,0.45520169851380043
carry,geolife,163/20111128102238/0#0,tight,60,2.7554101660795167
carry,geolife,163/20111128102238/0#1,tight,15,14.321590337191747
carry,geolife,163/20111128102238/0#2,loose,15,13.725717161550076
carry,geolife,163/20111128102238/0#3,reversed,15,11.640161046804227
carry,geolife,028/20090202091806/0#0,tight,30,8.034449339207049
carry,geolife,028/20090202091806/0#1,tight,120,2.3394713656387665
carry,geolife,028/20090202091806/0#2,loose,60,4.209162995594713
carry,geolife,028/20090202091806/0#3,reversed,600,0.3955066079295154
carry,geolife,057/20070805013330/5#0,tight,60,19.311030741410487
carry,geolife,057/20070805013330/5#1,tight,120,9.288125376732971
carry,geolife,057/20070805013330/5#2,loose,120,9.524412296564195
carry,geolife,057/20070805013330/5#3,reversed,600,1.8426763110307414
carry,geolife,017/20081224073039/0#0,tight,15,17.677048922447696
carry,geolife,017/20081224073039/0#1,tight,60,3.353940537989618
carry,geolife,017/20081224073039/0#2,loose,300,0.6309579990561586
carry,geolife,017/20081224073039/0#3,reversed,600,0.35126632059147395
carry,geolife,004/20090212050308/0#0,tight,120,3.0392055978596417
carry,geolife,004/20090212050308/0#1,tight,180,1.5219180901420046
carry,geolife,004/20090212050308/0#2,loose,600,0.4817863757974892
carry,geolife,004/20090212050308/0#3,reversed,600,0.5006174109899156
carry,geolife,038/20090718083524/1#0,tight,30,3.7530044275774825
carry,geolife,038/20090718083524/1#1,tight,120,0.9326375711574952
carry,geolife,038/20090718083524/1#2,loose,120,1.0379506641366223
carry,geolife,038/20090718083524/1#3,reversed,600,0.19133459835547123
carry,geolife,084/20090501035037/0#0,tight,30,7.934672206832872
carry,geolife,084/20090501035037/0#1,tight,30,8.739843028624191
carry,geolife,084/20090501035037/0#2,loose,600,0.41412742382271467
carry,geolife,084/20090501035037/0#3,reversed,600,0.42382271468144045
carry,geolife,041/20090507094211/0#0,tight,30,5.666165413533834
carry,geolife,041/20090507094211/0#1,tight,180,0.9097744360902256
carry,geolife,041/20090507094211/0#2,loose,180,0.9413533834586466
carry,geolife,041/20090507094211/0#3,reversed,600,0.3593984962406015
carry,geolife,128/20100731081206/0#0,tight,120,1.1770666666666667
carry,geolife,128/20100731081206/0#1,tight,30,5.784
carry,geolife,128/20100731081206/0#2,loose,30,6.1392
carry,geolife,128/20100731081206/0#3,reversed,120,1.1632
carry,geolife,003/20090311214808/3#0,tight,180,1.3028132992327366
carry,geolife,003/20090311214808/3#1,tight,300,0.732992327365729
carry,geolife,003/20090311214808/3#2,loose,60,3.9217391304347826
carry,geolife,003/20090311214808/3#3,reversed,600,0.3636828644501279
carry,geolife,115/20070521103907/0#0,tight,600,1.6721120186697782
carry,geolife,115/20070521103907/0#1,tight,600,1.6721120186697782
carry,geolife,115/20070521103907/0#2,loose,60,21.697782963827304
carry,geolife,115/20070521103907/0#3,reversed,600,1.7467911318553093
carry,geolife,030/20090616103630/4#0,tight,60,2.713223579394583
carry,geolife,030/20090616103630/4#1,tight,300,0.5751460435475305
carry,geolife,030/20090616103630/4#2,loose,180,0.997344662772172
carry,geolife,030/20090616103630/4#3,reversed,180,0.9527349973446628
carry,geolife,001/20081025231428/3#0,tight,600,0.35402906208718626
carry,geolife,001/20081025231428/3#1,tight,600,0.35402906208718626
carry,geolife,001/20081025231428/3#2,loose,600,0.35766182298546895
carry,geolife,001/20081025231428/3#3,reversed,600,0.36129458388375163
carry,geolife,025/20081227053536/0#0,tight,180,0.899641577060932
carry,geolife,025/20081227053536/0#1,tight,300,0.48632333521976984
carry,geolife,025/20081227053536/0#2,loose,60,3.316921335597057
carry,geolife,025/20081227053536/0#3,reversed,600,0.2733446519524618
carry,geolife,077/20090920104403/0#0,tight,300,1.3736600306278715
carry,geolife,077/20090920104403/0#1,tight,600,0.8208269525267994
carry,geolife,077/20090920104403/0#2,loose,600,0.8208269525267994
carry,geolife,077/20090920104403/0#3,reversed,600,0.8208269525267994
carry,geolife,115/20080615225707/0#0,tight,60,2.1607054148037754
carry,geolife,115/20080615225707/0#1,tight,600,0.20831263454214274
carry,geolife,115/20080615225707/0#2,loose,600,0.21344593475741017
carry,geolife,115/20080615225707/0#3,reversed,15,8.402632886239443
carry,geolife,168/20110705223734/1#0,tight,60,4.670738001032169
carry,geolife,168/20110705223734/1#1,tight,180,0.962268478697173
carry,geolife,168/20110705223734/1#2,loose,120,1.4790412294282929
carry,geolife,168/20110705223734/1#3,reversed,600,0.25098916222260453
carry,geolife,004/20090525065608/0#0,tight,60,3.573587385019711
carry,geolife,004/20090525065608/0#1,tight,60,3.443495400788436
carry,geolife,004/20090525065608/0#2,loose,180,1.3028909329829172
carry,geolife,004/20090525065608/0#3,reversed,600,0.4671484888304862
carry,geolife,017/20081224073039/1#0,tight,30,23.006108374384237
carry,geolife,017/20081224073039/1#1,tight,15,55.1912315270936
carry,geolife,017/20081224073039/1#2,loose,10,35.930935960591135
carry,geolife,017/20081224073039/1#3,reversed,600,0.4672906403940887
carry,geolife,068/20090803220235/1#0,tight,180,0.5817120622568094
carry,geolife,068/20090803220235/1#1,tight,15,7.280155642023346
carry,geolife,068/20090803220235/1#2,loose,30,4.407587548638133
carry,geolife,068/20090803220235/1#3,reversed,180,0.5885214007782101
carry,geolife,100/20110809143636/1#0,tight,120,0.5453139217470427
carry,geolife,100/20110809143636/1#1,tight,180,0.36960873521383075
carry,geolife,100/20110809143636/1#2,loose,120,0.5522292993630573
carry,geolife,100/20110809143636/1#3,reversed,0,nan
carry,geolife,003/20090512013109/3#0,tight,120,1.4159001314060446
carry,geolife,003/20090512013109/3#1,tight,60,2.9494086727989486
carry,geolife,003/20090512013109/3#2,loose,30,6.104467805519054
carry,geolife,003/20090512013109/3#3,reversed,600,0.4671484888304862
carry,geolife,163/20120203092537/0#0,tight,60,3.5698263386396527
carry,geolife,163/20120203092537/0#1,tight,600,0.3878437047756874
carry,geolife,163/20120203092537/0#2,loose,60,4.896888567293777
carry,geolife,163/20120203092537/0#3,reversed,600,0.3878437047756874
carry,geolife,163/20120202205453/0#0,tight,60,2.860237235688499
carry,geolife,163/20120202205453/0#1,tight,5,41.08406395048994
carry,geolife,163/20120202205453/0#2,loose,5,58.40175348117587
carry,geolife,163/20120202205453/0#3,reversed,600,0.3666838576585869
carry,geolife,161/20070417130153/0#0,tight,120,2.7818877551020407
carry,geolife,161/20070417130153/0#1,tight,120,2.8482142857142856
carry,geolife,161/20070417130153/0#2,loose,600,0.9221938775510204
carry,geolife,161/20070417130153/0#3,reversed,600,0.9068877551020408
carry,geolife,163/20111212201200/0#0,tight,600,0.34133461353816613
carry,geolife,163/20111212201200/0#1,tight,5,54.38166106577052
carry,geolife,163/20111212201200/0#2,loose,30,7.71243398943831
carry,geolife,163/20111212201200/0#3,reversed,600,0.3442150744119059
carry,geolife,003/20090311214808/5#0,tight,180,1.2123115577889447
carry,geolife,003/20090311214808/5#1,tight,60,3.8816582914572866
carry,geolife,003/20090311214808/5#2,loose,60,3.4394472361809045
carry,geolife,003/20090311214808/5#3,reversed,600,0.364070351758794
carry,geolife,026/20090408040922/2#0,tight,600,0.3856115107913669
carry,geolife,026/20090408040922/2#1,tight,600,0.3856115107913669
carry,geolife,026/20090408040922/2#2,loose,600,0.3856115107913669
carry,geolife,026/20090408040922/2#3,reversed,600,0.3856115107913669
carry,geolife,163/20120227081137/0#0,tight,600,0.44449950445986125
carry,geolife,163/20120227081137/0#1,tight,15,17.177898909811695
carry,geolife,163/20120227081137/0#2,loose,15,28.057730426164518
carry,geolife,163/20120227081137/0#3,reversed,600,0.45490584737363726
carry,geolife,003/20090403011657/25#0,tight,600,0.4880304678998912
carry,geolife,003/20090403011657/25#1,tight,600,0.5051686615886833
carry,geolife,003/20090403011657/25#2,loose,600,0.4880304678998912
carry,geolife,003/20090403011657/25#3,reversed,600,0.49374319912948855
carry,geolife,016/20081117000735/0#0,tight,30,5.284604176784847
carry,geolife,016/20081117000735/0#1,tight,60,2.6935405536668284
carry,geolife,016/20081117000735/0#2,loose,180,0.9630888780961632
carry,geolife,016/20081117000735/0#3,reversed,600,0.34822729480330256
carry,geolife,158/20090207092106/1#0,tight,10,69.87043795620438
carry,geolife,158/20090207092106/1#1,tight,120,1.7807612095933263
carry,geolife,158/20090207092106/1#2,loose,15,23.877215849843587
carry,geolife,158/20090207092106/1#3,reversed,600,0.37356621480709074
carry,geolife,003/20090403011657/1#0,tight,60,4.170601999574559
carry,geolife,003/20090403011657/1#1,tight,600,0.39948947032546267
carry,geolife,003/20090403011657/1#2,loose,15,23.145926398638586
carry,geolife,003/20090403011657/1#3,reversed,600,0.395022335673261
carry,geolife,146/20070809011153/0#0,tight,120,8.57193816884661
carry,geolife,146/20070809011153/0#1,tight,30,35.30439952437575
carry,geolife,146/20070809011153/0#2,loose,180,5.85731272294887
carry,geolife,146/20070809011153/0#3,reversed,600,1.741973840665874
carry,geolife,140/20090715205831/0#0,tight,600,0.23616600790513834
carry,geolife,140/20090715205831/0#1,tight,600,0.2341897233201581
carry,geolife,140/20090715205831/0#2,loose,15,9.834321475625824
carry,geolife,140/20090715205831/0#3,reversed,600,0.2341897233201581
carry,geolife,153/20081014101454/0#0,tight,60,2.6962875744562957
carry,geolife,153/20081014101454/0#1,tight,180,0.7652721983654246
carry,geolife,153/20081014101454/0#2,loose,300,0.42990718936140737
carry,geolife,153/20081014101454/0#3,reversed,600,0.23562820335226486
carry,geolife,030/20090411052404/0#0,tight,60,2.0173272256522603
carry,geolife,030/20090411052404/0#1,tight,120,1.056960764787891
carry,geolife,030/20090411052404/0#2,loose,60,2.304321848237403
carry,geolife,030/20090411052404/0#3,reversed,5,30.2212706632145
carry,geolife,153/20080831022805/0#0,tight,15,7.570668336202849
carry,geolife,153/20080831022805/0#1,tight,60,1.6054155579902958
carry,geolife,153/20080831022805/0#2,loose,60,2.0392862732822037
carry,geolife,153/20080831022805/0#3,reversed,600,0.1677883862889341
carry,geolife,030/20090315183721/0#0,tight,300,0.4011627906976744
carry,geolife,030/20090315183721/0#1,tight,180,0.6038205980066446
carry,geolife,030/20090315183721/0#2,loose,120,0.9191583610188261
carry,geolife,030/20090315183721/0#3,reversed,600,0.19684385382059802
carry,geolife,039/20090325235637/0#0,tight,300,0.6343514829570607
carry,geolife,039/20090325235637/0#1,tight,300,0.6485170429393537
carry,geolife,039/20090325235637/0#2,loose,300,0.6414342629482072
carry,geolife,039/20090325235637/0#3,reversed,600,0.3147410358565737
carry,geolife,179/20080907070424/0#0,tight,600,0.21033776867963153
carry,geolife,179/20080907070424/0#1,tight,180,0.6946190963591168
carry,geolife,179/20080907070424/0#2,loose,600,0.21296973241702002
carry,geolife,179/20080907070424/0#3,reversed,120,1.2379733879222108
carry,geolife,128/20091111131003/0#0,tight,180,1.1952135147817926
carry,geolife,128/20091111131003/0#1,tight,30,6.8704833411543875
carry,geolife,128/20091111131003/0#2,loose,60,4.013608634443923
carry,geolife,128/20091111131003/0#3,reversed,180,1.1806663538244955
carry,geolife,167/20080529012053/0#0,tight,180,0.3876819020291043
carry,geolife,167/20080529012053/0#1,tight,120,0.5683541709366674
carry,geolife,167/20080529012053/0#2,loose,120,0.5683541709366674
carry,geolife,167/20080529012053/0#3,reversed,600,0.11098585775773724
carry,geolife,034/20090709011424/0#0,tight,600,0.9355263157894737
carry,geolife,034/20090709011424/0#1,tight,600,0.9355263157894737
carry,geolife,034/20090709011424/0#2,loose,600,0.9355263157894737
carry,geolife,034/20090709011424/0#3,reversed,600,0.9355263157894737
carry,geolife,068/20090315235133/0#0,tight,120,0.7272176197211558
carry,geolife,068/20090315235133/0#1,tight,30,2.9575671852899577
carry,geolife,068/20090315235133/0#2,loose,60,1.6411396241664984
carry,geolife,068/20090315235133/0#3,reversed,180,0.5083855324307941
carry,geolife,030/20090704011100/5#0,tight,300,0.730794701986755
carry,geolife,030/20090704011100/5#1,tight,15,14.560596026490066
carry,geolife,030/20090704011100/5#2,loose,300,0.7566225165562914
carry,geolife,030/20090704011100/5#3,reversed,600,0.3586092715231788
carry,geolife,144/20090920052628/1#0,tight,60,3.680052450417964
carry,geolife,144/20090920052628/1#1,tight,120,1.8451073594492706
carry,geolife,144/20090920052628/1#2,loose,600,0.35322078347811836
carry,geolife,144/20090920052628/1#3,reversed,600,0.3660055728569087
carry,geolife,022/20090723013354/5#0,tight,180,1.4201561391057487
carry,geolife,022/20090723013354/5#1,tight,600,0.4237047551454933
carry,geolife,022/20090723013354/5#2,loose,120,2.1866572036905607
carry,geolife,022/20090723013354/5#3,reversed,180,1.5990063875088716
carry,geolife,128/20101011101027/0#0,tight,300,0.5734293717486995
carry,geolife,128/20101011101027/0#1,tight,120,1.295718287314926
carry,geolife,128/20101011101027/0#2,loose,300,0.5798319327731093
carry,geolife,128/20101011101027/0#3,reversed,600,0.28691476590636256
carry,geolife,144/20081023145509/0#0,tight,30,4.890736949846469
carry,geolife,144/20081023145509/0#1,tight,120,1.0785568065506652
carry,geolife,144/20081023145509/0#2,loose,120,1.0655066530194472
carry,geolife,144/20081023145509/0#3,reversed,600,0.2743091095189355
carry,geolife,139/20071007071223/0#0,tight,120,10.362068965517242
carry,geolife,139/20071007071223/0#1,tight,300,4.133620689655173
carry,geolife,139/20071007071223/0#2,loose,600,2.0589080459770117
carry,geolife,139/20071007071223/0#3,reversed,600,2.1048850574712645
carry,geolife,140/20090826225534/0#0,tight,60,1.7923476968796435
carry,geolife,140/20090826225534/0#1,tight,0,nan
carry,geolife,140/20090826225534/0#2,loose,5,34.99888558692422
carry,geolife,140/20090826225534/0#3,reversed,600,0.26411589895988113
carry,geolife,163/20110213032352/1#0,tight,180,0.8003855215249518
carry,geolife,163/20110213032352/1#1,tight,180,0.7708288712786464
carry,geolife,163/20110213032352/1#2,loose,30,6.041764831869779
carry,geolife,163/20110213032352/1#3,reversed,600,0.22959948597130006
carry,geolife,004/20090425024714/4#0,tight,180,1.565519984092265
carry,geolife,004/20090425024714/4#1,tight,600,0.5126267647643666
carry,geolife,004/20090425024714/4#2,loose,600,0.5126267647643666
carry,geolife,004/20090425024714/4#3,reversed,300,0.9795187910121297
carry,geolife,144/20080501010943/0#0,tight,120,1.2757763975155278
carry,geolife,144/20080501010943/0#1,tight,5,172.35969634230503
carry,geolife,144/20080501010943/0#2,loose,30,5.052173913043478
carry,geolife,144/20080501010943/0#3,reversed,600,0.2210259949390384
carry,geolife,056/20080516053629/1#0,tight,300,0.3270024772914946
carry,geolife,056/20080516053629/1#1,tight,180,0.5727497935590421
carry,geolife,056/20080516053629/1#2,loose,15,10.867795210569778
carry,geolife,056/20080516053629/1#3,reversed,600,0.1800990916597853
carry,geolife,153/20091208234922/0#0,tight,180,0.928388746803069
carry,geolife,153/20091208234922/0#1,tight,180,0.9176470588235294
carry,geolife,153/20091208234922/0#2,loose,600,0.3636828644501279
carry,geolife,153/20091208234922/0#3,reversed,600,0.3667519181585678
carry,geolife,138/20070621110544/0#0,tight,120,6.253365973072215
carry,geolife,138/20070621110544/0#1,tight,180,4.013463892288861
carry,geolife,138/20070621110544/0#2,loose,600,1.3255813953488371
carry,geolife,138/20070621110544/0#3,reversed,600,1.3121175030599754
carry,geolife,028/20090131032403/2#0,tight,15,7.37017812905509
carry,geolife,028/20090131032403/2#1,tight,0,nan
carry,geolife,028/20090131032403/2#2,loose,30,4.581219771145452
carry,geolife,028/20090131032403/2#3,reversed,600,0.16904565294325824
carry,geolife,138/20070604015239/0#0,tight,60,6.641185647425897
carry,geolife,138/20070604015239/0#1,tight,600,0.8361934477379095
carry,geolife,138/20070604015239/0#2,loose,60,7.6801872074882995
carry,geolife,138/20070604015239/0#3,reversed,600,0.8361934477379095
carry,geolife,022/20090609232837/9#0,tight,600,0.42155437065761836
carry,geolife,022/20090609232837/9#1,tight,600,0.41153659718856034
carry,geolife,022/20090609232837/9#2,loose,600,0.4165454839230894
carry,geolife,022/20090609232837/9#3,reversed,600,0.42155437065761836
carry,geolife,003/20090610062438/0#0,tight,30,5.993488876831253
carry,geolife,003/20090610062438/0#1,tight,30,5.709169831795985
carry,geolife,003/20090610062438/0#2,loose,30,9.476397178513293
carry,geolife,003/20090610062438/0#3,reversed,600,0.38578404774823655
carry,geolife,085/20081102030158/1#0,tight,600,0.22260430994956443
carry,geolife,085/20081102030158/1#1,tight,600,0.2198532783127006
carry,geolife,085/20081102030158/1#2,loose,600,0.22260430994956443
carry,geolife,085/20081102030158/1#3,reversed,600,0.23911049977074736
carry,geolife,068/20081021003906/2#0,tight,30,5.71432740005836
carry,geolife,068/20081021003906/2#1,tight,30,4.266530493142691
carry,geolife,068/20081021003906/2#2,loose,600,0.18896994455792238
carry,geolife,068/20081021003906/2#3,reversed,60,3.1869857017799825
carry,geolife,163/20120721125754/1#0,tight,180,0.9906129210381005
carry,geolife,163/20120721125754/1#1,tight,120,1.4406405300938707
carry,geolife,163/20120721125754/1#2,loose,120,1.5091109884041967
carry,geolife,163/20120721125754/1#3,reversed,600,0.39260077305356156
carry,geolife,163/20080614015440/1#0,tight,180,5.739015817223199
carry,geolife,163/20080614015440/1#1,tight,0,nan
carry,geolife,163/20080614015440/1#2,loose,300,3.243409490333919
carry,geolife,163/20080614015440/1#3,reversed,600,1.5949033391915641
carry,geolife,153/20111007103104/0#0,tight,15,4.1485536475740465
carry,geolife,153/20111007103104/0#1,tight,30,2.0017287080788293
carry,geolife,153/20111007103104/0#2,loose,15,6.0197072720986515
carry,geolife,153/20111007103104/0#3,reversed,600,0.0819407629364988
carry,geolife,039/20090408001235/0#0,tight,5,272.6912554958476
carry,geolife,039/20090408001235/0#1,tight,600,0.3593877218694024
carry,geolife,039/20090408001235/0#2,loose,600,0.3509200455951799
carry,geolife,039/20090408001235/0#3,reversed,600,0.3593877218694024
carry,geolife,096/20080907113058/4#0,tight,600,0.2168121947609886
carry,geolife,096/20080907113058/4#1,tight,600,0.21207636525085097
carry,geolife,096/20080907113058/4#2,loose,600,0.21444428000591978
carry,geolife,096/20080907113058/4#3,reversed,600,0.21444428000591978
carry,geolife,014/20081126035012/0#0,tight,10,9.560689655172414
carry,geolife,014/20081126035012/0#1,tight,60,1.5093103448275862
carry,geolife,014/20081126035012/0#2,loose,60,1.7603448275862068
carry,geolife,014/20081126035012/0#3,reversed,600,0.24517241379310345
carry,geolife,002/20081104111530/0#0,tight,120,2.1991558543067065
carry,geolife,002/20081104111530/0#1,tight,30,10.673753321869626
carry,geolife,002/20081104111530/0#2,loose,60,5.244802251055182
carry,geolife,002/20081104111530/0#3,reversed,600,0.4778802563701735
carry,geolife,163/20080430122452/0#0,tight,10,12.80648720211827
carry,geolife,163/20080430122452/0#1,tight,120,0.6586496028243601
carry,geolife,163/20080430122452/0#2,loose,15,11.916372462488967
carry,geolife,163/20080430122452/0#3,reversed,600,0.15688437775816416
carry,geolife,073/20080821134955/0#0,tight,120,0.6841279799247177
carry,geolife,073/20080821134955/0#1,tight,300,0.34316185696361357
carry,geolife,073/20080821134955/0#2,loose,600,0.2267879548306148
carry,geolife,073/20080821134955/0#3,reversed,600,0.22302383939774154
carry,geolife,125/20080820011704/3#0,tight,600,0.4126523505513639
carry,geolife,125/20080820011704/3#1,tight,600,0.4126523505513639
carry,geolife,125/20080820011704/3#2,loose,600,0.4126523505513639
carry,geolife,125/20080820011704/3#3,reversed,600,0.4126523505513639
carry,geolife,065/20110926103233/0#0,tight,600,0.3192635832959138
carry,geolife,065/20110926103233/0#1,tight,600,0.3192635832959138
carry,geolife,065/20110926103233/0#2,loose,30,3.9896722047597666
carry,geolife,065/20110926103233/0#3,reversed,600,0.3192635832959138
carry,geolife,153/20090307051006/2#0,tight,180,1.0129870129870129
carry,geolife,153/20090307051006/2#1,tight,600,0.40146809712027104
carry,geolife,153/20090307051006/2#2,loose,600,0.40146809712027104
carry,geolife,153/20090307051006/2#3,reversed,60,2.712591756070017
carry,geolife,067/20110414110059/0#0,tight,300,0.3753886010362694
carry,geolife,067/20110414110059/0#1,tight,180,0.5582901554404145
carry,geolife,067/20110414110059/0#2,loose,600,0.18419689119170984
carry,geolife,067/20110414110059/0#3,reversed,30,3.250259067357513
carry,geolife,078/20080822132300/0#0,tight,600,0.13680969790263614
carry,geolife,078/20080822132300/0#1,tight,300,0.27573600153934963
carry,geolife,078/20080822132300/0#2,loose,600,0.13796421012122378
carry,geolife,078/20080822132300/0#3,reversed,15,5.787377333076775
carry,geolife,068/20090417233759/2#0,tight,180,0.7476579799012093
carry,geolife,068/20090417233759/2#1,tight,30,4.3925225685573155
carry,geolife,068/20090417233759/2#2,loose,600,0.21427354794753875
carry,geolife,068/20090417233759/2#3,reversed,30,10.091040708567535
carry,geolife,009/20081030000923/1#0,tight,600,0.3676268861454047
carry,geolife,009/20081030000923/1#1,tight,300,0.6296296296296297
carry,geolife,009/20081030000923/1#2,loose,600,0.3713991769547325
carry,geolife,009/20081030000923/1#3,reversed,600,0.3713991769547325
carry,geolife,034/20090415104743/1#0,tight,600,1.4725274725274726
carry,geolife,034/20090415104743/1#1,tight,600,1.4725274725274726
carry,geolife,034/20090415104743/1#2,loose,600,1.4876373626373627
carry,geolife,034/20090415104743/1#3,reversed,600,1.4876373626373627
carry,geolife,000/20090511174427/0#0,tight,120,1.6036329762459245
carry,geolife,000/20090511174427/0#1,tight,30,7.793199813693525
carry,geolife,000/20090511174427/0#2,loose,60,3.3814625058220775
carry,geolife,000/20090511174427/0#3,reversed,300,0.6674429436422916
carry,geolife,084/20081105235106/0#0,tight,120,2.5442862104897532
carry,geolife,084/20081105235106/0#1,tight,600,0.4273474586083131
carry,geolife,084/20081105235106/0#2,loose,600,0.4166956119022809
carry,geolife,084/20081105235106/0#3,reversed,600,0.42202153525529695
carry,geolife,017/20090203055237/0#0,tight,600,0.11045518098493087
carry,geolife,017/20090203055237/0#1,tight,10,8.853658536585366
carry,geolife,017/20090203055237/0#2,loose,30,3.8342395525866086
carry,geolife,017/20090203055237/0#3,reversed,600,0.11045518098493087
carry,geolife,004/20090505195336/2#0,tight,120,2.1241202815099167
carry,geolife,004/20090505195336/2#1,tight,600,0.45489443378119004
carry,geolife,004/20090505195336/2#2,loose,600,0.45489443378119004
carry,geolife,004/20090505195336/2#3,reversed,60,4.023032629558541
carry,geolife,002/20081113001901/4#0,tight,600,0.5119506553585197
carry,geolife,002/20081113001901/4#1,tight,600,0.5119506553585197
carry,geolife,002/20081113001901/4#2,loose,600,0.4993060909791827
carry,geolife,002/20081113001901/4#3,reversed,600,0.5245952197378566
carry,geolife,068/20090226235204/0#0,tight,120,0.8616371889184536
carry,geolife,068/20090226235204/0#1,tight,300,0.3413679762091094
carry,geolife,068/20090226235204/0#2,loose,30,3.840507121615276
carry,geolife,068/20090226235204/0#3,reversed,600,0.1677883862889341
carry,geolife,044/20090217231722/0#0,tight,15,44.339150668993604
carry,geolife,044/20090217231722/0#1,tight,10,73.53984874927283
carry,geolife,044/20090217231722/0#2,loose,600,0.41787861159588907
carry,geolife,044/20090217231722/0#3,reversed,600,0.41787861159588907
carry,geolife,062/20080620024528/0#0,tight,300,0.723132372214941
carry,geolife,062/20080620024528/0#1,tight,180,1.0609436435124509
carry,geolife,062/20080620024528/0#2,loose,180,1.1012450851900393
carry,geolife,062/20080620024528/0#3,reversed,600,0.35124508519003933
carry,geolife,057/20070805013330/3#0,tight,60,21.459312839059674
carry,geolife,057/20070805013330/3#1,tight,600,1.7775768535262206
carry,geolife,057/20070805013330/3#2,loose,180,6.105485232067511
carry,geolife,057/20070805013330/3#3,reversed,600,1.7341772151898733
carry,geolife,002/20081109233203/2#0,tight,600,0.4757636122177955
carry,geolife,002/20081109233203/2#1,tight,300,0.8353253652058433
carry,geolife,002/20081109233203/2#2,loose,180,1.4671314741035857
carry,geolife,002/20081109233203/2#3,reversed,600,0.4757636122177955
carry,geolife,011/20081214090347/0#0,tight,180,0.7569193742478941
carry,geolife,011/20081214090347/0#1,tight,600,0.213898916967509
carry,geolife,011/20081214090347/0#2,loose,120,1.1104091456077017
carry,geolife,011/20081214090347/0#3,reversed,600,0.213898916967509
carry,geolife,126/20081125014100/1#0,tight,60,1.4561611374407584
carry,geolife,126/20081125014100/1#1,tight,120,0.707345971563981
carry,geolife,126/20081125014100/1#2,loose,30,2.9713270142180095
carry,geolife,126/20081125014100/1#3,reversed,600,0.16990521327014219
carry,geolife,025/20090109023014/0#0,tight,120,1.473738062755798
carry,geolife,025/20090109023014/0#1,tight,180,0.9935197817189632
carry,geolife,025/20090109023014/0#2,loose,180,1.0180763983628922
carry,geolife,025/20090109023014/0#3,reversed,600,0.3656207366984993
carry,geolife,030/20090704011100/3#0,tight,600,0.41925516344120994
carry,geolife,030/20090704011100/3#1,tight,600,0.4091722231257115
carry,geolife,030/20090704011100/3#2,loose,600,0.4091722231257115
carry,geolife,030/20090704011100/3#3,reversed,600,0.4091722231257115
carry,geolife,115/20080909102047/0#0,tight,30,4.409718913768462
carry,geolife,115/20080909102047/0#1,tight,30,4.525011910433539
carry,geolife,115/20080909102047/0#2,loose,60,2.3468318246784183
carry,geolife,115/20080909102047/0#3,reversed,600,0.3415912339209147
carry,geolife,153/20120214075804/0#0,tight,30,4.507864028411974
carry,geolife,153/20120214075804/0#1,tight,60,2.2207001522070016
carry,geolife,153/20120214075804/0#2,loose,15,13.173515981735159
carry,geolife,153/20120214075804/0#3,reversed,600,0.3607305936073059
carry,geolife,115/20080610230940/0#0,tight,600,0.22876022655758338
carry,geolife,115/20080610230940/0#1,tight,30,9.375393329137822
carry,geolife,115/20080610230940/0#2,loose,15,21.908642752255087
carry,geolife,115/20080610230940/0#3,reversed,600,0.22603314453534717
carry,geolife,153/20081023000200/1#0,tight,120,0.8525227828406312
carry,geolife,153/20081023000200/1#1,tight,180,0.5751278061791509
carry,geolife,153/20081023000200/1#2,loose,600,0.199377639475439
carry,geolife,153/20081023000200/1#3,reversed,600,0.2017114914425428
carry,geolife,169/20100525005803/0#0,tight,10,16.758360843978757
carry,geolife,169/20100525005803/0#1,tight,30,3.3223051528634993
carry,geolife,169/20100525005803/0#2,loose,600,0.15465767188172816
carry,geolife,169/20100525005803/0#3,reversed,600,0.15465767188172816
carry,geolife,000/20090525093647/2#0,tight,600,0.4323412989297757
carry,geolife,000/20090525093647/2#1,tight,600,0.4428969359331476
carry,geolife,000/20090525093647/2#2,loose,600,0.4323412989297757
carry,geolife,000/20090525093647/2#3,reversed,600,0.4270634804280897
carry,geolife,163/20120717074204/0#0,tight,15,14.872864651773982
carry,geolife,163/20120717074204/0#1,tight,30,9.27496714848883
carry,geolife,163/20120717074204/0#2,loose,600,0.35216819973718794
carry,geolife,163/20120717074204/0#3,reversed,600,0.35578186596583444
carry,geolife,104/20081001193216/0#0,tight,120,5.675151515151515
carry,geolife,104/20081001193216/0#1,tight,600,1.2993939393939393
carry,geolife,104/20081001193216/0#2,loose,0,nan
carry,geolife,104/20081001193216/0#3,reversed,600,1.2993939393939393
carry,geolife,003/20090403011657/11#0,tight,600,0.34546769527483123
carry,geolife,003/20090403011657/11#1,tight,600,0.34546769527483123
carry,geolife,003/20090403011657/11#2,loose,600,0.3493249758919961
carry,geolife,003/20090403011657/11#3,reversed,600,0.3493249758919961
carry,geolife,029/20090113054251/1#0,tight,600,0.3706777316735823
carry,geolife,029/20090113054251/1#1,tight,600,0.3706777316735823
carry,geolife,029/20090113054251/1#2,loose,600,0.3706777316735823
carry,geolife,029/20090113054251/1#3,reversed,300,0.6203319502074689
carry,geolife,022/20090723013354/6#0,tight,120,2.349854791868345
carry,geolife,022/20090723013354/6#1,tight,600,0.42226524685382383
carry,geolife,022/20090723013354/6#2,loose,600,0.41723136495643753
carry,geolife,022/20090723013354/6#3,reversed,600,0.42226524685382383
carry,geolife,094/20070802235316/0#0,tight,300,1.7713226205191595
carry,geolife,094/20070802235316/0#1,tight,180,3.1483312731767614
carry,geolife,094/20070802235316/0#2,loose,120,4.562422744128554
carry,geolife,094/20070802235316/0#3,reversed,60,9.029666254635352
carry,geolife,088/20081011060634/0#0,tight,600,0.26666666666666666
carry,geolife,088/20081011060634/0#1,tight,60,2.6912935323383085
carry,geolife,088/20081011060634/0#2,loose,300,0.5490049751243781
carry,geolife,088/20081011060634/0#3,reversed,600,0.26940298507462684
carry,geolife,138/20070621110544/2#0,tight,300,1.300832342449465
carry,geolife,138/20070621110544/2#1,tight,180,2.1331747919143877
carry,geolife,138/20070621110544/2#2,loose,5,245.5564803804994
carry,geolife,138/20070621110544/2#3,reversed,600,0.845422116527943
carry,geolife,167/20081222152354/0#0,tight,120,1.6987836107554417
carry,geolife,167/20081222152354/0#1,tight,60,3.3261843790012806
carry,geolife,167/20081222152354/0#2,loose,600,0.34314980793854033
carry,geolife,167/20081222152354/0#3,reversed,600,0.3466709346991037
carry,geolife,062/20080804065458/0#0,tight,600,0.3058907026259759
carry,geolife,062/20080804065458/0#1,tight,600,0.31327182398864445
carry,geolife,062/20080804065458/0#2,loose,60,3.860468417317246
carry,geolife,062/20080804065458/0#3,reversed,600,0.31327182398864445
carry,geolife,163/20071129095918/0#0,tight,30,11.43872919818457
carry,geolife,163/20071129095918/0#1,tight,180,1.6497730711043872
carry,geolife,163/20071129095918/0#2,loose,300,1.083963691376702
carry,geolife,163/20071129095918/0#3,reversed,600,0.537821482602118
carry,geolife,039/20090514100638/3#0,tight,60,4.505404014410705
carry,geolife,039/20090514100638/3#1,tight,600,0.45822611082518444
carry,geolife,039/20090514100638/3#2,loose,600,0.4316349288042546
carry,geolife,039/20090514100638/3#3,reversed,600,0.4316349288042546
carry,geolife,125/20080820011704/5#0,tight,600,0.43173580346355217
carry,geolife,125/20080820011704/5#1,tight,600,0.43173580346355217
carry,geolife,125/20080820011704/5#2,loose,600,0.43173580346355217
carry,geolife,125/20080820011704/5#3,reversed,600,0.43173580346355217
carry,geolife,030/20090121005309/0#0,tight,30,4.847549276120705
carry,geolife,030/20090121005309/0#1,tight,180,0.6598639455782312
carry,geolife,030/20090121005309/0#2,loose,60,2.5374149659863945
carry,geolife,030/20090121005309/0#3,reversed,600,0.18890633176347463
carry,geolife,030/20090507012403/0#0,tight,600,0.2213574097135741
carry,geolife,030/20090507012403/0#1,tight,120,1.0080946450809465
carry,geolife,030/20090507012403/0#2,loose,30,6.86706102117061
carry,geolife,030/20090507012403/0#3,reversed,600,0.2213574097135741
carry,geolife,036/20090303022138/0#0,tight,30,17.340189160786668
carry,geolife,036/20090303022138/0#1,tight,180,1.7817144572886954
carry,geolife,036/20090303022138/0#2,loose,600,0.4861131962167843
carry,geolife,036/20090303022138/0#3,reversed,600,0.49842366011109446
carry,geolife,004/20090426215155/2#0,tight,10,20.415162454873645
carry,geolife,004/20090426215155/2#1,tight,30,5.684373388344508
carry,geolife,004/20090426215155/2#2,loose,600,0.3666838576585869
carry,geolife,004/20090426215155/2#3,reversed,600,0.3666838576585869
carry,geolife,033/20090111194652/1#0,tight,600,0.529210042865891
carry,geolife,033/20090111194652/1#1,tight,600,0.529210042865891
carry,geolife,033/20090111194652/1#2,loose,600,0.529210042865891
carry,geolife,033/20090111194652/1#3,reversed,600,0.5497856705450092
carry,geolife,043/20090313130324/1#0,tight,600,0.5430501488435997
carry,geolife,043/20090313130324/1#1,tight,30,11.335012594458439
carry,geolife,043/20090313130324/1#2,loose,600,0.5500343485230135
carry,geolife,043/20090313130324/1#3,reversed,60,5.619303869933593
carry,geolife,074/20120304233855/0#0,tight,60,1.0934691431995207
carry,geolife,074/20120304233855/0#1,tight,180,0.32334731376073494
carry,geolife,074/20120304233855/0#2,loose,600,0.10705012981825444
carry,geolife,074/20120304233855/0#3,reversed,180,0.3274415817855003
carry,geolife,144/20081008001307/1#0,tight,600,0.5688
carry,geolife,144/20081008001307/1#1,tight,600,0.5688
carry,geolife,144/20081008001307/1#2,loose,600,0.5736
carry,geolife,144/20081008001307/1#3,reversed,600,0.5688
carry,geolife,036/20090409012524/0#0,tight,60,2.846239554317549
carry,geolife,036/20090409012524/0#1,tight,60,2.9933147632311976
carry,geolife,036/20090409012524/0#2,loose,600,0.396100278551532
carry,geolife,036/20090409012524/0#3,reversed,600,0.396100278551532
carry,geolife,030/20090704011100/6#0,tight,30,7.811475409836065
carry,geolife,030/20090704011100/6#1,tight,600,0.3915300546448087
carry,geolife,030/20090704011100/6#2,loose,30,8.074590163934426
carry,geolife,030/20090704011100/6#3,reversed,600,0.3915300546448087
carry,geolife,128/20090503065236/0#0,tight,600,0.38187588152327223
carry,geolife,128/20090503065236/0#1,tight,120,1.8945698166431595
carry,geolife,128/20090503065236/0#2,loose,60,4.231664315937941
carry,geolife,128/20090503065236/0#3,reversed,600,0.38187588152327223
carry,geolife,036/20090305000001/1#0,tight,60,6.339413447782547
carry,geolife,036/20090305000001/1#1,tight,180,2.224964234620887
carry,geolife,036/20090305000001/1#2,loose,60,6.662732474964234
carry,geolife,036/20090305000001/1#3,reversed,600,0.6416309012875536
carry,geolife,167/20090128035001/0#0,tight,600,0.5312636641888937
carry,geolife,167/20090128035001/0#1,tight,60,4.905553126366419
carry,geolife,167/20090128035001/0#2,loose,600,0.5245591021716951
carry,geolife,167/20090128035001/0#3,reversed,600,0.544672788223291
carry,geolife,011/20081009110224/0#0,tight,300,0.6438075742067554
carry,geolife,011/20081009110224/0#1,tight,15,25.776100307062435
carry,geolife,011/20081009110224/0#2,loose,10,24.69779938587513
carry,geolife,011/20081009110224/0#3,reversed,600,0.36668372569089047
carry,geolife,003/20090306015529/3#0,tight,300,0.6801139060275273
carry,geolife,003/20090306015529/3#1,tight,120,1.4508780256288563
carry,geolife,003/20090306015529/3#2,loose,600,0.3374466065495966
carry,geolife,003/20090306015529/3#3,reversed,600,0.3374466065495966
carry,geolife,034/20090415104743/2#0,tight,10,8.947168300980588
carry,geolife,034/20090415104743/2#1,tight,600,0.14228537122273363
carry,geolife,034/20090415104743/2#2,loose,120,0.8491094656794076
carry,geolife,034/20090415104743/2#3,reversed,600,0.14228537122273363
carry,geolife,105/20071003020122/3#0,tight,60,22.499713795077277
carry,geolife,105/20071003020122/3#1,tight,60,23.101888952489983
carry,geolife,105/20071003020122/3#2,loose,600,2.2959358900973097
carry,geolife,105/20071003020122/3#3,reversed,600,2.2959358900973097
carry,geolife,025/20081219015021/0#0,tight,60,2.8090575275397796
carry,geolife,025/20081219015021/0#1,tight,30,5.354651162790698
carry,geolife,025/20081219015021/0#2,loose,300,0.5618115055079559
carry,geolife,025/20081219015021/0#3,reversed,600,0.32802937576499386
carry,geolife,004/20090425024714/6#0,tight,60,3.111740473738414
carry,geolife,004/20090425024714/6#1,tight,600,0.3771884654994851
carry,geolife,004/20090425024714/6#2,loose,60,3.033985581874356
carry,geolife,004/20090425024714/6#3,reversed,600,0.3730690010298661
carry,geolife,036/20090324003424/0#0,tight,300,0.6060436485730274
carry,geolife,036/20090324003424/0#1,tight,60,2.858981533296027
carry,geolife,036/20090324003424/0#2,loose,300,0.6060436485730274
carry,geolife,036/20090324003424/0#3,reversed,600,0.3978735310576385
carry,geolife,039/20090713113106/0#0,tight,60,4.084545454545455
carry,geolife,039/20090713113106/0#1,tight,180,1.3093939393939393
carry,geolife,039/20090713113106/0#2,loose,600,0.43424242424242426
carry,geolife,039/20090713113106/0#3,reversed,600,0.43424242424242426
carry,geolife,005/20081113070907/1#0,tight,60,4.727537119240778
carry,geolife,005/20081113070907/1#1,tight,600,0.4569110668911679
carry,geolife,005/20081113070907/1#2,loose,600,0.4514005816623297
carry,geolife,005/20081113070907/1#3,reversed,30,8.433491504668606
carry,geolife,025/20090421040907/1#0,tight,60,2.074043299635323
carry,geolife,025/20090421040907/1#1,tight,600,0.2046346304759267
carry,geolife,025/20090421040907/1#2,loose,30,5.36643124221022
carry,geolife,025/20090421040907/1#3,reversed,60,3.260167105202419
carry,geolife,036/20090409012524/1#0,tight,180,1.1177847113884556
carry,geolife,036/20090409012524/1#1,tight,120,1.7620904836193447
carry,geolife,036/20090409012524/1#2,loose,300,0.8447737909516381
carry,geolife,036/20090409012524/1#3,reversed,600,0.5592823712948518
carry,geolife,153/20110428143558/0#0,tight,5,30.7220109843684
carry,geolife,153/20110428143558/0#1,tight,30,2.908322771440642
carry,geolife,153/20110428143558/0#2,loose,10,12.806224475425996
carry,geolife,153/20110428143558/0#3,reversed,600,0.15096465286579355
carry,geolife,010/20080328144824/0#0,tight,120,9.94585635359116
carry,geolife,010/20080328144824/0#1,tight,30,55.11270718232044
carry,geolife,010/20080328144824/0#2,loose,180,6.706077348066298
carry,geolife,010/20080328144824/0#3,reversed,600,1.9823204419889502
carry,geolife,084/20090603103753/0#0,tight,60,3.2270186335403728
carry,geolife,084/20090603103753/0#1,tight,300,0.7015527950310559
carry,geolife,084/20090603103753/0#2,loose,30,10.924534161490683
carry,geolife,084/20090603103753/0#3,reversed,600,0.33291925465838507
carry,geolife,017/20081107000737/0#0,tight,120,1.1743869209809263
carry,geolife,017/20081107000737/0#1,tight,120,1.1885558583106266
carry,geolife,017/20081107000737/0#2,loose,600,0.3874659400544959
carry,geolife,017/20081107000737/0#3,reversed,60,2.1858310626703
carry,geolife,153/20080701104116/0#0,tight,300,0.574468085106383
carry,geolife,153/20080701104116/0#1,tight,300,0.5678973717146433
carry,geolife,153/20080701104116/0#2,loose,60,3.443366708385482
carry,geolife,153/20080701104116/0#3,reversed,600,0.3388610763454318
carry,geolife,126/20081002020652/2#0,tight,60,1.8206177893561593
carry,geolife,126/20081002020652/2#1,tight,180,0.5429847413472274
carry,geolife,126/20081002020652/2#2,loose,60,1.650911797543729
carry,geolife,126/20081002020652/2#3,reversed,600,0.1777695075052723
carry,geolife,153/20120405171958/0#0,tight,180,0.435920177383592
carry,geolife,153/20120405171958/0#1,tight,600,0.15846267553584628
carry,geolife,153/20120405171958/0#2,loose,60,1.7015521064301553
carry,geolife,153/20120405171958/0#3,reversed,600,0.15846267553584628
carry,geolife,174/20080111042937/3#0,tight,300,4.566717402333841
carry,geolife,174/20080111042937/3#1,tight,60,24.69457128361238
carry,geolife,174/20080111042937/3#2,loose,300,4.684424150177575
carry,geolife,174/20080111042937/3#3,reversed,600,2.334348046676814
carry,geolife,017/20081108071249/6#0,tight,600,0.1320250598857564
carry,geolife,017/20081108071249/6#1,tight,600,0.1320250598857564
carry,geolife,017/20081108071249/6#2,loose,30,2.9328358208955225
carry,geolife,017/20081108071249/6#3,reversed,600,0.13349917081260365
carry,geolife,153/20110920231522/0#0,tight,180,0.7253197566124425
carry,geolife,153/20110920231522/0#1,tight,600,0.22277412144542408
carry,geolife,153/20110920231522/0#2,loose,10,28.579287222153233
carry,geolife,153/20110920231522/0#3,reversed,600,0.22277412144542408
carry,geolife,128/20091031023330/0#0,tight,120,3.221498371335505
carry,geolife,128/20091031023330/0#1,tight,600,0.5920195439739414
carry,geolife,128/20091031023330/0#2,loose,600,0.5849619978284474
carry,geolife,128/20091031023330/0#3,reversed,600,0.6202497285559175
carry,geolife,167/20080509141128/0#0,tight,30,3.19142689371697
carry,geolife,167/20080509141128/0#1,tight,30,3.19142689371697
carry,geolife,167/20080509141128/0#2,loose,30,4.3329418672930125
carry,geolife,167/20080509141128/0#3,reversed,600,0.21197886083382267
carry,geolife,002/20081109233203/0#0,tight,180,1.520887055183084
carry,geolife,002/20081109233203/0#1,tight,120,2.147498710675606
carry,geolife,002/20081109233203/0#2,loose,180,1.5023207839092316
carry,geolife,002/20081109233203/0#3,reversed,600,0.5528623001547189
carry,geolife,153/20100719121558/0#0,tight,60,2.612719506407214
carry,geolife,153/20100719121558/0#1,tight,180,0.8514475557664927
carry,geolife,153/20100719121558/0#2,loose,120,1.4000949216896061
carry,geolife,153/20100719121558/0#3,reversed,5,34.31656383483626
carry,geolife,062/20081106093504/0#0,tight,600,0.2360557768924303
carry,geolife,062/20081106093504/0#1,tight,120,0.8764940239043825
carry,geolife,062/20081106093504/0#2,loose,60,1.9810756972111554
carry,geolife,062/20081106093504/0#3,reversed,600,0.2360557768924303
carry,geolife,017/20090607234645/3#0,tight,15,8.58081446819274
carry,geolife,017/20090607234645/3#1,tight,600,0.11477172125964336
carry,geolife,017/20090607234645/3#2,loose,120,0.5953585430631086
carry,geolife,017/20090607234645/3#3,reversed,600,0.11344378398887062
carry,geolife,125/20080820011704/2#0,tight,600,0.4126967018754042
carry,geolife,125/20080820011704/2#1,tight,600,0.40278077171804266
carry,geolife,125/20080820011704/2#2,loose,300,0.828734641086441
carry,geolife,125/20080820011704/2#3,reversed,600,0.41765466695408493
carry,geolife,135/20090103012134/0#0,tight,300,0.5486909022414768
carry,geolife,135/20090103012134/0#1,tight,60,2.6843096628366925
carry,geolife,135/20090103012134/0#2,loose,300,0.541909964211716
carry,geolife,135/20090103012134/0#3,reversed,30,5.369749482011678
carry,geolife,128/20090319113223/0#0,tight,120,1.3774427694025684
carry,geolife,128/20090319113223/0#1,tight,600,0.2696817420435511
carry,geolife,128/20090319113223/0#2,loose,180,0.97357156151126
carry,geolife,128/20090319113223/0#3,reversed,600,0.27563744649171784
carry,geolife,014/20081022004701/1#0,tight,30,4.458282582216809
carry,geolife,014/20081022004701/1#1,tight,180,0.7661388550548112
carry,geolife,014/20081022004701/1#2,loose,30,5.970462850182704
carry,geolife,014/20081022004701/1#3,reversed,5,31.348051157125457
carry,geolife,052/20080709212205/4#0,tight,120,2.1555271973201466
carry,geolife,052/20080709212205/4#1,tight,300,0.8733450311054395
carry,geolife,052/20080709212205/4#2,loose,600,0.4589248684000638
carry,geolife,052/20080709212205/4#3,reversed,600,0.4589248684000638
carry,geolife,128/20070506033305/2#0,tight,60,19.527067669172933
carry,geolife,128/20070506033305/2#1,tight,600,2.1902255639097743
carry,geolife,128/20070506033305/2#2,loose,600,2.2172932330827066
carry,geolife,128/20070506033305/2#3,reversed,60,24.013533834586465
carry,geolife,030/20090318024103/3#0,tight,600,0.49581589958158995
carry,geolife,030/20090318024103/3#1,tight,60,3.286610878661088
carry,geolife,030/20090318024103/3#2,loose,60,3.3647140864714085
carry,geolife,030/20090318024103/3#3,reversed,0,nan
carry,geolife,153/20100226002229/0#0,tight,120,1.3500486854917235
carry,geolife,153/20100226002229/0#1,tight,15,22.900925024342747
carry,geolife,153/20100226002229/0#2,loose,60,3.5411392405063293
carry,geolife,153/20100226002229/0#3,reversed,600,0.2636319376825706
carry,geolife,128/20090919123406/0#0,tight,30,7.1880108991825615
carry,geolife,128/20090919123406/0#1,tight,60,3.3825613079019075
carry,geolife,128/20090919123406/0#2,loose,300,0.7983651226158038
carry,geolife,128/20090919123406/0#3,reversed,600,0.3874659400544959
carry,geolife,164/20071205092109/0#0,tight,600,1.8278061224489797
carry,geolife,164/20071205092109/0#1,tight,30,40.547193877551024
carry,geolife,164/20071205092109/0#2,loose,120,9.260204081632653
carry,geolife,164/20071205092109/0#3,reversed,600,1.8278061224489797
carry,geolife,085/20090331021558/1#0,tight,600,0.36618521665250636
carry,geolife,085/20090331021558/1#1,tight,600,0.3794392523364486
carry,geolife,085/20090331021558/1#2,loose,600,0.36618521665250636
carry,geolife,085/20090331021558/1#3,reversed,600,0.3706032285471538
carry,geolife,030/20090727224238/1#0,tight,300,0.65565749235474
carry,geolife,030/20090727224238/1#1,tight,60,3.3486238532110093
carry,geolife,030/20090727224238/1#2,loose,600,0.43486238532110094
carry,geolife,030/20090727224238/1#3,reversed,180,1.110091743119266
carry,geolife,126/20081006172424/0#0,tight,60,1.4280269058295965
carry,geolife,126/20081006172424/0#1,tight,120,0.7352017937219731
carry,geolife,126/20081006172424/0#2,loose,30,2.9934977578475337
carry,geolife,126/20081006172424/0#3,reversed,600,0.1594170403587444
carry,geolife,113/20100528004056/0#0,tight,30,9.325787587247689
carry,geolife,113/20100528004056/0#1,tight,30,9.779475570647048
carry,geolife,113/20100528004056/0#2,loose,15,34.89473684210526
carry,geolife,113/20100528004056/0#3,reversed,600,0.3503112620260328
carry,geolife,030/20090321232603/3#0,tight,600,0.49778024417314093
carry,geolife,030/20090321232603/3#1,tight,180,1.789400665926748
carry,geolife,030/20090321232603/3#2,loose,600,0.5094339622641509
carry,geolife,030/20090321232603/3#3,reversed,60,5.666204217536071
carry,geolife,002/20090210113528/0#0,tight,120,0.8593033913840513
carry,geolife,002/20090210113528/0#1,tight,600,0.1999083409715857
carry,geolife,002/20090210113528/0#2,loose,30,3.7914757103574703
carry,geolife,002/20090210113528/0#3,reversed,600,0.20229147571035747
carry,geolife,064/20080829093306/2#0,tight,300,0.4449538622250595
carry,geolife,064/20080829093306/2#1,tight,180,0.7241019093494283
carry,geolife,064/20080829093306/2#2,loose,180,0.6969415588184087
carry,geolife,064/20080829093306/2#3,reversed,600,0.21420695258545644
carry,geolife,068/20090803220235/3#0,tight,600,0.170818929550602
carry,geolife,068/20090803220235/3#1,tight,600,0.17272618905709858
carry,geolife,068/20090803220235/3#2,loose,180,0.4902848968887829
carry,geolife,068/20090803220235/3#3,reversed,600,0.17272618905709858
carry,geolife,020/20110914155407/0#0,tight,180,0.30823229100191446
carry,geolife,020/20110914155407/0#1,tight,60,0.9549032120825356
carry,geolife,020/20110914155407/0#2,loose,180,0.30823229100191446
carry,geolife,020/20110914155407/0#3,reversed,30,1.8900233992767497
carry,geolife,128/20091213063912/0#0,tight,600,0.228343949044586
carry,geolife,128/20091213063912/0#1,tight,600,0.22643312101910829
carry,geolife,128/20091213063912/0#2,loose,600,0.2302547770700637
carry,geolife,128/20091213063912/0#3,reversed,180,0.8210191082802548
carry,geolife,017/20090621094628/1#0,tight,5,33.741507366370385
carry,geolife,017/20090621094628/1#1,tight,30,2.77779130646536
carry,geolife,017/20090621094628/1#2,loose,5,88.55241690003653
carry,geolife,017/20090621094628/1#3,reversed,5,47.084987215390235
carry,geolife,025/20090506120456/0#0,tight,180,1.1224687444972707
carry,geolife,025/20090506120456/0#1,tight,30,12.232875506251101
carry,geolife,025/20090506120456/0#2,loose,120,1.5119739390737805
carry,geolife,025/20090506120456/0#3,reversed,60,2.6811938721605917
carry,geolife,026/20090408040922/1#0,tight,600,0.31947999461134313
carry,geolife,026/20090408040922/1#1,tight,600,0.3153711437424222
carry,geolife,026/20090408040922/1#2,loose,600,0.32358884548026406
carry,geolife,026/20090408040922/1#3,reversed,600,0.34413309982486867
carry,geolife,035/20090302214736/6#0,tight,600,0.4012790855898762
carry,geolife,035/20090302214736/6#1,tight,600,0.3914818342631651
carry,geolife,035/20090302214736/6#2,loose,600,0.3963804599265206
carry,geolife,035/20090302214736/6#3,reversed,600,0.3914818342631651
carry,geolife,091/20071203222613/0#0,tight,60,4.166666666666667
carry,geolife,091/20071203222613/0#1,tight,180,1.41324200913242
carry,geolife,091/20071203222613/0#2,loose,180,1.3812785388127853
carry,geolife,091/20071203222613/0#3,reversed,600,0.541095890410959
carry,geolife,009/20081210002334/2#0,tight,600,0.32905787143075277
carry,geolife,009/20081210002334/2#1,tight,600,0.33302794319743473
carry,geolife,009/20081210002334/2#2,loose,600,0.32905787143075277
carry,geolife,009/20081210002334/2#3,reversed,600,0.32905787143075277
carry,geolife,128/20080920061639/0#0,tight,120,1.65114411882778
carry,geolife,128/20080920061639/0#1,tight,5,44.7792051384986
carry,geolife,128/20080920061639/0#2,loose,60,3.3540746688077077
carry,geolife,128/20080920061639/0#3,reversed,600,0.43034925732637497
carry,geolife,085/20081128081513/1#0,tight,180,0.4483729662077597
carry,geolife,085/20081128081513/1#1,tight,60,1.3695244055068836
carry,geolife,085/20081128081513/1#2,loose,180,0.4683979974968711
carry,geolife,085/20081128081513/1#3,reversed,60,1.4045682102628285
carry,geolife,085/20080530084605/9#0,tight,600,0.22581618793701896
carry,geolife,085/20080530084605/9#1,tight,600,0.22018210171537803
carry,geolife,085/20080530084605/9#2,loose,600,0.22018210171537803
carry,geolife,085/20080530084605/9#3,reversed,600,0.22581618793701896
carry,geolife,088/20080926104408/0#0,tight,180,0.5464813205907906
carry,geolife,088/20080926104408/0#1,tight,60,1.7319721980886187
carry,geolife,088/20080926104408/0#2,loose,30,4.041920069504778
carry,geolife,088/20080926104408/0#3,reversed,30,3.3433970460469156
carry,geolife,030/20090321232603/5#0,tight,30,3.161808669656203
carry,geolife,030/20090321232603/5#1,tight,120,0.8150224215246636
carry,geolife,030/20090321232603/5#2,loose,60,2.032511210762332
carry,geolife,030/20090321232603/5#3,reversed,600,0.265695067264574
carry,geolife,004/20090425024714/5#0,tight,600,0.462153267512929
carry,geolife,004/20090425024714/5#1,tight,600,0.45651151857075695
carry,geolife,004/20090425024714/5#2,loose,600,0.45651151857075695
carry,geolife,004/20090425024714/5#3,reversed,600,0.4790785143394452
carry,geolife,128/20100519115733/0#0,tight,5,122.90011705033164
carry,geolife,128/20100519115733/0#1,tight,600,0.42255169722980884
carry,geolife,128/20100519115733/0#2,loose,60,5.478345688646118
carry,geolife,128/20100519115733/0#3,reversed,600,0.4182598517362466
carry,geolife,128/20090113131249/0#0,tight,120,0.7299196787148594
carry,geolife,128/20090113131249/0#1,tight,180,0.47958500669344045
carry,geolife,128/20090113131249/0#2,loose,60,1.393574297188755
carry,geolife,128/20090113131249/0#3,reversed,600,0.23795180722891565
carry,geolife,068/20090331064324/1#0,tight,180,0.5113531047265987
carry,geolife,068/20090331064324/1#1,tight,30,3.2523169601482853
carry,geolife,068/20090331064324/1#2,loose,30,3.3607506950880444
carry,geolife,068/20090331064324/1#3,reversed,60,1.3533364226135312
carry,geolife,104/20080913091937/4#0,tight,60,8.623800383877159
carry,geolife,104/20080913091937/4#1,tight,30,25.74728087012156
carry,geolife,104/20080913091937/4#2,loose,600,0.9168266154830454
carry,geolife,104/20080913091937/4#3,reversed,600,0.9168266154830454
carry,geolife,004/20090226005456/0#0,tight,120,2.148670645686381
carry,geolife,004/20090226005456/0#1,tight,30,11.350515463917526
carry,geolife,004/20090226005456/0#2,loose,60,4.3266413456321215
carry,geolife,004/20090226005456/0#3,reversed,600,0.5935973955507325
carry,geolife,167/20080601042504/3#0,tight,600,0.14531355360755227
carry,geolife,167/20080601042504/3#1,tight,600,0.14706675657451113
carry,geolife,167/20080601042504/3#2,loose,600,0.14881995954146998
carry,geolife,167/20080601042504/3#3,reversed,600,0.14531355360755227
carry,geolife,036/20090424112604/0#0,tight,600,0.2348301947529374
carry,geolife,036/20090424112604/0#1,tight,120,1.6855517999892697
carry,geolife,036/20090424112604/0#2,loose,600,0.23182574172434142
carry,geolife,036/20090424112604/0#3,reversed,60,2.41949675411771
carry,geolife,126/20081217012730/0#0,tight,60,1.7619196988707653
carry,geolife,126/20081217012730/0#1,tight,600,0.22302383939774154
carry,geolife,126/20081217012730/0#2,loose,120,0.9814930991217063
carry,geolife,126/20081217012730/0#3,reversed,600,0.22302383939774154
carry,geolife,084/20081105235106/2#0,tight,600,0.5580631025416302
carry,geolife,084/20081105235106/2#1,tight,600,0.551270815074496
carry,geolife,084/20081105235106/2#2,loose,600,0.551270815074496
carry,geolife,084/20081105235106/2#3,reversed,600,0.551270815074496
carry,geolife,037/20090302061126/0#0,tight,10,33.004932182490755
carry,geolife,037/20090302061126/0#1,tight,60,3.2166637308437553
carry,geolife,037/20090302061126/0#2,loose,60,3.6323762550642944
carry,geolife,037/20090302061126/0#3,reversed,600,0.31601197815747756
carry,geolife,038/20090301020618/0#0,tight,600,0.3607305936073059
carry,geolife,038/20090301020618/0#1,tight,60,2.2775240994419077
carry,geolife,038/20090301020618/0#2,loose,600,0.3607305936073059
carry,geolife,038/20090301020618/0#3,reversed,600,0.3607305936073059
carry,geolife,138/20070621110544/1#0,tight,180,2.4916666666666667
carry,geolife,138/20070621110544/1#1,tight,180,2.5208333333333335
carry,geolife,138/20070621110544/1#2,loose,180,2.754166666666667
carry,geolife,138/20070621110544/1#3,reversed,180,2.55
carry,geolife,017/20081114012618/2#0,tight,180,1.9649507119386638
carry,geolife,017/20081114012618/2#1,tight,600,0.778751369112815
carry,geolife,017/20081114012618/2#2,loose,180,2.0339539978094194
carry,geolife,017/20081114012618/2#3,reversed,600,0.7853231106243155
carry,geolife,003/20090403011657/24#0,tight,180,1.2511266900350526
carry,geolife,003/20090403011657/24#1,tight,600,0.39075279586045736
carry,geolife,003/20090403011657/24#2,loose,180,1.385327991987982
carry,geolife,003/20090403011657/24#3,reversed,600,0.4212986145885495
carry,geolife,153/20091221110434/0#0,tight,120,1.446969696969697
carry,geolife,153/20091221110434/0#1,tight,10,31.884559884559884
carry,geolife,153/20091221110434/0#2,loose,120,1.5021645021645023
carry,geolife,153/20091221110434/0#3,reversed,60,2.803751803751804
carry,geolife,014/20081225101609/1#0,tight,15,4.190199871050935
carry,geolife,014/20081225101609/1#1,tight,30,1.9095207393079734
carry,geolife,014/20081225101609/1#2,loose,15,9.551901998710509
carry,geolife,014/20081225101609/1#3,reversed,600,0.1528046421663443
carry,geolife,153/20111121082852/0#0,tight,60,1.1937461679950951
carry,geolife,153/20111121082852/0#1,tight,10,9.954015941140405
carry,geolife,153/20111121082852/0#2,loose,120,0.6174126302881667
carry,geolife,153/20111121082852/0#3,reversed,600,0.14530962599632127
carry,geolife,167/20081102202136/0#0,tight,15,5.549476439790576
carry,geolife,167/20081102202136/0#1,tight,60,1.337434554973822
carry,geolife,167/20081102202136/0#2,loose,15,13.636910994764397
carry,geolife,167/20081102202136/0#3,reversed,180,0.46963350785340313
carry,geolife,163/20120519131855/0#0,tight,60,3.460984393757503
carry,geolife,163/20120519131855/0#1,tight,30,6.871948779511805
carry,geolife,163/20120519131855/0#2,loose,180,1.0192076830732293
carry,geolife,163/20120519131855/0#3,reversed,180,1.0068027210884354
carry,geolife,125/20080820011704/0#0,tight,120,2.7894880546075087
carry,geolife,125/20080820011704/0#1,tight,600,0.44764505119453923
carry,geolife,125/20080820011704/0#2,loose,600,0.44764505119453923
carry,geolife,125/20080820011704/0#3,reversed,600,0.4420477815699659
carry,geolife,062/20080921063840/0#0,tight,600,0.22997601918465227
carry,geolife,062/20080921063840/0#1,tight,600,0.22997601918465227
carry,geolife,062/20080921063840/0#2,loose,60,2.8616306954436452
carry,geolife,062/20080921063840/0#3,reversed,600,0.24148681055155874
carry,geolife,128/20091025070841/0#0,tight,180,1.3492317541613317
carry,geolife,128/20091025070841/0#1,tight,600,0.4587067861715749
carry,geolife,128/20091025070841/0#2,loose,60,5.304417413572343
carry,geolife,128/20091025070841/0#3,reversed,600,0.46895006402048656
carry,geolife,008/20081115071905/0#0,tight,15,10.988893590014808
carry,geolife,008/20081115071905/0#1,tight,180,0.6166701925111064
carry,geolife,008/20081115071905/0#2,loose,15,9.921408927438122
carry,geolife,008/20081115071905/0#3,reversed,600,0.1897609477469854
carry,geolife,030/20090720002006/4#0,tight,300,0.6844396082698585
carry,geolife,030/20090720002006/4#1,tight,120,1.8348748639825898
carry,geolife,030/20090720002006/4#2,loose,120,1.9284548422198042
carry,geolife,030/20090720002006/4#3,reversed,600,0.3941784548422198
carry,geolife,030/20090318024103/6#0,tight,30,3.139784946236559
carry,geolife,030/20090318024103/6#1,tight,120,0.8275729646697388
carry,geolife,030/20090318024103/6#2,loose,60,2.088709677419355
carry,geolife,030/20090318024103/6#3,reversed,5,21.975038402457756
carry,geolife,017/20090621094628/5#0,tight,30,4.032226773011425
carry,geolife,017/20090621094628/5#1,tight,15,6.9438456563914635
carry,geolife,017/20090621094628/5#2,loose,10,20.114787669756414
carry,geolife,017/20090621094628/5#3,reversed,600,0.15445139038585903
carry,geolife,167/20080715035234/0#0,tight,120,0.5081109366823653
carry,geolife,167/20080715035234/0#1,tight,300,0.24995639281353568
carry,geolife,167/20080715035234/0#2,loose,180,0.416710273853131
carry,geolife,167/20080715035234/0#3,reversed,600,0.12401883830455258
carry,geolife,007/20081120012329/1#0,tight,180,1.1177847113884556
carry,geolife,007/20081120012329/1#1,tight,120,1.6809672386895476
carry,geolife,007/20081120012329/1#2,loose,120,1.7620904836193447
carry,geolife,007/20081120012329/1#3,reversed,30,6.377535101404056
carry,geolife,128/20090112133526/0#0,tight,600,0.3812233285917496
carry,geolife,128/20090112133526/0#1,tight,60,2.858108108108108
carry,geolife,128/20090112133526/0#2,loose,10,56.91358463726885
carry,geolife,128/20090112133526/0#3,reversed,600,0.38513513513513514
carry,geolife,052/20081001224837/4#0,tight,120,1.691415313225058
carry,geolife,052/20081001224837/4#1,tight,600,0.32993039443155453
carry,geolife,052/20081001224837/4#2,loose,600,0.32993039443155453
carry,geolife,052/20081001224837/4#3,reversed,300,0.6872389791183294
carry,geolife,001/20081028233053/0#0,tight,60,2.298447204968944
carry,geolife,001/20081028233053/0#1,tight,30,4.785403726708075
carry,geolife,001/20081028233053/0#2,loose,180,0.8102484472049689
carry,geolife,001/20081028233053/0#3,reversed,600,0.22080745341614907
carry,geolife,030/20090425005728/4#0,tight,30,3.118653769103085
carry,geolife,030/20090425005728/4#1,tight,30,4.326312174460535
carry,geolife,030/20090425005728/4#2,loose,60,1.5856562303245378
carry,geolife,030/20090425005728/4#3,reversed,600,0.12632362200217503
carry,geolife,085/20080530084605/5#0,tight,600,0.27323002477101216
carry,geolife,085/20080530084605/5#1,tight,600,0.2697159974652918
carry,geolife,085/20080530084605/5#2,loose,600,0.2697159974652918
carry,geolife,085/20080530084605/5#3,reversed,600,0.28377210668817326
carry,geolife,128/20090822082711/0#0,tight,60,4.864977307110439
carry,geolife,128/20090822082711/0#1,tight,30,8.635779122541603
carry,geolife,128/20090822082711/0#2,loose,15,24.96104387291982
carry,geolife,128/20090822082711/0#3,reversed,600,0.409606656580938
carry,geolife,009/20081210002334/3#0,tight,600,0.48697068403908794
carry,geolife,009/20081210002334/3#1,tight,600,0.498371335504886
carry,geolife,009/20081210002334/3#2,loose,600,0.48697068403908794
carry,geolife,009/20081210002334/3#3,reversed,600,0.48697068403908794
carry,geolife,044/20090314051102/1#0,tight,300,0.8474275576581904
carry,geolife,044/20090314051102/1#1,tight,300,0.8568894145476049
carry,geolife,044/20090314051102/1#2,loose,60,4.0396215257244235
carry,geolife,044/20090314051102/1#3,reversed,300,0.8474275576581904
carry,geolife,126/20081125014100/2#0,tight,30,3.0012322858903264
carry,geolife,126/20081125014100/2#1,tight,30,3.038406243581844
carry,geolife,126/20081125014100/2#2,loose,600,0.14602587800369685
carry,geolife,126/20081125014100/2#3,reversed,600,0.1472581638940234
carry,geolife,128/20100315013530/0#0,tight,60,4.271981776765376
carry,geolife,128/20100315013530/0#1,tight,120,2.299772209567198
carry,geolife,128/20100315013530/0#2,loose,15,28.876993166287015
carry,geolife,128/20100315013530/0#3,reversed,600,0.49339407744874714
carry,geolife,153/20100603011252/0#0,tight,180,0.9373640713353631
carry,geolife,153/20100603011252/0#1,tight,60,2.7390169638973467
carry,geolife,153/20100603011252/0#2,loose,120,1.361026533275337
carry,geolife,153/20100603011252/0#3,reversed,600,0.3092648977816442
carry,geolife,004/20090430030803/3#0,tight,30,10.027005347593583
carry,geolife,004/20090430030803/3#1,tight,120,1.9788770053475935
carry,geolife,004/20090430030803/3#2,loose,600,0.38315508021390376
carry,geolife,004/20090430030803/3#3,reversed,600,0.3917112299465241
carry,geolife,003/20090309004221/9#0,tight,180,1.4280618311533888
carry,geolife,003/20090309004221/9#1,tight,300,0.8552318668252081
carry,geolife,003/20090309004221/9#2,loose,600,0.4354934601664685
carry,geolife,003/20090309004221/9#3,reversed,600,0.4307372175980975
carry,geolife,038/20090222233410/0#0,tight,600,0.3144599303135889
carry,geolife,038/20090222233410/0#1,tight,600,0.31126596980255516
carry,geolife,038/20090222233410/0#2,loose,600,0.31126596980255516
carry,geolife,038/20090222233410/0#3,reversed,600,0.31126596980255516
carry,geolife,153/20090617003304/1#0,tight,120,1.1985221674876847
carry,geolife,153/20090617003304/1#1,tight,10,16.27320197044335
carry,geolife,153/20090617003304/1#2,loose,30,6.3187192118226605
carry,geolife,153/20090617003304/1#3,reversed,600,0.250935960591133
carry,geolife,153/20120525142903/3#0,tight,30,1.9064213691845038
carry,geolife,153/20120525142903/3#1,tight,10,6.466124181850345
carry,geolife,153/20120525142903/3#2,loose,5,63.81761896338227
carry,geolife,153/20120525142903/3#3,reversed,600,0.125773925349372
carry,geolife,013/20081016090430/1#0,tight,600,0.3560218073682471
carry,geolife,013/20081016090430/1#1,tight,600,0.3560218073682471
carry,geolife,013/20081016090430/1#2,loose,600,0.36461258879894265
carry,geolife,013/20081016090430/1#3,reversed,600,0.3603171980835949
carry,geolife,092/20080420083102/0#0,tight,15,90.31321540062434
carry,geolife,092/20080420083102/0#1,tight,600,1.4911550468262227
carry,geolife,092/20080420083102/0#2,loose,600,1.4911550468262227
carry,geolife,092/20080420083102/0#3,reversed,600,1.4911550468262227
carry,geolife,003/20090521231053/0#0,tight,10,46.748076702262026
carry,geolife,003/20090521231053/0#1,tight,600,0.4605580434033758
carry,geolife,003/20090521231053/0#2,loose,5,136.1705132621426
carry,geolife,003/20090521231053/0#3,reversed,600,0.4664140544264554
carry,geolife,062/20071210011856/0#0,tight,30,20.61293984108967
carry,geolife,062/20071210011856/0#1,tight,300,2.036322360953462
carry,geolife,062/20071210011856/0#2,loose,300,2.0601589103291715
carry,geolife,062/20071210011856/0#3,reversed,600,1.2292849035187288
carry,geolife,167/20080519003252/0#0,tight,300,0.4552310434663376
carry,geolife,167/20080519003252/0#1,tight,5,61.56437679967092
carry,geolife,167/20080519003252/0#2,loose,60,2.4138214726450022
carry,geolife,167/20080519003252/0#3,reversed,600,0.2517482517482518
carry,geolife,096/20080712050223/0#0,tight,180,0.6540029349421164
carry,geolife,096/20080712050223/0#1,tight,60,2.5706831893037667
carry,geolife,096/20080712050223/0#2,loose,600,0.23887167780857654
carry,geolife,096/20080712050223/0#3,reversed,600,0.24148051524539377
carry,geolife,064/20080824001306/2#0,tight,30,2.731629392971246
carry,geolife,064/20080824001306/2#1,tight,60,1.3426517571884984
carry,geolife,064/20080824001306/2#2,loose,30,3.6035676251331203
carry,geolife,064/20080824001306/2#3,reversed,600,0.18929712460063897
carry,geolife,062/20080821110711/0#0,tight,60,2.727441572511995
carry,geolife,062/20080821110711/0#1,tight,15,10.091781457978641
carry,geolife,062/20080821110711/0#2,loose,15,11.91409998452252
carry,geolife,062/20080821110711/0#3,reversed,600,0.2809162668317598
carry,geolife,165/20111113010804/0#0,tight,600,0.17229770349885776
carry,geolife,165/20111113010804/0#1,tight,600,0.17229770349885776
carry,geolife,165/20111113010804/0#2,loose,600,0.17614524467957196
carry,geolife,165/20111113010804/0#3,reversed,600,0.17229770349885776
carry,geolife,153/20100604110352/1#0,tight,30,4.144951140065147
carry,geolife,153/20100604110352/1#1,tight,5,39.15127419045794
carry,geolife,153/20100604110352/1#2,loose,300,0.38915501053841733
carry,geolife,153/20100604110352/1#3,reversed,180,0.6544357156543399
carry,geolife,014/20081029010131/2#0,tight,300,0.6123269316659223
carry,geolife,014/20081029010131/2#1,tight,30,9.966502903081732
carry,geolife,014/20081029010131/2#2,loose,180,1.0041685276164956
carry,geolife,014/20081029010131/2#3,reversed,600,0.32082775048384693
carry,geolife,163/20120628200614/0#0,tight,600,0.4614401363442693
carry,geolife,163/20120628200614/0#1,tight,0,nan
carry,geolife,163/20120628200614/0#2,loose,5,273.13208351086496
carry,geolife,163/20120628200614/0#3,reversed,600,0.4614401363442693
carry,geolife,000/20081117155223/0#0,tight,600,0.35124508519003933
carry,geolife,000/20081117155223/0#1,tight,600,0.35124508519003933
carry,geolife,000/20081117155223/0#2,loose,120,1.6140235910878113
carry,geolife,000/20081117155223/0#3,reversed,600,0.3548492791612058
carry,geolife,037/20090403060745/0#0,tight,15,42.79408938010572
carry,geolife,037/20090403060745/0#1,tight,15,14.996876501681884
carry,geolife,037/20090403060745/0#2,loose,60,3.239388114688451
carry,geolife,037/20090403060745/0#3,reversed,600,0.28824283197180844
carry,geolife,095/20110503004033/0#0,tight,300,0.16277241069422602
carry,geolife,095/20110503004033/0#1,tight,300,0.1609750617838688
carry,geolife,095/20110503004033/0#2,loose,300,0.1609750617838688
carry,geolife,095/20110503004033/0#3,reversed,600,0.08121770388676702
carry,geolife,068/20090825064227/2#0,tight,600,0.13796421012122378
carry,geolife,068/20090825064227/2#1,tight,30,2.8539542043486628
carry,geolife,068/20090825064227/2#2,loose,180,0.5079853761785645
carry,geolife,068/20090825064227/2#3,reversed,600,0.13680969790263614
carry,geolife,168/20110817223957/0#0,tight,60,1.355672722652776
carry,geolife,168/20110817223957/0#1,tight,30,3.412590522169991
carry,geolife,168/20110817223957/0#2,loose,60,1.111612247490789
carry,geolife,168/20110817223957/0#3,reversed,600,0.11663066954643629
carry,geolife,126/20081208093835/3#0,tight,120,0.7352406902815622
carry,geolife,126/20081208093835/3#1,tight,300,0.325386012715713
carry,geolife,126/20081208093835/3#2,loose,120,0.8004087193460491
carry,geolife,126/20081208093835/3#3,reversed,600,0.1614441416893733
carry,geolife,002/20081120001650/2#0,tight,120,1.7001675041876048
carry,geolife,002/20081120001650/2#1,tight,60,5.234505862646566
carry,geolife,002/20081120001650/2#2,loose,600,0.3378001116694584
carry,geolife,002/20081120001650/2#3,reversed,600,0.3378001116694584
carry,geolife,015/20081120094704/0#0,tight,600,0.5284932603763512
carry,geolife,015/20081120094704/0#1,tight,120,2.64046443347124
carry,geolife,015/20081120094704/0#2,loose,600,0.5284932603763512
carry,geolife,015/20081120094704/0#3,reversed,600,0.5352996129721073
carry,geolife,153/20110802232228/0#0,tight,600,0.2827037773359841
carry,geolife,153/20110802232228/0#1,tight,600,0.2827037773359841
carry,geolife,153/20110802232228/0#2,loose,60,2.3725646123260438
carry,geolife,153/20110802232228/0#3,reversed,600,0.2827037773359841
carry,geolife,002/20081104111530/1#0,tight,600,0.43882399524846566
carry,geolife,002/20081104111530/1#1,tight,600,0.42773708176598696
carry,geolife,002/20081104111530/1#2,loose,600,0.4332805385072263
carry,geolife,002/20081104111530/1#3,reversed,600,0.42773708176598696
carry,geolife,013/20081016090430/2#0,tight,600,0.247460757156048
carry,geolife,013/20081016090430/2#1,tight,600,0.25253924284395196
carry,geolife,013/20081016090430/2#2,loose,600,0.25253924284395196
carry,geolife,013/20081016090430/2#3,reversed,600,0.247460757156048
carry,geolife,153/20091206075734/0#0,tight,30,6.733038348082596
carry,geolife,153/20091206075734/0#1,tight,180,0.7457454050374405
carry,geolife,153/20091206075734/0#2,loose,600,0.24449739051508962
carry,geolife,153/20091206075734/0#3,reversed,30,7.280349444066259
carry,geolife,003/20090403011657/7#0,tight,600,0.3147410358565737
carry,geolife,003/20090403011657/7#1,tight,600,0.3147410358565737
carry,geolife,003/20090403011657/7#2,loose,600,0.3200531208499336
carry,geolife,003/20090403011657/7#3,reversed,600,0.3147410358565737
carry,geolife,163/20120617115901/1#0,tight,300,0.9380261927034612
carry,geolife,163/20120617115901/1#1,tight,600,0.5039756782039289
carry,geolife,163/20120617115901/1#2,loose,120,2.4885406922357345
carry,geolife,163/20120617115901/1#3,reversed,600,0.5222170252572498
carry,geolife,017/20090513094309/0#0,tight,60,4.7588633993743485
carry,geolife,017/20090513094309/0#1,tight,120,2.0675182481751824
carry,geolife,017/20090513094309/0#2,loose,60,4.538842544316997
carry,geolife,017/20090513094309/0#3,reversed,600,0.467674661105318
carry,geolife,014/20090222233635/2#0,tight,15,3.7915498223967097
carry,geolife,014/20090222233635/2#1,tight,600,0.13292204150308468
carry,geolife,014/20090222233635/2#2,loose,600,0.13292204150308468
carry,geolife,014/20090222233635/2#3,reversed,600,0.13292204150308468
carry,geolife,167/20080715035234/1#0,tight,180,0.27353071144498453
carry,geolife,167/20080715035234/1#1,tight,60,0.8482839888054206
carry,geolife,167/20080715035234/1#2,loose,60,0.9424068345853587
carry,geolife,167/20080715035234/1#3,reversed,600,0.10472823685373397
carry,geolife,085/20090324224221/0#0,tight,600,0.37460847776153683
carry,geolife,085/20090324224221/0#1,tight,600,0.37460847776153683
carry,geolife,085/20090324224221/0#2,loose,10,69.61140112758405
carry,geolife,085/20090324224221/0#3,reversed,600,0.3833785759031113
carry,geolife,141/20111010001933/0#0,tight,600,0.14518743667679837
carry,geolife,141/20111010001933/0#1,tight,300,0.29513677811550154
carry,geolife,141/20111010001933/0#2,loose,60,1.6525835866261398
carry,geolife,141/20111010001933/0#3,reversed,15,7.175379939209726
carry,geolife,003/20090618005931/0#0,tight,60,2.9162333911034084
carry,geolife,003/20090618005931/0#1,tight,15,11.465626805314846
carry,geolife,003/20090618005931/0#2,loose,60,3.021952628538417
carry,geolife,003/20090618005931/0#3,reversed,15,11.465626805314846
carry,geolife,153/20101221103634/0#0,tight,120,1.3964872944693572
carry,geolife,153/20101221103634/0#1,tight,15,16.352391629297458
carry,geolife,153/20101221103634/0#2,loose,10,33.89798206278027
carry,geolife,153/20101221103634/0#3,reversed,600,0.265695067264574
carry,geolife,005/20081113070907/0#0,tight,600,0.526064610866373
carry,geolife,005/20081113070907/0#1,tight,300,1.0693832599118942
carry,geolife,005/20081113070907/0#2,loose,600,0.526064610866373
carry,geolife,005/20081113070907/0#3,reversed,600,0.5378120411160059
carry,geolife,104/20071208220938/0#0,tight,30,16.467554076539102
carry,geolife,104/20071208220938/0#1,tight,60,8.33222407099279
carry,geolife,104/20071208220938/0#2,loose,0,nan
carry,geolife,104/20071208220938/0#3,reversed,600,0.8036605657237936
carry,geolife,003/20081226041731/3#0,tight,600,0.43234285714285714
carry,geolife,003/20081226041731/3#1,tight,120,2.154857142857143
carry,geolife,003/20081226041731/3#2,loose,600,0.4113142857142857
carry,geolife,003/20081226041731/3#3,reversed,600,0.42182857142857144
carry,geolife,128/20080503104410/0#0,tight,600,0.5727969348659003
carry,geolife,128/20080503104410/0#1,tight,30,18.69316730523627
carry,geolife,128/20080503104410/0#2,loose,120,2.8955938697318007
carry,geolife,128/20080503104410/0#3,reversed,600,0.5727969348659003
carry,geolife,009/20081210002334/4#0,tight,600,0.2967884828349945
carry,geolife,009/20081210002334/4#1,tight,600,0.2967884828349945
carry,geolife,009/20081210002334/4#2,loose,600,0.3028792912513843
carry,geolife,009/20081210002334/4#3,reversed,600,0.2967884828349945
carry,geolife,153/20091202234822/0#0,tight,600,0.39260077305356156
carry,geolife,153/20091202234822/0#1,tight,600,0.39260077305356156
carry,geolife,153/20091202234822/0#2,loose,180,1.0949751518498068
carry,geolife,153/20091202234822/0#3,reversed,600,0.39260077305356156
carry,geolife,085/20090627014225/0#0,tight,60,5.126027397260274
carry,geolife,085/20090627014225/0#1,tight,120,2.4700913242009133
carry,geolife,085/20090627014225/0#2,loose,180,1.7335616438356165
carry,geolife,085/20090627014225/0#3,reversed,600,0.5098173515981735
carry,geolife,062/20080807055704/0#0,tight,300,0.5860905349794239
carry,geolife,062/20080807055704/0#1,tight,600,0.2962139917695473
carry,geolife,062/20080807055704/0#2,loose,300,0.6010699588477366
carry,geolife,062/20080807055704/0#3,reversed,600,0.3075720164609054
carry,geolife,068/20090803220235/4#0,tight,600,0.2697268588770865
carry,geolife,068/20090803220235/4#1,tight,180,0.5496965098634294
carry,geolife,068/20090803220235/4#2,loose,60,1.7731411229135052
carry,geolife,068/20090803220235/4#3,reversed,120,0.8471168437025797
carry,geolife,174/20080630003333/5#0,tight,600,0.8876404494382022
carry,geolife,174/20080630003333/5#1,tight,180,1.8089887640449438
carry,geolife,174/20080630003333/5#2,loose,600,0.8951310861423221
carry,geolife,174/20080630003333/5#3,reversed,600,0.8876404494382022
carry,geolife,006/20081121095600/0#0,tight,600,0.3825925270054896
carry,geolife,006/20081121095600/0#1,tight,600,0.40242606693819727
carry,geolife,006/20081121095600/0#2,loose,30,13.918275190366566
carry,geolife,006/20081121095600/0#3,reversed,600,0.39746768195502036
carry,geolife,125/20080621064053/0#0,tight,120,0.8992715920915713
carry,geolife,125/20080621064053/0#1,tight,600,0.2231009365244537
carry,geolife,125/20080621064053/0#2,loose,10,14.927159209157129
carry,geolife,125/20080621064053/0#3,reversed,600,0.2231009365244537
carry,geolife,004/20090406060503/0#0,tight,60,2.8634490876986463
carry,geolife,004/20090406060503/0#1,tight,120,1.4991171277221895
carry,geolife,004/20090406060503/0#2,loose,180,1.0929958799293702
carry,geolife,004/20090406060503/0#3,reversed,600,0.418481459682166
carry,geolife,140/20090330031134/0#0,tight,15,7.469455511288181
carry,geolife,140/20090330031134/0#1,tight,120,0.8353253652058433
carry,geolife,140/20090330031134/0#2,loose,15,15.390770252324037
carry,geolife,140/20090330031134/0#3,reversed,600,0.2360557768924303
carry,geolife,017/20090621094628/4#0,tight,600,0.19655811081957092
carry,geolife,017/20090621094628/4#1,tight,600,0.19416576632196328
carry,geolife,017/20090621094628/4#2,loose,120,1.025929927457941
carry,geolife,017/20090621094628/4#3,reversed,30,3.8340021608272883
carry,geolife,128/20100822042610/0#0,tight,60,6.076418837329653
carry,geolife,128/20100822042610/0#1,tight,60,4.614283249956874
carry,geolife,128/20100822042610/0#2,loose,600,0.4393651888908056
carry,geolife,128/20100822042610/0#3,reversed,180,1.3864067621183371
carry,geolife,163/20101227001934/0#0,tight,30,2.175527694016823
carry,geolife,163/20101227001934/0#1,tight,15,6.243136010157118
carry,geolife,163/20101227001934/0#2,loose,10,8.73305824472306
carry,geolife,163/20101227001934/0#3,reversed,600,0.11283923186795747
carry,geolife,025/20090322070733/0#0,tight,180,0.8057029177718833
carry,geolife,025/20090322070733/0#1,tight,300,0.5050839964633068
carry,geolife,025/20090322070733/0#2,loose,120,1.414235190097259
carry,geolife,025/20090322070733/0#3,reversed,600,0.24182139699381078
carry,geolife,068/20090315064358/2#0,tight,180,0.5338652811282242
carry,geolife,068/20090315064358/2#1,tight,180,0.5405455557617369
carry,geolife,068/20090315064358/2#2,loose,120,0.9473000556689553
carry,geolife,068/20090315064358/2#3,reversed,600,0.1989237335312674
carry,geolife,088/20081011042923/0#0,tight,600,0.2509267840593142
carry,geolife,088/20081011042923/0#1,tight,120,1.168443002780352
carry,geolife,088/20081011042923/0#2,loose,120,1.1990268767377201
carry,geolife,088/20081011042923/0#3,reversed,180,0.8338739573679332
carry,geolife,017/20090321050356/0#0,tight,60,1.760714991111989
carry,geolife,017/20090321050356/0#1,tight,60,2.309994074659293
carry,geolife,017/20090321050356/0#2,loose,60,2.0862137072881692
carry,geolife,017/20090321050356/0#3,reversed,600,0.17716768714201067
carry,geolife,112/20080513163815/0#0,tight,300,0.39339419978517726
carry,geolife,112/20080513163815/0#1,tight,300,0.3848012889366273
carry,geolife,112/20080513163815/0#2,loose,300,0.3890977443609023
carry,geolife,112/20080513163815/0#3,reversed,600,0.1909237379162191
carry,geolife,014/20081029010131/0#0,tight,120,1.0345655304848775
carry,geolife,014/20081029010131/0#1,tight,30,5.212193951032165
carry,geolife,014/20081029010131/0#2,loose,60,2.85405664906385
carry,geolife,014/20081029010131/0#3,reversed,10,13.840134421507441
carry,geolife,003/20081207041403/2#0,tight,300,0.8797760210803689
carry,geolife,003/20081207041403/2#1,tight,600,0.4772727272727273
carry,geolife,003/20081207041403/2#2,loose,600,0.4720026350461133
carry,geolife,003/20081207041403/2#3,reversed,600,0.4720026350461133
carry,geolife,062/20081106020014/0#0,tight,600,0.2086774456205653
carry,geolife,062/20081106020014/0#1,tight,600,0.2086774456205653
carry,geolife,062/20081106020014/0#2,loose,600,0.2086774456205653
carry,geolife,062/20081106020014/0#3,reversed,180,0.5942770733976969
carry,geolife,037/20090319032436/0#0,tight,600,0.4083990980834273
carry,geolife,037/20090319032436/0#1,tight,180,1.2023675310033821
carry,geolife,037/20090319032436/0#2,loose,15,23.596674182638107
carry,geolife,037/20090319032436/0#3,reversed,600,0.4038895152198422
carry,geolife,114/20100526120934/0#0,tight,60,3.189720129171152
carry,geolife,114/20100526120934/0#1,tight,60,3.189720129171152
carry,geolife,114/20100526120934/0#2,loose,600,0.3856297093649085
carry,geolife,114/20100526120934/0#3,reversed,600,0.38993541442411195
carry,geolife,153/20100219023328/0#0,tight,600,0.11804163173052386
carry,geolife,153/20100219023328/0#1,tight,30,3.099777623856221
carry,geolife,153/20100219023328/0#2,loose,600,0.11953629105756261
carry,geolife,153/20100219023328/0#3,reversed,600,0.11804163173052386
carry,geolife,153/20120525142903/2#0,tight,5,34.012365002347785
carry,geolife,153/20120525142903/2#1,tight,30,5.351854750352167
carry,geolife,153/20120525142903/2#2,loose,30,5.999217404914697
carry,geolife,153/20120525142903/2#3,reversed,600,0.2318046642667084
carry,geolife,017/20081031091917/0#0,tight,60,2.501369112814896
carry,geolife,017/20081031091917/0#1,tight,30,5.566538882803943
carry,geolife,017/20081031091917/0#2,loose,60,2.766429353778751
carry,geolife,017/20081031091917/0#3,reversed,600,0.29353778751369114
carry,geolife,112/20080607012712/0#0,tight,180,0.47450331125827816
carry,geolife,112/20080607012712/0#1,tight,180,0.47450331125827816
carry,geolife,112/20080607012712/0#2,loose,120,0.730794701986755
carry,geolife,112/20080607012712/0#3,reversed,600,0.23543046357615893
carry,geolife,074/20120213120529/0#0,tight,180,0.3885212694125591
carry,geolife,074/20120213120529/0#1,tight,60,1.0853477380148548
carry,geolife,074/20120213120529/0#2,loose,600,0.14476704929101958
carry,geolife,074/20120213120529/0#3,reversed,600,0.14476704929101958
carry,geolife,091/20080109222750/0#0,tight,600,0.9162371134020618
carry,geolife,091/20080109222750/0#1,tight,300,1.8466494845360826
carry,geolife,091/20080109222750/0#2,loose,300,1.8466494845360826
carry,geolife,091/20080109222750/0#3,reversed,600,0.9239690721649485
carry,geolife,153/20100907235334/0#0,tight,600,0.3387327298713673
carry,geolife,153/20100907235334/0#1,tight,15,9.425917103382563
carry,geolife,153/20100907235334/0#2,loose,30,5.006669842782277
carry,geolife,153/20100907235334/0#3,reversed,30,4.586469747498809
carry,geolife,128/20091214121436/0#0,tight,120,1.446529080675422
carry,geolife,128/20091214121436/0#1,tight,60,2.8576193454242236
carry,geolife,128/20091214121436/0#2,loose,300,0.6147592245153221
carry,geolife,128/20091214121436/0#3,reversed,300,0.5997498436522827
carry,geolife,138/20070526060023/0#0,tight,120,6.6940298507462686
carry,geolife,138/20070526060023/0#1,tight,300,2.6865671641791047
carry,geolife,138/20070526060023/0#2,loose,600,1.4972862957937585
carry,geolife,138/20070526060023/0#3,reversed,600,1.4796472184531886
carry,geolife,025/20090406022901/0#0,tight,60,3.57
carry,geolife,025/20090406022901/0#1,tight,300,0.7017073170731707
carry,geolife,025/20090406022901/0#2,loose,300,0.7192682926829268
carry,geolife,025/20090406022901/0#3,reversed,600,0.3495121951219512
carry,geolife,030/20090425005728/1#0,tight,300,0.5414108507705802
carry,geolife,030/20090425005728/1#1,tight,600,0.27327402581130184
carry,geolife,030/20090425005728/1#2,loose,600,0.2765317629369753
carry,geolife,030/20090425005728/1#3,reversed,600,0.2797895000626488
carry,geolife,153/20110913231652/1#0,tight,600,0.4319985237128621
carry,geolife,153/20110913231652/1#1,tight,600,0.4319985237128621
carry,geolife,153/20110913231652/1#2,loose,600,0.44325521313895555
carry,geolife,153/20110913231652/1#3,reversed,300,0.8428676877652703
carry,geolife,020/20111011013905/0#0,tight,60,0.7627867459643161
carry,geolife,020/20111011013905/0#1,tight,120,0.3750212404418012
carry,geolife,020/20111011013905/0#2,loose,120,0.383857264231096
carry,geolife,020/20111011013905/0#3,reversed,120,0.36618521665250636
carry,geolife,128/20081229143508/1#0,tight,180,0.48874488403819916
carry,geolife,128/20081229143508/1#1,tight,180,0.4942019099590723
carry,geolife,128/20081229143508/1#2,loose,180,0.4942019099590723
carry,geolife,128/20081229143508/1#3,reversed,60,1.3680081855388813
carry,geolife,092/20080621171637/0#0,tight,120,0.8557580457541683
carry,geolife,092/20080621171637/0#1,tight,120,0.8759208995734781
carry,geolife,092/20080621171637/0#2,loose,60,1.8123303606048855
carry,geolife,092/20080621171637/0#3,reversed,600,0.2756882512601784
carry,geolife,068/20090802072835/2#0,tight,600,0.32041460117169895
carry,geolife,068/20090802072835/2#1,tight,600,0.32041460117169895
carry,geolife,068/20090802072835/2#2,loose,600,0.32041460117169895
carry,geolife,068/20090802072835/2#3,reversed,600,0.3231185218566922
carry,geolife,144/20090628061504/1#0,tight,600,0.4575289575289575
carry,geolife,144/20090628061504/1#1,tight,120,1.436936936936937
carry,geolife,144/20090628061504/1#2,loose,600,0.4575289575289575
carry,geolife,144/20090628061504/1#3,reversed,600,0.4575289575289575
carry,geolife,091/20071209094616/0#0,tight,600,0.9882758620689656
carry,geolife,091/20071209094616/0#1,tight,120,4.473793103448276
carry,geolife,091/20071209094616/0#2,loose,600,0.9993103448275862
carry,geolife,091/20071209094616/0#3,reversed,600,0.9993103448275862
carry,geolife,163/20120627073759/0#0,tight,600,0.375130890052356
carry,geolife,163/20120627073759/0#1,tight,5,64.35314136125655
carry,geolife,163/20120627073759/0#2,loose,600,0.375130890052356
carry,geolife,163/20120627073759/0#3,reversed,600,0.375130890052356
carry,geolife,062/20081017085919/1#0,tight,15,22.280917739227757
carry,geolife,062/20081017085919/1#1,tight,300,1.0156687185226636
carry,geolife,062/20081017085919/1#2,loose,15,25.730833799664243
carry,geolife,062/20081017085919/1#3,reversed,600,0.6060436485730274
carry,geolife,025/20090625034002/0#0,tight,180,0.8769987699876999
carry,geolife,025/20090625034002/0#1,tight,60,3.0856615709014235
carry,geolife,025/20090625034002/0#2,loose,120,1.2838692672641012
carry,geolife,025/20090625034002/0#3,reversed,600,0.25276752767527677
carry,geolife,128/20090329025153/1#0,tight,60,5.024565529857572
carry,geolife,128/20090329025153/1#1,tight,600,0.43917418006010717
carry,geolife,128/20090329025153/1#2,loose,600,0.4284594276754214
carry,geolife,128/20090329025153/1#3,reversed,600,0.4284594276754214
carry,geolife,168/20110710101058/2#0,tight,180,0.4470570615545904
carry,geolife,168/20110710101058/2#1,tight,60,1.3306874344765613
carry,geolife,168/20110710101058/2#2,loose,600,0.1605511457241276
carry,geolife,168/20110710101058/2#3,reversed,600,0.1605511457241276
carry,geolife,125/20080820011704/7#0,tight,600,0.35496688741721855
carry,geolife,125/20080820011704/7#1,tight,600,0.35496688741721855
carry,geolife,125/20080820011704/7#2,loose,600,0.35496688741721855
carry,geolife,125/20080820011704/7#3,reversed,300,0.7221854304635762
carry,geolife,163/20080622005110/0#0,tight,120,1.6699329551315112
carry,geolife,163/20080622005110/0#1,tight,60,3.2011346054667356
carry,geolife,163/20080622005110/0#2,loose,30,8.546157813305827
carry,geolife,163/20080622005110/0#3,reversed,600,0.3666838576585869
carry,geolife,163/20110326052258/1#0,tight,180,1.4388930441286463
carry,geolife,163/20110326052258/1#1,tight,180,1.4388930441286463
carry,geolife,163/20110326052258/1#2,loose,600,0.4357516828721017
carry,geolife,163/20110326052258/1#3,reversed,600,0.45729244577412115
carry,geolife,059/20110829101257/1#0,tight,120,0.853202846975089
carry,geolife,059/20110829101257/1#1,tight,300,0.32443653618030843
carry,geolife,059/20110829101257/1#2,loose,600,0.21441281138790036
carry,geolife,059/20110829101257/1#3,reversed,600,0.21263345195729538
carry,geolife,025/20090428042346/0#0,tight,180,1.3988062940857298
carry,geolife,025/20090428042346/0#1,tight,120,2.077590884427564
carry,geolife,025/20090428042346/0#2,loose,120,2.1275094953879545
carry,geolife,025/20090428042346/0#3,reversed,600,0.3890396093326099
carry,geolife,126/20081018025031/3#0,tight,300,0.4177650429799427
carry,geolife,126/20081018025031/3#1,tight,600,0.2104297994269341
carry,geolife,126/20081018025031/3#2,loose,180,0.7391404011461318
carry,geolife,126/20081018025031/3#3,reversed,600,0.215243553008596
carry,geolife,153/20080820014736/1#0,tight,600,0.22660098522167488
carry,geolife,153/20080820014736/1#1,tight,300,0.41417203486169
carry,geolife,153/20080820014736/1#2,loose,300,0.4193507641783504
carry,geolife,153/20080820014736/1#3,reversed,600,0.22925350511557407
carry,geolife,153/20101209235727/0#0,tight,5,32.378422425032596
carry,geolife,153/20101209235727/0#1,tight,180,0.8402868318122555
carry,geolife,153/20101209235727/0#2,loose,180,0.9110169491525424
carry,geolife,153/20101209235727/0#3,reversed,600,0.2317470664928292
carry,geolife,068/20090907000653/0#0,tight,30,3.5198302896144624
carry,geolife,068/20090907000653/0#1,tight,120,0.7970854085961999
carry,geolife,068/20090907000653/0#2,loose,120,0.9417081719239992
carry,geolife,068/20090907000653/0#3,reversed,600,0.19977863862755948
carry,geolife,167/20080601042504/0#0,tight,600,0.11099075923230545
carry,geolife,167/20080601042504/0#1,tight,60,1.7046339234336392
carry,geolife,167/20080601042504/0#2,loose,600,0.10960295162982771
carry,geolife,167/20080601042504/0#3,reversed,600,0.11654198964221643
carry,geolife,030/20090115005103/0#0,tight,600,0.22643312101910829
carry,geolife,030/20090115005103/0#1,tight,120,0.939171974522293
carry,geolife,030/20090115005103/0#2,loose,180,0.6315286624203822
carry,geolife,030/20090115005103/0#3,reversed,600,0.22643312101910829
carry,porto,1372749323620000242#0,tight,60,6.095837366892546
carry,porto,1372749323620000242#1,tight,30,11.26137463697967
carry,porto,1372749323620000242#2,loose,15,39.13359148112294
carry,porto,1372749323620000242#3,reversed,600,0.6940948693126815
carry,porto,1373044618620000682#0,tight,180,1.425531914893617
carry,porto,1373044618620000682#1,tight,60,3.386968085106383
carry,porto,1373044618620000682#2,loose,60,3.922872340425532
carry,porto,1373044618620000682#3,reversed,600,0.4654255319148936
carry,porto,1372684696620000671#0,tight,120,2.2175525339925835
carry,porto,1372684696620000671#1,tight,300,0.8788627935723115
carry,porto,1372684696620000671#2,loose,15,27.264524103831892
carry,porto,1372684696620000671#3,reversed,600,0.4326328800988875
carry,porto,1372840596620000268#0,tight,60,6.6323251417769375
carry,porto,1372840596620000268#1,tight,600,0.6720226843100189
carry,porto,1372840596620000268#2,loose,120,3.331758034026465
carry,porto,1372840596620000268#3,reversed,600,0.6776937618147448
carry,porto,1372725079620000671#0,tight,60,5.9863387978142075
carry,porto,1372725079620000671#1,tight,120,2.948998178506375
carry,porto,1372725079620000671#2,loose,30,14.456284153005464
carry,porto,1372725079620000671#3,reversed,600,0.6475409836065574
carry,porto,1373011085620000245#0,tight,15,23.72063492063492
carry,porto,1373011085620000245#1,tight,15,21.33015873015873
carry,porto,1373011085620000245#2,loose,600,0.7523809523809524
carry,porto,1373011085620000245#3,reversed,600,0.7523809523809524
carry,porto,1372963552620000527#0,tight,120,2.7082884822389666
carry,porto,1372963552620000527#1,tight,180,1.953713670613563
carry,porto,1372963552620000527#2,loose,120,2.77502691065662
carry,porto,1372963552620000527#3,reversed,30,10.093649085037676
carry,porto,1372983101620000574#0,tight,15,20.150060024009605
carry,porto,1372983101620000574#1,tight,30,9.641056422569028
carry,porto,1372983101620000574#2,loose,15,41.87875150060024
carry,porto,1372983101620000574#3,reversed,600,0.42016806722689076
carry,porto,1373095011620000480#0,tight,0,nan
carry,porto,1373095011620000480#1,tight,30,12.96368715083799
carry,porto,1373095011620000480#2,loose,30,12.809124767225326
carry,porto,1373095011620000480#3,reversed,60,6.4581005586592175
carry,porto,1372928556620000452#0,tight,60,5.191750278706801
carry,porto,1372928556620000452#1,tight,15,21.0546265328874
carry,porto,1372928556620000452#2,loose,30,16.54515050167224
carry,porto,1372928556620000452#3,reversed,600,0.7926421404682275
carry,porto,1372788577620000343#0,tight,60,6.417398945518453
carry,porto,1372788577620000343#1,tight,15,26.390158172231985
carry,porto,1372788577620000343#2,loose,180,2.2926186291739894
carry,porto,1372788577620000343#3,reversed,600,0.624780316344464
carry,porto,1372701247620000026#0,tight,0,nan
carry,porto,1372701247620000026#1,tight,15,20.002270147559592
carry,porto,1372701247620000026#2,loose,30,11.288308740068105
carry,porto,1372701247620000026#3,reversed,600,0.8070374574347332
carry,porto,1373006280620000174#0,tight,60,4.214198286413708
carry,porto,1373006280620000174#1,tight,180,1.3121175030599754
carry,porto,1373006280620000174#2,loose,15,27.80048959608323
carry,porto,1373006280620000174#3,reversed,600,0.4283965728274174
carry,porto,1372668416620000640#0,tight,120,1.488888888888889
carry,porto,1372668416620000640#1,tight,60,3.029166666666667
carry,porto,1372668416620000640#2,loose,30,10.590277777777779
carry,porto,1372668416620000640#3,reversed,600,0.4861111111111111
carry,porto,1372933141620000434#0,tight,15,16.466916354556805
carry,porto,1372933141620000434#1,tight,15,15.461922596754057
carry,porto,1372933141620000434#2,loose,15,18.677902621722847
carry,porto,1372933141620000434#3,reversed,600,0.4369538077403246
carry,porto,1372954367620000676#0,tight,30,7.461538461538462
carry,porto,1372954367620000676#1,tight,5,61.582597730138716
carry,porto,1372954367620000676#2,loose,60,4.03656998738966
carry,porto,1372954367620000676#3,reversed,600,0.44136191677175285
carry,porto,1373067865620000105#0,tight,15,22.54639175257732
carry,porto,1373067865620000105#1,tight,60,4.594501718213058
carry,porto,1373067865620000105#2,loose,60,6.230240549828179
carry,porto,1373067865620000105#3,reversed,600,0.8144329896907216
carry,porto,1372640900620000572#0,tight,15,32.13165905631659
carry,porto,1372640900620000572#1,tight,30,14.37062404870624
carry,porto,1372640900620000572#2,loose,600,0.8242009132420092
carry,porto,1372640900620000572#3,reversed,600,0.8242009132420092
carry,porto,1373130356620000621#0,tight,0,nan
carry,porto,1373130356620000621#1,tight,60,3.103021978021978
carry,porto,1373130356620000621#2,loose,60,3.995879120879121
carry,porto,1373130356620000621#3,reversed,600,0.4807692307692308
carry,porto,1372961085620000482#0,tight,30,16.051635111876077
carry,porto,1372961085620000482#1,tight,15,36.845955249569705
carry,porto,1372961085620000482#2,loose,120,3.6514629948364887
carry,porto,1372961085620000482#3,reversed,600,0.6118760757314974
carry,porto,1372845560620000039#0,tight,60,3.7187894073139973
carry,porto,1372845560620000039#1,tight,120,1.8070617906683482
carry,porto,1372845560620000039#2,loose,60,4.263556116015132
carry,porto,1372845560620000039#3,reversed,60,3.673392181588903
carry,porto,1373147601620000618#0,tight,300,1.2405498281786942
carry,porto,1373147601620000618#1,tight,180,1.6781214203894617
carry,porto,1373147601620000618#2,loose,300,1.2405498281786942
carry,porto,1373147601620000618#3,reversed,60,4.594501718213058
carry,porto,1372807681620000108#0,tight,120,1.9690860215053763
carry,porto,1372807681620000108#1,tight,30,6.456989247311828
carry,porto,1372807681620000108#2,loose,15,32.75403225806452
carry,porto,1372807681620000108#3,reversed,600,0.47043010752688175
carry,porto,1373057575620000435#0,tight,120,2.402452619843924
carry,porto,1373057575620000435#1,tight,60,4.81716833890747
carry,porto,1373057575620000435#2,loose,60,5.379041248606466
carry,porto,1373057575620000435#3,reversed,600,0.7926421404682275
carry,porto,1372707330620000502#0,tight,600,0.4807692307692308
carry,porto,1372707330620000502#1,tight,15,12.523351648351648
carry,porto,1372707330620000502#2,loose,15,21.287087912087912
carry,porto,1372707330620000502#3,reversed,600,0.4807692307692308
carry,porto,1372872941620000099#0,tight,60,4.103831891223733
carry,porto,1372872941620000099#1,tight,120,2.2435105067985166
carry,porto,1372872941620000099#2,loose,30,9.474660074165637
carry,porto,1372872941620000099#3,reversed,600,0.4326328800988875
carry,porto,1372669341620000388#0,tight,600,0.8819233110164334
carry,porto,1372669341620000388#1,tight,300,1.5313451004260499
carry,porto,1372669341620000388#2,loose,600,0.8819233110164334
carry,porto,1372669341620000388#3,reversed,30,16.814363968350577
carry,porto,1372666025620000495#0,tight,30,18.08901830282862
carry,porto,1372666025620000495#1,tight,60,6.381863560732113
carry,porto,1372666025620000495#2,loose,30,15.861064891846922
carry,porto,1372666025620000495#3,reversed,600,0.9009983361064892
carry,porto,1372667223620000499#0,tight,60,5.682317682317683
carry,porto,1372667223620000499#1,tight,180,1.7922077922077921
carry,porto,1372667223620000499#2,loose,30,11.715284715284715
carry,porto,1372667223620000499#3,reversed,600,0.7102897102897103
carry,porto,1373092621620000395#0,tight,60,5.898686679174484
carry,porto,1373092621620000395#1,tight,15,36.71388367729831
carry,porto,1373092621620000395#2,loose,120,3.306754221388368
carry,porto,1373092621620000395#3,reversed,600,0.6726078799249531
carry,porto,1373031448620000398#0,tight,30,6.610054347826087
carry,porto,1373031448620000398#1,tight,60,3.5448369565217392
carry,porto,1373031448620000398#2,loose,15,21.94701086956522
carry,porto,1373031448620000398#3,reversed,600,0.47554347826086957
carry,porto,1372655659620000663#0,tight,15,41.21024967148489
carry,porto,1372655659620000663#1,tight,600,0.9520367936925098
carry,porto,1372655659620000663#2,loose,600,0.9415243101182654
carry,porto,1372655659620000663#3,reversed,600,0.9730617608409987
carry,porto,1372929443620000662#0,tight,120,2.3680781758957656
carry,porto,1372929443620000662#1,tight,60,4.813246471226927
carry,porto,1372929443620000662#2,loose,120,2.3963083604777418
carry,porto,1372929443620000662#3,reversed,600,0.7719869706840391
carry,porto,1373121999620000517#0,tight,30,7.221354166666667
carry,porto,1373121999620000517#1,tight,15,15.0859375
carry,porto,1373121999620000517#2,loose,30,7.868489583333333
carry,porto,1373121999620000517#3,reversed,15,14.3515625
carry,porto,1372793982620000419#0,tight,0,nan
carry,porto,1372793982620000419#1,tight,30,5.697443181818182
carry,porto,1372793982620000419#2,loose,120,1.6321022727272727
carry,porto,1372793982620000419#3,reversed,600,0.4971590909090909
carry,porto,1372948948620000012#0,tight,60,3.0315934065934065
carry,porto,1372948948620000012#1,tight,15,13.798076923076923
carry,porto,1372948948620000012#2,loose,60,3.2815934065934065
carry,porto,1372948948620000012#3,reversed,600,0.4807692307692308
carry,porto,1373150318620000688#0,tight,60,5.1054897739504845
carry,porto,1373150318620000688#1,tight,15,25.77395048439182
carry,porto,1373150318620000688#2,loose,30,13.480086114101184
carry,porto,1373150318620000688#3,reversed,600,0.7653390742734123
carry,porto,1372668666620000109#0,tight,30,11.499508357915438
carry,porto,1372668666620000109#1,tight,15,25.07079646017699
carry,porto,1372668666620000109#2,loose,60,7.338249754178958
carry,porto,1372668666620000109#3,reversed,600,0.6991150442477876
carry,porto,1373025068620000591#0,tight,15,15.73392181588903
carry,porto,1373025068620000591#1,tight,60,3.809583858764187
carry,porto,1373025068620000591#2,loose,30,10.049180327868852
carry,porto,1373025068620000591#3,reversed,600,0.44136191677175285
carry,porto,1372798294620000476#0,tight,30,8.90011890606421
carry,porto,1372798294620000476#1,tight,15,22.048751486325802
carry,porto,1372798294620000476#2,loose,180,1.72294887039239
carry,porto,1372798294620000476#3,reversed,180,1.7039239001189062
carry,porto,1372957062620000377#0,tight,120,1.5383522727272727
carry,porto,1372957062620000377#1,tight,60,3.0980113636363638
carry,porto,1372957062620000377#2,loose,120,1.7414772727272727
carry,porto,1372957062620000377#3,reversed,120,1.5227272727272727
carry,porto,1373011286620000577#0,tight,15,20.002270147559592
carry,porto,1373011286620000577#1,tight,30,9.36322360953462
carry,porto,1373011286620000577#2,loose,15,22.157775255391602
carry,porto,1373011286620000577#3,reversed,600,0.8070374574347332
carry,porto,1373036663620000269#0,tight,60,6.330155979202773
carry,porto,1373036663620000269#1,tight,60,6.746100519930676
carry,porto,1373036663620000269#2,loose,60,6.579722703639515
carry,porto,1373036663620000269#3,reversed,600,0.6161178509532063
carry,porto,1372816001620000307#0,tight,60,4.306884480746791
carry,porto,1372816001620000307#1,tight,180,1.6721120186697782
carry,porto,1372816001620000307#2,loose,180,1.690781796966161
carry,porto,1372816001620000307#3,reversed,600,0.40840140023337224
carry,porto,1372895668620000338#0,tight,120,1.488888888888889
carry,porto,1372895668620000338#1,tight,180,0.9958333333333333
carry,porto,1372895668620000338#2,loose,60,3.498611111111111
carry,porto,1372895668620000338#3,reversed,600,0.4861111111111111
carry,porto,1372811202620000472#0,tight,60,6.097539543057996
carry,porto,1372811202620000472#1,tight,600,0.624780316344464
carry,porto,1372811202620000472#2,loose,15,62.57732864674868
carry,porto,1372811202620000472#3,reversed,600,0.624780316344464
carry,porto,1373113907620000403#0,tight,15,11.734550561797754
carry,porto,1373113907620000403#1,tight,15,11.883426966292134
carry,porto,1373113907620000403#2,loose,30,6.206460674157303
carry,porto,1373113907620000403#3,reversed,600,0.49157303370786515
carry,porto,1372795663620000222#0,tight,15,31.149214659685864
carry,porto,1372795663620000222#1,tight,180,2.195462478184991
carry,porto,1372795663620000222#2,loose,15,62.974694589877835
carry,porto,1372795663620000222#3,reversed,600,0.6256544502617801
carry,porto,1372971098620000680#0,tight,15,17.32533013205282
carry,porto,1372971098620000680#1,tight,180,1.7202881152460985
carry,porto,1372971098620000680#2,loose,30,11.388955582232892
carry,porto,1372971098620000680#3,reversed,180,1.7202881152460985
carry,porto,1372858471620000668#0,tight,120,2.874125874125874
carry,porto,1372858471620000668#1,tight,120,2.874125874125874
carry,porto,1372858471620000668#2,loose,180,1.876123876123876
carry,porto,1372858471620000668#3,reversed,600,0.7102897102897103
carry,porto,1372665577620000027#0,tight,15,34.32800608828006
carry,porto,1372665577620000027#1,tight,30,16.02130898021309
carry,porto,1372665577620000027#2,loose,15,40.91704718417047
carry,porto,1372665577620000027#3,reversed,600,0.8158295281582952
carry,porto,1372946149620000105#0,tight,60,4.970753655793026
carry,porto,1372946149620000105#1,tight,30,10.590551181102363
carry,porto,1372946149620000105#2,loose,120,2.482564679415073
carry,porto,1372946149620000105#3,reversed,600,0.7997750281214848
carry,porto,1373038727620000041#0,tight,15,13.001373626373626
carry,porto,1373038727620000041#1,tight,60,3.0673076923076925
carry,porto,1373038727620000041#2,loose,120,1.5782967032967032
carry,porto,1373038727620000041#3,reversed,600,0.4807692307692308
carry,porto,1373086305620000617#0,tight,15,24.435532994923857
carry,porto,1373086305620000617#1,tight,30,13.288324873096446
carry,porto,1373086305620000617#2,loose,15,53.856852791878175
carry,porto,1373086305620000617#3,reversed,600,0.7218274111675127
carry,porto,1372705712620000126#0,tight,15,17.96328029375765
carry,porto,1372705712620000126#1,tight,0,nan
carry,porto,1372705712620000126#2,loose,30,9.940024479804162
carry,porto,1372705712620000126#3,reversed,600,0.4283965728274174
carry,porto,1372775249620000408#0,tight,600,0.9029615626969124
carry,porto,1372775249620000408#1,tight,600,0.9029615626969124
carry,porto,1372775249620000408#2,loose,60,7.905482041587902
carry,porto,1372775249620000408#3,reversed,60,9.73156899810964
carry,porto,1373079823620000467#0,tight,60,4.912906610703043
carry,porto,1373079823620000467#1,tight,180,1.882476390346275
carry,porto,1373079823620000467#2,loose,15,51.65267576075551
carry,porto,1373079823620000467#3,reversed,600,0.7460650577124869
carry,porto,1373148802620000136#0,tight,60,4.912906610703043
carry,porto,1373148802620000136#1,tight,60,5.040923399790136
carry,porto,1373148802620000136#2,loose,120,3.0954879328436515
carry,porto,1373148802620000136#3,reversed,600,0.7460650577124869
carry,porto,1372861612620000451#0,tight,15,20.33984799131379
carry,porto,1372861612620000451#1,tight,60,4.995656894679696
carry,porto,1372861612620000451#2,loose,30,11.788273615635179
carry,porto,1372861612620000451#3,reversed,600,0.7719869706840391
carry,porto,1372731403620000678#0,tight,30,8.25089179548157
carry,porto,1372731403620000678#1,tight,120,2.1331747919143877
carry,porto,1372731403620000678#2,loose,60,4.771700356718193
carry,porto,1372731403620000678#3,reversed,60,4.334126040428062
carry,porto,1372883453620000388#0,tight,600,0.6620111731843575
carry,porto,1372883453620000388#1,tight,30,12.345437616387336
carry,porto,1372883453620000388#2,loose,180,2.0791433891992552
carry,porto,1372883453620000388#3,reversed,600,0.6620111731843575
carry,porto,1373147570620000345#0,tight,15,18.66627771295216
carry,porto,1373147570620000345#1,tight,60,4.253208868144691
carry,porto,1373147570620000345#2,loose,15,25.7561260210035
carry,porto,1373147570620000345#3,reversed,600,0.40840140023337224
carry,porto,1373141123620000665#0,tight,600,0.7917282127031019
carry,porto,1373141123620000665#1,tight,120,3.9084194977843425
carry,porto,1373141123620000665#2,loose,600,0.7917282127031019
carry,porto,1373141123620000665#3,reversed,600,0.7998522895125554
carry,porto,1373013601620000400#0,tight,0,nan
carry,porto,1373013601620000400#1,tight,60,3.171875
carry,porto,1373013601620000400#2,loose,60,3.2088068181818183
carry,porto,1373013601620000400#3,reversed,600,0.4971590909090909
carry,porto,1373016253620000098#0,tight,15,14.43543956043956
carry,porto,1373016253620000098#1,tight,60,2.995879120879121
carry,porto,1373016253620000098#2,loose,30,7.396978021978022
carry,porto,1373016253620000098#3,reversed,600,0.4807692307692308
carry,porto,1373109105620000667#0,tight,30,9.481099656357388
carry,porto,1373109105620000667#1,tight,15,18.063001145475372
carry,porto,1373109105620000667#2,loose,15,31.277205040091637
carry,porto,1373109105620000667#3,reversed,600,0.8144329896907216
carry,porto,1372777463620000267#0,tight,600,0.4557291666666667
carry,porto,1372777463620000267#1,tight,180,1.3958333333333333
carry,porto,1372777463620000267#2,loose,60,3.93359375
carry,porto,1372777463620000267#3,reversed,600,0.4557291666666667
carry,porto,1372865820620000397#0,tight,30,18.581100141043724
carry,porto,1372865820620000397#1,tight,15,62.26586741889986
carry,porto,1372865820620000397#2,loose,600,0.7559943582510579
carry,porto,1372865820620000397#3,reversed,600,0.7637517630465445
carry,porto,1372855437620000311#0,tight,600,0.7337461300309598
carry,porto,1372855437620000311#1,tight,120,2.5964912280701755
carry,porto,1372855437620000311#2,loose,600,0.7461300309597523
carry,porto,1372855437620000311#3,reversed,600,0.7337461300309598
carry,porto,1373055388620000083#0,tight,180,1.8426395939086295
carry,porto,1373055388620000083#1,tight,600,0.7218274111675127
carry,porto,1373055388620000083#2,loose,15,53.856852791878175
carry,porto,1373055388620000083#3,reversed,600,0.7279187817258883
carry,porto,1373012912620000285#0,tight,30,11.396124865446717
carry,porto,1373012912620000285#1,tight,15,24.217438105489773
carry,porto,1373012912620000285#2,loose,30,13.480086114101184
carry,porto,1373012912620000285#3,reversed,600,0.7653390742734123
carry,porto,1373015175620000452#0,tight,60,3.74609375
carry,porto,1373015175620000452#1,tight,0,nan
carry,porto,1373015175620000452#2,loose,15,20.77734375
carry,porto,1373015175620000452#3,reversed,600,0.4557291666666667
carry,porto,1372934871620000180#0,tight,15,16.707466340269278
carry,porto,1372934871620000180#1,tight,15,16.707466340269278
carry,porto,1372934871620000180#2,loose,30,8.887392900856794
carry,porto,1372934871620000180#3,reversed,600,0.42962056303549573
carry,porto,1373056224620000030#0,tight,120,2.9940535183349852
carry,porto,1373056224620000030#1,tight,120,2.9940535183349852
carry,porto,1373056224620000030#2,loose,120,3.101090188305253
carry,porto,1373056224620000030#3,reversed,600,0.7046580773042617
carry,porto,1372670827620000409#0,tight,30,8.984971098265897
carry,porto,1372670827620000409#1,tight,15,17.79537572254335
carry,porto,1372670827620000409#2,loose,120,2.701734104046243
carry,porto,1372670827620000409#3,reversed,600,0.8219653179190751
carry,porto,1372994981620000624#0,tight,60,3.0997191011235956
carry,porto,1372994981620000624#1,tight,60,3.063202247191011
carry,porto,1372994981620000624#2,loose,15,19.922752808988765
carry,porto,1372994981620000624#3,reversed,600,0.49157303370786515
carry,porto,1372833877620000435#0,tight,60,5.019047619047619
carry,porto,1372833877620000435#1,tight,15,23.455026455026456
carry,porto,1372833877620000435#2,loose,30,12.453968253968254
carry,porto,1372833877620000435#3,reversed,600,0.7523809523809524
carry,porto,1372940224620000472#0,tight,30,6.444293478260869
carry,porto,1372940224620000472#1,tight,120,1.9470108695652173
carry,porto,1372940224620000472#2,loose,120,1.9904891304347827
carry,porto,1372940224620000472#3,reversed,600,0.47554347826086957
carry,porto,1372945298620000472#0,tight,15,15.537200504413619
carry,porto,1372945298620000472#1,tight,60,3.7187894073139973
carry,porto,1372945298620000472#2,loose,60,4.944514501891551
carry,porto,1372945298620000472#3,reversed,600,0.44136191677175285
carry,porto,1373104997620000589#0,tight,120,1.488888888888889
carry,porto,1373104997620000589#1,tight,15,12.904166666666667
carry,porto,1373104997620000589#2,loose,120,1.55
carry,porto,1373104997620000589#3,reversed,600,0.4861111111111111
carry,porto,1372769041620000226#0,tight,60,3.381720430107527
carry,porto,1372769041620000226#1,tight,60,3.59005376344086
carry,porto,1372769041620000226#2,loose,30,7.030913978494624
carry,porto,1372769041620000226#3,reversed,600,0.47043010752688175
carry,porto,1372923251620000483#0,tight,120,3.176419965576592
carry,porto,1372923251620000483#1,tight,60,6.2865748709122204
carry,porto,1372923251620000483#2,loose,15,37.17814113597246
carry,porto,1372923251620000483#3,reversed,600,0.6118760757314974
carry,porto,1373034734620000314#0,tight,120,2.841951219512195
carry,porto,1373034734620000314#1,tight,15,26.7590243902439
carry,porto,1373034734620000314#2,loose,30,19.5990243902439
carry,porto,1373034734620000314#3,reversed,600,0.6936585365853658
carry,porto,1373135833620000518#0,tight,120,1.5383522727272727
carry,porto,1373135833620000518#1,tight,60,3.0980113636363638
carry,porto,1373135833620000518#2,loose,120,1.5539772727272727
carry,porto,1373135833620000518#3,reversed,30,5.769886363636363
carry,porto,1373112041620000657#0,tight,600,0.44642857142857145
carry,porto,1373112041620000657#1,tight,600,0.44642857142857145
carry,porto,1373112041620000657#2,loose,60,5.001275510204081
carry,porto,1373112041620000657#3,reversed,600,0.44642857142857145
carry,porto,1372926505620000535#0,tight,600,0.7653390742734123
carry,porto,1372926505620000535#1,tight,600,0.7653390742734123
carry,porto,1372926505620000535#2,loose,180,2.1345532831001077
carry,porto,1372926505620000535#3,reversed,600,0.7717976318622174
carry,porto,1372696773620000197#0,tight,30,9.101734104046242
carry,porto,1372696773620000197#1,tight,60,4.695953757225434
carry,porto,1372696773620000197#2,loose,120,2.6115606936416187
carry,porto,1372696773620000197#3,reversed,600,0.8219653179190751
carry,porto,1372957491620000649#0,tight,15,21.83848797250859
carry,porto,1372957491620000649#1,tight,30,8.786941580756015
carry,porto,1372957491620000649#2,loose,15,21.83848797250859
carry,porto,1372957491620000649#3,reversed,600,0.8144329896907216
carry,porto,1373104198620000235#0,tight,30,18.73270254287404
carry,porto,1373104198620000235#1,tight,30,23.785334121821407
carry,porto,1373104198620000235#2,loose,30,17.259018332347722
carry,porto,1373104198620000235#3,reversed,60,11.009461856889414
carry,porto,1373016501620000174#0,tight,120,2.7636887608069163
carry,porto,1373016501620000174#1,tight,120,2.867435158501441
carry,porto,1373016501620000174#2,loose,15,27.512968299711815
carry,porto,1373016501620000174#3,reversed,600,0.6829971181556196
carry,porto,1372713144620000901#0,tight,15,19.421965317919074
carry,porto,1372713144620000901#1,tight,600,0.8219653179190751
carry,porto,1372713144620000901#2,loose,60,6.2878612716763005
carry,porto,1372713144620000901#3,reversed,600,0.8219653179190751
carry,porto,1372763931620000697#0,tight,30,13.997584541062801
carry,porto,1372763931620000697#1,tight,60,7.409822866344605
carry,porto,1372763931620000697#2,loose,30,17.82367149758454
carry,porto,1372763931620000697#3,reversed,600,0.8631239935587761
carry,porto,1373021609620000619#0,tight,15,29.5752
carry,porto,1373021609620000619#1,tight,120,3.86
carry,porto,1373021609620000619#2,loose,180,2.5608
carry,porto,1373021609620000619#3,reversed,600,0.8576
carry,porto,1372934841620000026#0,tight,60,4.83646408839779
carry,porto,1372934841620000026#1,tight,600,0.7856353591160221
carry,porto,1372934841620000026#2,loose,30,16.39889502762431
carry,porto,1372934841620000026#3,reversed,600,0.7856353591160221
carry,porto,1372924654620000429#0,tight,0,nan
carry,porto,1372924654620000429#1,tight,120,2.2694684796044498
carry,porto,1372924654620000429#2,loose,180,1.338689740420272
carry,porto,1372924654620000429#3,reversed,600,0.4326328800988875
carry,porto,1373007999620000038#0,tight,15,13.967696629213483
carry,porto,1373007999620000038#1,tight,120,1.521067415730337
carry,porto,1373007999620000038#2,loose,15,13.967696629213483
carry,porto,1373007999620000038#3,reversed,600,0.49157303370786515
carry,porto,1372668925620000344#0,tight,120,3.0458715596330275
carry,porto,1372668925620000344#1,tight,120,3.1587155963302753
carry,porto,1372668925620000344#2,loose,15,41.3
carry,porto,1372668925620000344#3,reversed,600,0.6522935779816513
carry,porto,1372980015620000173#0,tight,60,3.6279949558638083
carry,porto,1372980015620000173#1,tight,600,0.44136191677175285
carry,porto,1372980015620000173#2,loose,60,4.944514501891551
carry,porto,1372980015620000173#3,reversed,600,0.44136191677175285
carry,porto,1372674158620000055#0,tight,600,0.624780316344464
carry,porto,1372674158620000055#1,tight,600,0.624780316344464
carry,porto,1372674158620000055#2,loose,180,2.319859402460457
carry,porto,1372674158620000055#3,reversed,600,0.6300527240773286
carry,porto,1372868433620000257#0,tight,60,5.611388611388612
carry,porto,1372868433620000257#1,tight,180,1.7922077922077921
carry,porto,1372868433620000257#2,loose,120,2.946053946053946
carry,porto,1372868433620000257#3,reversed,600,0.7162837162837162
carry,porto,1373136004620000688#0,tight,30,7.951310861423221
carry,porto,1373136004620000688#1,tight,180,1.3383270911360798
carry,porto,1373136004620000688#2,loose,60,4.247191011235955
carry,porto,1373136004620000688#3,reversed,15,15.662921348314606
carry,porto,1373072243620000173#0,tight,15,18.063001145475372
carry,porto,1373072243620000173#1,tight,15,19.242840778923252
carry,porto,1373072243620000173#2,loose,30,15.497136311569301
carry,porto,1373072243620000173#3,reversed,600,0.8144329896907216
carry,porto,1373058830620000542#0,tight,180,1.3673469387755102
carry,porto,1373058830620000542#1,tight,60,3.7155612244897958
carry,porto,1373058830620000542#2,loose,180,1.4234693877551021
carry,porto,1373058830620000542#3,reversed,300,0.9068877551020408
carry,porto,1373049957620000017#0,tight,30,10.143646408839778
carry,porto,1373049957620000017#1,tight,15,22.082872928176794
carry,porto,1373049957620000017#2,loose,30,12.719337016574586
carry,porto,1373049957620000017#3,reversed,600,0.7856353591160221
carry,porto,1372934986620000451#0,tight,15,17.83984375
carry,porto,1372934986620000451#1,tight,30,7.313802083333333
carry,porto,1372934986620000451#2,loose,15,24.44921875
carry,porto,1372934986620000451#3,reversed,600,0.4557291666666667
carry,porto,1373089896620000472#0,tight,30,10.23986856516977
carry,porto,1373089896620000472#1,tight,30,10.748083242059145
carry,porto,1373089896620000472#2,loose,60,6.5115005476451255
carry,porto,1373089896620000472#3,reversed,600,0.778751369112815
carry,porto,1372767475620000632#0,tight,30,7.764473684210526
carry,porto,1372767475620000632#1,tight,30,6.809210526315789
carry,porto,1372767475620000632#2,loose,15,23.84342105263158
carry,porto,1372767475620000632#3,reversed,600,0.4605263157894737
carry,porto,1372766587620000217#0,tight,0,nan
carry,porto,1372766587620000217#1,tight,60,7.52428810720268
carry,porto,1372766587620000217#2,loose,600,0.897822445561139
carry,porto,1372766587620000217#3,reversed,600,0.907035175879397
carry,porto,1373014154620000481#0,tight,60,5.772682926829268
carry,porto,1373014154620000481#1,tight,180,2.1278048780487806
carry,porto,1373014154620000481#2,loose,60,6.662439024390244
carry,porto,1373014154620000481#3,reversed,600,0.6936585365853658
carry,porto,1372804631620000108#0,tight,60,3.4281914893617023
carry,porto,1372804631620000108#1,tight,120,1.9268617021276595
carry,porto,1372804631620000108#2,loose,60,3.5106382978723403
carry,porto,1372804631620000108#3,reversed,600,0.4654255319148936
carry,porto,1372660168620000403#0,tight,5,37.25
carry,porto,1372660168620000403#1,tight,30,5.842329545454546
carry,porto,1372660168620000403#2,loose,120,1.7414772727272727
carry,porto,1372660168620000403#3,reversed,600,0.4971590909090909
carry,porto,1372782785620000066#0,tight,60,5.320812182741117
carry,porto,1372782785620000066#1,tight,180,1.8213197969543147
carry,porto,1372782785620000066#2,loose,15,25.836548223350253
carry,porto,1372782785620000066#3,reversed,600,0.7218274111675127
carry,porto,1373030600620000271#0,tight,180,1.6721120186697782
carry,porto,1373030600620000271#1,tight,180,1.6721120186697782
carry,porto,1373030600620000271#2,loose,300,0.8366394399066511
carry,porto,1373030600620000271#3,reversed,600,0.40840140023337224
carry,porto,1373034450620000602#0,tight,120,2.117852975495916
carry,porto,1373034450620000602#1,tight,30,8.635939323220537
carry,porto,1373034450620000602#2,loose,60,4.950991831971995
carry,porto,1373034450620000602#3,reversed,600,0.40840140023337224
carry,porto,1372813886620000154#0,tight,600,0.47043010752688175
carry,porto,1372813886620000154#1,tight,15,15.310483870967742
carry,porto,1372813886620000154#2,loose,30,7.850806451612903
carry,porto,1372813886620000154#3,reversed,15,14.463709677419354
carry,porto,1372940279620000257#0,tight,120,2.3398479913137895
carry,porto,1372940279620000257#1,tight,15,23.414766558089035
carry,porto,1372940279620000257#2,loose,15,28.795874049945713
carry,porto,1372940279620000257#3,reversed,120,2.3398479913137895
carry,porto,1373018720620000013#0,tight,30,11.809667673716012
carry,porto,1373018720620000013#1,tight,15,22.97482376636455
carry,porto,1373018720620000013#2,loose,15,37.40684793554884
carry,porto,1373018720620000013#3,reversed,600,0.7220543806646526
carry,porto,1372893731620000381#0,tight,60,5.772682926829268
carry,porto,1372893731620000381#1,tight,600,0.6936585365853658
carry,porto,1372893731620000381#2,loose,60,6.662439024390244
carry,porto,1372893731620000381#3,reversed,600,0.6936585365853658
carry,porto,1373049800620000295#0,tight,120,2.2254545454545456
carry,porto,1373049800620000295#1,tight,60,4.024242424242424
carry,porto,1373049800620000295#2,loose,600,0.42424242424242425
carry,porto,1373049800620000295#3,reversed,600,0.42424242424242425
carry,porto,1372906976620000308#0,tight,180,1.3250927070457355
carry,porto,1372906976620000308#1,tight,180,1.3522867737948083
carry,porto,1372906976620000308#2,loose,30,8.473423980222497
carry,porto,1372906976620000308#3,reversed,600,0.4326328800988875
carry,porto,1372970710620000031#0,tight,15,22.732949087415946
carry,porto,1372970710620000031#1,tight,600,0.6829971181556196
carry,porto,1372970710620000031#2,loose,15,27.512968299711815
carry,porto,1372970710620000031#3,reversed,600,0.6829971181556196
carry,porto,1372846974620000450#0,tight,30,8.132408575031526
carry,porto,1372846974620000450#1,tight,120,1.8675914249684742
carry,porto,1372846974620000450#2,loose,30,9.09079445145019
carry,porto,1372846974620000450#3,reversed,600,0.44136191677175285
carry,porto,1373101158620000068#0,tight,180,1.7039239001189062
carry,porto,1373101158620000068#1,tight,60,4.334126040428062
carry,porto,1373101158620000068#2,loose,60,4.498216409036861
carry,porto,1373101158620000068#3,reversed,600,0.4161712247324614
carry,porto,1373034294620000327#0,tight,600,0.7997750281214848
carry,porto,1373034294620000327#1,tight,15,19.79865016872891
carry,porto,1373034294620000327#2,loose,15,32.19010123734533
carry,porto,1373034294620000327#3,reversed,600,0.7997750281214848
carry,porto,1373068918620000370#0,tight,600,0.4557291666666667
carry,porto,1373068918620000370#1,tight,180,1.3958333333333333
carry,porto,1373068918620000370#2,loose,30,7.868489583333333
carry,porto,1373068918620000370#3,reversed,600,0.4557291666666667
carry,porto,1373152822620000192#0,tight,300,0.9454787234042553
carry,porto,1373152822620000192#1,tight,120,1.9055851063829787
carry,porto,1373152822620000192#2,loose,60,3.922872340425532
carry,porto,1373152822620000192#3,reversed,600,0.4654255319148936
carry,porto,1372649121620000486#0,tight,15,15.461922596754057
carry,porto,1372649121620000486#1,tight,180,1.3383270911360798
carry,porto,1372649121620000486#2,loose,15,26.71785268414482
carry,porto,1372649121620000486#3,reversed,600,0.4369538077403246
carry,porto,1372930466620000126#0,tight,15,24.772961816305468
carry,porto,1372930466620000126#1,tight,15,25.321981424148607
carry,porto,1372930466620000126#2,loose,30,13.968008255933952
carry,porto,1372930466620000126#3,reversed,600,0.7337461300309598
carry,porto,1373018167620000450#0,tight,120,3.215500945179584
carry,porto,1373018167620000450#1,tight,120,3.1767485822306236
carry,porto,1373018167620000450#2,loose,60,6.862003780718337
carry,porto,1373018167620000450#3,reversed,600,0.6720226843100189
carry,porto,1372743985620000386#0,tight,30,7.653215636822194
carry,porto,1372743985620000386#1,tight,30,7.461538461538462
carry,porto,1372743985620000386#2,loose,30,8.132408575031526
carry,porto,1372743985620000386#3,reversed,0,nan
carry,porto,1373020683620000148#0,tight,120,1.4725274725274726
carry,porto,1373020683620000148#1,tight,15,12.842032967032967
carry,porto,1373020683620000148#2,loose,120,1.5782967032967032
carry,porto,1373020683620000148#3,reversed,0,nan
carry,porto,1373041008620000014#0,tight,300,1.2279495990836198
carry,porto,1373041008620000014#1,tight,60,4.711340206185567
carry,porto,1373041008620000014#2,loose,60,5.353951890034364
carry,porto,1373041008620000014#3,reversed,600,0.8144329896907216
carry,porto,1372785972620000047#0,tight,600,0.6720226843100189
carry,porto,1372785972620000047#1,tight,5,122.15879017013232
carry,porto,1372785972620000047#2,loose,30,14.140831758034027
carry,porto,1372785972620000047#3,reversed,600,0.6720226843100189
carry,porto,1372951295620000421#0,tight,600,0.4283965728274174
carry,porto,1372951295620000421#1,tight,60,4.164014687882497
carry,porto,1372951295620000421#2,loose,60,5.4186046511627906
carry,porto,1372951295620000421#3,reversed,600,0.4283965728274174
carry,porto,1372680998620000120#0,tight,30,10.143646408839778
carry,porto,1372680998620000120#1,tight,120,2.4099447513812153
carry,porto,1372680998620000120#2,loose,30,16.39889502762431
carry,porto,1372680998620000120#3,reversed,600,0.7856353591160221
carry,porto,1372996407620000561#0,tight,30,7.146907216494846
carry,porto,1372996407620000561#1,tight,30,7.421391752577319
carry,porto,1372996407620000561#2,loose,15,25.042525773195877
carry,porto,1372996407620000561#3,reversed,600,0.45103092783505155
carry,porto,1372921950620000434#0,tight,30,10.366211962224554
carry,porto,1372921950620000434#1,tight,60,5.104931794333683
carry,porto,1372921950620000434#2,loose,60,5.809024134312697
carry,porto,1372921950620000434#3,reversed,600,0.7523609653725079
carry,porto,1373045028620000230#0,tight,180,1.8131868131868132
carry,porto,1373045028620000230#1,tight,60,5.469530469530469
carry,porto,1373045028620000230#2,loose,15,37.76323676323676
carry,porto,1373045028620000230#3,reversed,600,0.7102897102897103
carry,porto,1373037615620000309#0,tight,120,1.5227272727272727
carry,porto,1373037615620000309#1,tight,30,5.9147727272727275
carry,porto,1373037615620000309#2,loose,60,3.578125
carry,porto,1373037615620000309#3,reversed,120,1.5227272727272727
carry,porto,1372782899620000154#0,tight,60,4.347467608951708
carry,porto,1372782899620000154#1,tight,60,4.401648998822144
carry,porto,1372782899620000154#2,loose,60,5.810365135453475
carry,porto,1372782899620000154#3,reversed,600,0.4122497055359246
carry,porto,1373014923620000177#0,tight,60,5.852380952380952
carry,porto,1373014923620000177#1,tight,15,32.827619047619045
carry,porto,1373014923620000177#2,loose,180,2.1266666666666665
carry,porto,1373014923620000177#3,reversed,600,0.6771428571428572
carry,porto,1372944922620000286#0,tight,15,18.43757292882147
carry,porto,1372944922620000286#1,tight,120,2.093348891481914
carry,porto,1372944922620000286#2,loose,180,1.840140023337223
carry,porto,1372944922620000286#3,reversed,600,0.40840140023337224
carry,porto,1373002267620000337#0,tight,300,1.3342440801457194
carry,porto,1373002267620000337#1,tight,15,24.26502732240437
carry,porto,1373002267620000337#2,loose,30,16.01366120218579
carry,porto,1373002267620000337#3,reversed,600,0.6530054644808743
carry,porto,1372911865620000014#0,tight,30,12.7012987012987
carry,porto,1372911865620000014#1,tight,600,0.7102897102897103
carry,porto,1372911865620000014#2,loose,60,6.036963036963037
carry,porto,1372911865620000014#3,reversed,600,0.7102897102897103
carry,porto,1372945326620000653#0,tight,60,3.88671875
carry,porto,1372945326620000653#1,tight,60,4.02734375
carry,porto,1372945326620000653#2,loose,600,0.4557291666666667
carry,porto,1372945326620000653#3,reversed,600,0.4557291666666667
carry,porto,1372896152620000235#0,tight,120,2.221542227662179
carry,porto,1372896152620000235#1,tight,15,16.91676866585067
carry,porto,1372896152620000235#2,loose,30,10.99265605875153
carry,porto,1372896152620000235#3,reversed,600,0.4283965728274174
carry,porto,1372639380620000201#0,tight,120,2.617258883248731
carry,porto,1372639380620000201#1,tight,60,5.856852791878173
carry,porto,1372639380620000201#2,loose,15,31.440609137055837
carry,porto,1372639380620000201#3,reversed,600,0.7218274111675127
carry,porto,1373030080620000503#0,tight,60,3.899234693877551
carry,porto,1373030080620000503#1,tight,180,1.3673469387755102
carry,porto,1373030080620000503#2,loose,120,1.9706632653061225
carry,porto,1373030080620000503#3,reversed,600,0.44642857142857145
carry,porto,1373030806620000310#0,tight,600,0.45103092783505155
carry,porto,1373030806620000310#1,tight,30,7.421391752577319
carry,porto,1373030806620000310#2,loose,60,5.052835051546392
carry,porto,1373030806620000310#3,reversed,600,0.45103092783505155
carry,porto,1373076867620000076#0,tight,30,7.23840206185567
carry,porto,1373076867620000076#1,tight,30,7.329896907216495
carry,porto,1373076867620000076#2,loose,15,25.042525773195877
carry,porto,1373076867620000076#3,reversed,600,0.45103092783505155
carry,porto,1373070854620000310#0,tight,60,5.908217716115262
carry,porto,1373070854620000310#1,tight,15,28.44076840981857
carry,porto,1373070854620000310#2,loose,30,17.239060832443972
carry,porto,1373070854620000310#3,reversed,600,0.7652081109925294
carry,porto,1372882033620000548#0,tight,15,31.341421143847487
carry,porto,1372882033620000548#1,tight,15,29.69064124783362
carry,porto,1372882033620000548#2,loose,15,36.954072790294624
carry,porto,1372882033620000548#3,reversed,600,0.6161178509532063
carry,porto,1372969726620000295#0,tight,600,0.6292035398230088
carry,porto,1372969726620000295#1,tight,60,6.623893805309734
carry,porto,1372969726620000295#2,loose,30,21.261061946902654
carry,porto,1372969726620000295#3,reversed,600,0.6345132743362832
carry,porto,1373063142620000280#0,tight,30,17.11152141802068
carry,porto,1373063142620000280#1,tight,120,3.4579025110782866
carry,porto,1373063142620000280#2,loose,60,8.226735598227474
carry,porto,1373063142620000280#3,reversed,600,0.7917282127031019
carry,porto,1372668313620000452#0,tight,15,31.787284144427
carry,porto,1372668313620000452#1,tight,15,50.04160125588697
carry,porto,1372668313620000452#2,loose,600,0.8500784929356358
carry,porto,1372668313620000452#3,reversed,600,0.8500784929356358
carry,porto,1372809346620000692#0,tight,120,1.9065789473684212
carry,porto,1372809346620000692#1,tight,60,3.432894736842105
carry,porto,1372809346620000692#2,loose,60,4.493421052631579
carry,porto,1372809346620000692#3,reversed,600,0.4605263157894737
carry,porto,1373082585620000160#0,tight,60,3.506720430107527
carry,porto,1373082585620000160#1,tight,60,3.4233870967741935
carry,porto,1373082585620000160#2,loose,60,3.5483870967741935
carry,porto,1373082585620000160#3,reversed,600,0.47043010752688175
carry,porto,1372771306620000607#0,tight,600,0.7460650577124869
carry,porto,1372771306620000607#1,tight,30,11.159496327387199
carry,porto,1372771306620000607#2,loose,30,12.349422875131165
carry,porto,1372771306620000607#3,reversed,600,0.7460650577124869
carry,porto,1373035504620000197#0,tight,60,3.063202247191011
carry,porto,1373035504620000197#1,tight,60,3.063202247191011
carry,porto,1373035504620000197#2,loose,60,3.537921348314607
carry,porto,1373035504620000197#3,reversed,600,0.49157303370786515
carry,porto,1373053550620000634#0,tight,0,nan
carry,porto,1373053550620000634#1,tight,120,1.521067415730337
carry,porto,1373053550620000634#2,loose,60,4.08567415730337
carry,porto,1373053550620000634#3,reversed,600,0.49157303370786515
carry,porto,1372772921620000314#0,tight,15,29.69064124783362
carry,porto,1372772921620000314#1,tight,30,13.349220103986136
carry,porto,1372772921620000314#2,loose,15,36.954072790294624
carry,porto,1372772921620000314#3,reversed,600,0.6161178509532063
carry,porto,1372699885620000397#0,tight,600,0.8743882544861338
carry,porto,1372699885620000397#1,tight,0,nan
carry,porto,1372699885620000397#2,loose,60,6.814845024469821
carry,porto,1372699885620000397#3,reversed,600,0.8743882544861338
carry,porto,1373035662620000303#0,tight,30,6.809210526315789
carry,porto,1373035662620000303#1,tight,180,1.4105263157894736
carry,porto,1373035662620000303#2,loose,60,3.473684210526316
carry,porto,1373035662620000303#3,reversed,600,0.4605263157894737
carry,porto,1372840736620000455#0,tight,30,14.067883211678833
carry,porto,1372840736620000455#1,tight,15,30.032846715328468
carry,porto,1372840736620000455#2,loose,15,34.552554744525544
carry,porto,1372840736620000455#3,reversed,600,0.7824817518248175
carry,porto,1372669911620000455#0,tight,120,1.488888888888889
carry,porto,1372669911620000455#1,tight,120,1.488888888888889
carry,porto,1372669911620000455#2,loose,120,1.5958333333333334
carry,porto,1372669911620000455#3,reversed,600,0.4861111111111111
carry,porto,1373111090620000443#0,tight,0,nan
carry,porto,1373111090620000443#1,tight,30,9.731653888280395
carry,porto,1373111090620000443#2,loose,60,6.5115005476451255
carry,porto,1373111090620000443#3,reversed,600,0.778751369112815
carry,porto,1372688095620000377#0,tight,600,0.7460650577124869
carry,porto,1372688095620000377#1,tight,120,2.737670514165792
carry,porto,1372688095620000377#2,loose,60,5.488982161594963
carry,porto,1372688095620000377#3,reversed,600,0.7460650577124869
carry,porto,1372695102620000472#0,tight,600,0.7856353591160221
carry,porto,1372695102620000472#1,tight,15,21.58342541436464
carry,porto,1372695102620000472#2,loose,180,1.6541436464088397
carry,porto,1372695102620000472#3,reversed,600,0.7856353591160221
carry,porto,1372663437620000496#0,tight,15,50.05754088431254
carry,porto,1372663437620000496#1,tight,30,16.347062386432466
carry,porto,1372663437620000496#2,loose,600,0.8679588128407026
carry,porto,1372663437620000496#3,reversed,600,0.8679588128407026
carry,porto,1372965444620000100#0,tight,120,2.1958384332925336
carry,porto,1372965444620000100#1,tight,120,2.221542227662179
carry,porto,1372965444620000100#2,loose,120,2.5556915544675642
carry,porto,1372965444620000100#3,reversed,120,2.1958384332925336
carry,porto,1372662057620000620#0,tight,30,8.747957992998833
carry,porto,1372662057620000620#1,tight,30,8.635939323220537
carry,porto,1372662057620000620#2,loose,600,0.40840140023337224
carry,porto,1372662057620000620#3,reversed,60,4.253208868144691
carry,porto,1372853546620000363#0,tight,60,5.829971181556196
carry,porto,1372853546620000363#1,tight,15,30.201729106628243
carry,porto,1372853546620000363#2,loose,60,5.829971181556196
carry,porto,1372853546620000363#3,reversed,180,2.0701248799231506
carry,porto,1372838086620000443#0,tight,30,13.080645161290322
carry,porto,1372838086620000443#1,tight,120,3.2504244482173177
carry,porto,1372838086620000443#2,loose,60,6.853140916808149
carry,porto,1372838086620000443#3,reversed,600,0.6035653650254669
carry,porto,1372846561620000633#0,tight,60,3.386968085106383
carry,porto,1372846561620000633#1,tight,15,14.514627659574469
carry,porto,1372846561620000633#2,loose,180,1.4694148936170213
carry,porto,1372846561620000633#3,reversed,600,0.4654255319148936
carry,porto,1372714547620000603#0,tight,30,11.347826086956522
carry,porto,1372714547620000603#1,tight,60,5.004459308807135
carry,porto,1372714547620000603#2,loose,60,5.379041248606466
carry,porto,1372714547620000603#3,reversed,600,0.7926421404682275
carry,porto,1373077514620000517#0,tight,120,1.8272383354350568
carry,porto,1373077514620000517#1,tight,30,7.557377049180328
carry,porto,1373077514620000517#2,loose,30,8.132408575031526
carry,porto,1373077514620000517#3,reversed,600,0.44136191677175285
carry,porto,1372774631620000289#0,tight,30,13.947970863683663
carry,porto,1372774631620000289#1,tight,60,5.3163371488033295
carry,porto,1372774631620000289#2,loose,30,14.084287200832467
carry,porto,1372774631620000289#3,reversed,600,0.7398543184183143
carry,porto,1372894448620000662#0,tight,180,1.3673469387755102
carry,porto,1372894448620000662#1,tight,60,3.7614795918367347
carry,porto,1372894448620000662#2,loose,15,21.771683673469386
carry,porto,1372894448620000662#3,reversed,600,0.44642857142857145
carry,porto,1372858751620000586#0,tight,30,9.724177071509649
carry,porto,1372858751620000586#1,tight,30,9.724177071509649
carry,porto,1372858751620000586#2,loose,15,22.157775255391602
carry,porto,1372858751620000586#3,reversed,600,0.8070374574347332
carry,porto,1372687520620000094#0,tight,120,2.2397003745318353
carry,porto,1372687520620000094#1,tight,15,16.868913857677903
carry,porto,1372687520620000094#2,loose,15,38.77777777777778
carry,porto,1372687520620000094#3,reversed,600,0.4369538077403246
carry,porto,1372765936620000136#0,tight,0,nan
carry,porto,1372765936620000136#1,tight,60,3.1375
carry,porto,1372765936620000136#2,loose,60,3.3180555555555555
carry,porto,1372765936620000136#3,reversed,600,0.4861111111111111
carry,porto,1372761336620000320#0,tight,60,5.4994617868676
carry,porto,1372761336620000320#1,tight,60,5.23681377825619
carry,porto,1372761336620000320#2,loose,180,1.953713670613563
carry,porto,1372761336620000320#3,reversed,60,5.171151776103337
carry,porto,1372840684620000669#0,tight,30,5.776685393258427
carry,porto,1372840684620000669#1,tight,60,3.172752808988764
carry,porto,1372840684620000669#2,loose,15,28.855337078651687
carry,porto,1372840684620000669#3,reversed,600,0.49157303370786515
carry,porto,1373024956620000080#0,tight,60,4.552780930760499
carry,porto,1373024956620000080#1,tight,30,10.20544835414302
carry,porto,1373024956620000080#2,loose,15,46.10783200908059
carry,porto,1373024956620000080#3,reversed,600,0.8070374574347332
carry,porto,1372766291620000662#0,tight,180,1.6721120186697782
carry,porto,1372766291620000662#1,tight,600,0.40840140023337224
carry,porto,1372766291620000662#2,loose,60,5.7561260210035
carry,porto,1372766291620000662#3,reversed,600,0.40840140023337224
carry,porto,1373099410620000472#0,tight,30,9.828178694158076
carry,porto,1373099410620000472#1,tight,15,21.83848797250859
carry,porto,1373099410620000472#2,loose,30,12.026345933562428
carry,porto,1373099410620000472#3,reversed,600,0.8213058419243986
carry,porto,1372848773620000557#0,tight,15,22.933412604042807
carry,porto,1372848773620000557#1,tight,0,nan
carry,porto,1372848773620000557#2,loose,15,42.617122473246134
carry,porto,1372848773620000557#3,reversed,600,0.4173602853745541
carry,porto,1373091147620000341#0,tight,60,3.673392181588903
carry,porto,1373091147620000341#1,tight,120,1.8474148802017654
carry,porto,1373091147620000341#2,loose,15,37.96343001261034
carry,porto,1373091147620000341#3,reversed,600,0.44136191677175285
carry,porto,1373141321620000195#0,tight,30,7.450255102040816
carry,porto,1373141321620000195#1,tight,15,14.838010204081632
carry,porto,1373141321620000195#2,loose,30,10.16454081632653
carry,porto,1373141321620000195#3,reversed,600,0.44642857142857145
carry,porto,1372860747620000349#0,tight,180,2.1802426343154244
carry,porto,1372860747620000349#1,tight,300,1.2417677642980935
carry,porto,1372860747620000349#2,loose,60,6.995667244367418
carry,porto,1372860747620000349#3,reversed,120,3.3578856152512997
carry,porto,1372966694620000276#0,tight,30,8.782129742962056
carry,porto,1372966694620000276#1,tight,60,4.013463892288861
carry,porto,1372966694620000276#2,loose,120,2.298653610771114
carry,porto,1372966694620000276#3,reversed,600,0.4283965728274174
carry,porto,1373135560620000229#0,tight,600,0.7337461300309598
carry,porto,1373135560620000229#1,tight,120,2.66047471620227
carry,porto,1373135560620000229#2,loose,15,30.812177502579978
carry,porto,1373135560620000229#3,reversed,600,0.7337461300309598
carry,porto,1372875797620000074#0,tight,60,6.782271944922547
carry,porto,1372875797620000074#1,tight,15,42.160929432013766
carry,porto,1372875797620000074#2,loose,30,13.58605851979346
carry,porto,1372875797620000074#3,reversed,600,0.617039586919105
carry,porto,1373011514620000027#0,tight,120,1.5056179775280898
carry,porto,1373011514620000027#1,tight,120,1.5056179775280898
carry,porto,1373011514620000027#2,loose,120,1.5365168539325842
carry,porto,1373011514620000027#3,reversed,600,0.49157303370786515
carry,porto,1372984358620000436#0,tight,60,3.88671875
carry,porto,1372984358620000436#1,tight,15,15.8203125
carry,porto,1372984358620000436#2,loose,30,7.868489583333333
carry,porto,1372984358620000436#3,reversed,600,0.4557291666666667
carry,porto,1372720449620000561#0,tight,30,13.013562386980109
carry,porto,1372720449620000561#1,tight,30,12.217902350813743
carry,porto,1372720449620000561#2,loose,15,35.541591320072335
carry,porto,1372720449620000561#3,reversed,600,0.6482820976491862
carry,porto,1372666507620000073#0,tight,30,6.375
carry,porto,1372666507620000073#1,tight,120,1.9260752688172043
carry,porto,1372666507620000073#2,loose,30,7.850806451612903
carry,porto,1372666507620000073#3,reversed,600,0.47043010752688175
carry,porto,1372870023620000516#0,tight,180,1.3673469387755102
carry,porto,1372870023620000516#1,tight,60,3.7155612244897958
carry,porto,1372870023620000516#2,loose,120,1.9706632653061225
carry,porto,1372870023620000516#3,reversed,60,3.8073979591836733
carry,porto,1372931822620000329#0,tight,180,1.6878680800942285
carry,porto,1372931822620000329#1,tight,60,4.510011778563015
carry,porto,1372931822620000329#2,loose,600,0.4122497055359246
carry,porto,1372931822620000329#3,reversed,180,1.6878680800942285
carry,porto,1372892977620000308#0,tight,60,3.432894736842105
carry,porto,1372892977620000308#1,tight,60,3.514473684210526
carry,porto,1372892977620000308#2,loose,120,1.9276315789473684
carry,porto,1372892977620000308#3,reversed,600,0.4605263157894737
carry,porto,1372948298620000572#0,tight,30,7.653215636822194
carry,porto,1372948298620000572#1,tight,0,nan
carry,porto,1372948298620000572#2,loose,30,8.132408575031526
carry,porto,1372948298620000572#3,reversed,600,0.44136191677175285
carry,porto,1372776226620000198#0,tight,15,17.244994110718494
carry,porto,1372776226620000198#1,tight,600,0.4122497055359246
carry,porto,1372776226620000198#2,loose,30,10.639575971731448
carry,porto,1372776226620000198#3,reversed,600,0.4122497055359246
carry,porto,1372842044620000903#0,tight,60,6.556360708534622
carry,porto,1372842044620000903#1,tight,60,6.983091787439614
carry,porto,1372842044620000903#2,loose,30,16.084541062801932
carry,porto,1372842044620000903#3,reversed,600,0.8719806763285024
carry,porto,1372713659620000900#0,tight,180,1.3250927070457355
carry,porto,1372713659620000900#1,tight,60,4.053152039555006
carry,porto,1372713659620000900#2,loose,15,39.57601977750309
carry,porto,1372713659620000900#3,reversed,600,0.4326328800988875
carry,porto,1372839803620000196#0,tight,0,nan
carry,porto,1372839803620000196#1,tight,120,1.9065789473684212
carry,porto,1372839803620000196#2,loose,60,3.6776315789473686
carry,porto,1372839803620000196#3,reversed,600,0.4605263157894737
carry,porto,1373153502620000600#0,tight,60,4.144818976279651
carry,porto,1373153502620000600#1,tight,120,2.292134831460674
carry,porto,1373153502620000600#2,loose,60,4.503121098626717
carry,porto,1373153502620000600#3,reversed,600,0.4369538077403246
carry,porto,1373017275620000685#0,tight,30,6.896052631578947
carry,porto,1373017275620000685#1,tight,60,3.432894736842105
carry,porto,1373017275620000685#2,loose,30,7.417105263157895
carry,porto,1373017275620000685#3,reversed,600,0.4605263157894737
carry,porto,1372788084620000276#0,tight,600,0.8219653179190751
carry,porto,1372788084620000276#1,tight,15,21.513294797687863
carry,porto,1372788084620000276#2,loose,120,2.5514450867052023
carry,porto,1372788084620000276#3,reversed,600,0.8219653179190751
carry,porto,1373066515620000011#0,tight,0,nan
carry,porto,1373066515620000011#1,tight,30,10.187301587301587
carry,porto,1373066515620000011#2,loose,60,5.858201058201058
carry,porto,1373066515620000011#3,reversed,600,0.7587301587301587
carry,porto,1372953892620000680#0,tight,60,4.695953757225434
carry,porto,1372953892620000680#1,tight,120,2.5815028901734105
carry,porto,1372953892620000680#2,loose,60,5.108670520231214
carry,porto,1372953892620000680#3,reversed,600,0.8219653179190751
carry,porto,1372665321620000192#0,tight,15,32.66204506065858
carry,porto,1372665321620000192#1,tight,60,6.330155979202773
carry,porto,1372665321620000192#2,loose,30,16.99046793760832
carry,porto,1372665321620000192#3,reversed,600,0.6161178509532063
carry,porto,1372802959620000254#0,tight,60,5.503901895206243
carry,porto,1372802959620000254#1,tight,60,4.942028985507246
carry,porto,1372802959620000254#2,loose,60,5.066889632107023
carry,porto,1372802959620000254#3,reversed,600,0.7993311036789298
carry,porto,1372664221620000077#0,tight,60,5.186802030456853
carry,porto,1372664221620000077#1,tight,180,1.8852791878172588
carry,porto,1372664221620000077#2,loose,180,1.8852791878172588
carry,porto,1372664221620000077#3,reversed,600,0.7218274111675127
carry,porto,1372936824620000565#0,tight,600,0.8070374574347332
carry,porto,1372936824620000565#1,tight,60,4.610669693530079
carry,porto,1372936824620000565#2,loose,120,2.5641316685584563
carry,porto,1372936824620000565#3,reversed,600,0.8070374574347332
carry,porto,1372755330620000649#0,tight,15,22.957255343082114
carry,porto,1372755330620000649#1,tight,60,4.56917885264342
carry,porto,1372755330620000649#2,loose,60,6.118110236220472
carry,porto,1372755330620000649#3,reversed,600,0.7997750281214848
carry,porto,1372671068620000640#0,tight,60,3.506720430107527
carry,porto,1372671068620000640#1,tight,60,3.46505376344086
carry,porto,1372671068620000640#2,loose,60,3.5483870967741935
carry,porto,1372671068620000640#3,reversed,30,6.456989247311828
carry,porto,1373145784620000658#0,tight,60,3.9745454545454546
carry,porto,1373145784620000658#1,tight,30,7.967272727272727
carry,porto,1373145784620000658#2,loose,300,0.8618181818181818
carry,porto,1373145784620000658#3,reversed,120,2.2254545454545456
carry,porto,1372761680620000252#0,tight,180,1.3250927070457355
carry,porto,1372761680620000252#1,tight,0,nan
carry,porto,1372761680620000252#2,loose,15,19.056860321384427
carry,porto,1372761680620000252#3,reversed,600,0.4326328800988875
carry,porto,1372961204620000136#0,tight,60,6.857142857142857
carry,porto,1372961204620000136#1,tight,300,1.4246467817896389
carry,porto,1372961204620000136#2,loose,600,0.8414442700156985
carry,porto,1372961204620000136#3,reversed,600,0.8414442700156985
carry,porto,1373137157620000903#0,tight,180,1.8668054110301768
carry,porto,1373137157620000903#1,tight,60,5.45369406867846
carry,porto,1373137157620000903#2,loose,60,6.209157127991675
carry,porto,1373137157620000903#3,reversed,600,0.7398543184183143
carry,porto,1373015654620000005#0,tight,60,5.6627335299901675
carry,porto,1373015654620000005#1,tight,60,5.8023598820058995
carry,porto,1373015654620000005#2,loose,15,26.817109144542773
carry,porto,1373015654620000005#3,reversed,600,0.6991150442477876
carry,porto,1373115075620000640#0,tight,180,2.102439024390244
carry,porto,1373115075620000640#1,tight,15,23.528780487804877
carry,porto,1373115075620000640#2,loose,30,19.5990243902439
carry,porto,1373115075620000640#3,reversed,600,0.6936585365853658
carry,porto,1372951671620000126#0,tight,600,0.624780316344464
carry,porto,1372951671620000126#1,tight,600,0.624780316344464
carry,porto,1372951671620000126#2,loose,120,3.243409490333919
carry,porto,1372951671620000126#3,reversed,600,0.624780316344464
carry,porto,1373032844620000229#0,tight,600,0.4161712247324614
carry,porto,1373032844620000229#1,tight,30,8.35909631391201
carry,porto,1373032844620000229#2,loose,15,20.500594530321045
carry,porto,1373032844620000229#3,reversed,600,0.4161712247324614
carry,porto,1372797329620000014#0,tight,30,8.254681647940075
carry,porto,1372797329620000014#1,tight,30,7.850187265917603
carry,porto,1372797329620000014#2,loose,60,5.526841448189763
carry,porto,1372797329620000014#3,reversed,600,0.4369538077403246
carry,porto,1373080492620000012#0,tight,180,1.953713670613563
carry,porto,1373080492620000012#1,tight,60,5.1054897739504845
carry,porto,1373080492620000012#2,loose,120,2.9418729817007536
carry,porto,1373080492620000012#3,reversed,60,5.1054897739504845
carry,porto,1373129746620000042#0,tight,0,nan
carry,porto,1373129746620000042#1,tight,15,22.103882476390346
carry,porto,1373129746620000042#2,loose,30,12.349422875131165
carry,porto,1373129746620000042#3,reversed,600,0.7460650577124869
carry,porto,1373019854620000017#0,tight,30,7.872682323856613
carry,porto,1373019854620000017#1,tight,120,2.2954264524103833
carry,porto,1373019854620000017#2,loose,15,27.264524103831892
carry,porto,1373019854620000017#3,reversed,600,0.4326328800988875
carry,porto,1372964278620000177#0,tight,30,15.282122905027933
carry,porto,1372964278620000177#1,tight,30,13.58193668528864
carry,porto,1372964278620000177#2,loose,30,12.809124767225326
carry,porto,1372964278620000177#3,reversed,600,0.6675977653631285
carry,porto,1372799913620000006#0,tight,15,13.108870967741936
carry,porto,1372799913620000006#1,tight,60,3.4233870967741935
carry,porto,1372799913620000006#2,loose,30,7.850806451612903
carry,porto,1372799913620000006#3,reversed,600,0.47043010752688175
carry,porto,1373023199620000621#0,tight,30,10.085130533484676
carry,porto,1373023199620000621#1,tight,0,nan
carry,porto,1373023199620000621#2,loose,60,5.30533484676504
carry,porto,1373023199620000621#3,reversed,600,0.8070374574347332
carry,porto,1373091413620000067#0,tight,15,18.0234375
carry,porto,1373091413620000067#1,tight,30,7.40625
carry,porto,1373091413620000067#2,loose,180,1.5247395833333333
carry,porto,1373091413620000067#3,reversed,600,0.4557291666666667
carry,porto,1372669349620000470#0,tight,120,3.2663716814159294
carry,porto,1372669349620000470#1,tight,180,2.2265486725663717
carry,porto,1372669349620000470#2,loose,600,0.6292035398230088
carry,porto,1372669349620000470#3,reversed,600,0.6292035398230088
carry,porto,1372935570620000105#0,tight,30,8.767106842737094
carry,porto,1372935570620000105#1,tight,60,4.486194477791116
carry,porto,1372935570620000105#2,loose,15,20.150060024009605
carry,porto,1372935570620000105#3,reversed,600,0.42016806722689076
carry,porto,1373112231620000196#0,tight,120,3.307079646017699
carry,porto,1373112231620000196#1,tight,15,29.13716814159292
carry,porto,1373112231620000196#2,loose,120,3.4699115044247786
carry,porto,1373112231620000196#3,reversed,600,0.6292035398230088
carry,porto,1373048498620000100#0,tight,120,2.3680781758957656
carry,porto,1373048498620000100#1,tight,120,2.424538545059718
carry,porto,1373048498620000100#2,loose,60,5.542888165038002
carry,porto,1373048498620000100#3,reversed,600,0.7719869706840391
carry,porto,1372875249620000452#0,tight,30,11.169907881269191
carry,porto,1372875249620000452#1,tight,180,1.8362333674513818
carry,porto,1372875249620000452#2,loose,60,6.107471852610031
carry,porto,1372875249620000452#3,reversed,180,1.8362333674513818
carry,porto,1373101583620000605#0,tight,60,4.813872832369942
carry,porto,1373101583620000605#1,tight,15,20.3514450867052
carry,porto,1373101583620000605#2,loose,600,0.8219653179190751
carry,porto,1373101583620000605#3,reversed,600,0.8219653179190751
carry,porto,1373080558620000140#0,tight,600,0.4283965728274174
carry,porto,1373080558620000140#1,tight,120,2.1958384332925336
carry,porto,1373080558620000140#2,loose,15,40.35862913096695
carry,porto,1373080558620000140#3,reversed,600,0.4283965728274174
carry,porto,1372951420620000280#0,tight,60,2.995879120879121
carry,porto,1372951420620000280#1,tight,15,13.320054945054945
carry,porto,1372951420620000280#2,loose,60,3.995879120879121
carry,porto,1372951420620000280#3,reversed,600,0.4807692307692308
carry,porto,1372682438620000055#0,tight,60,6.1880733944954125
carry,porto,1372682438620000055#1,tight,120,3.008256880733945
carry,porto,1372682438620000055#2,loose,15,60.070642201834865
carry,porto,1372682438620000055#3,reversed,600,0.6522935779816513
carry,porto,1372862943620000620#0,tight,60,3.1013888888888888
carry,porto,1372862943620000620#1,tight,120,1.488888888888889
carry,porto,1372862943620000620#2,loose,30,10.590277777777779
carry,porto,1372862943620000620#3,reversed,600,0.4861111111111111
carry,porto,1372738424620000273#0,tight,60,6.29783693843594
carry,porto,1372738424620000273#1,tight,30,14.661397670549086
carry,porto,1372738424620000273#2,loose,15,65.60815307820299
carry,porto,1372738424620000273#3,reversed,600,0.9009983361064892
carry,porto,1372790068620000233#0,tight,15,16.717528373266077
carry,porto,1372790068620000233#1,tight,60,3.764186633039092
carry,porto,1372790068620000233#2,loose,30,10.049180327868852
carry,porto,1372790068620000233#3,reversed,600,0.44136191677175285
carry,porto,1372676125620000030#0,tight,15,28.918781725888326
carry,porto,1372676125620000030#1,tight,15,23.034517766497462
carry,porto,1372676125620000030#2,loose,60,5.7228426395939085
carry,porto,1372676125620000030#3,reversed,60,5.253807106598985
carry,porto,1372867323620000039#0,tight,180,1.8213197969543147
carry,porto,1372867323620000039#1,tight,180,1.8213197969543147
carry,porto,1372867323620000039#2,loose,15,31.440609137055837
carry,porto,1372867323620000039#3,reversed,600,0.7218274111675127
carry,porto,1372688284620000523#0,tight,60,5.066889632107023
carry,porto,1372688284620000523#1,tight,5,63.83054626532888
carry,porto,1372688284620000523#2,loose,15,32.634336677814936
carry,porto,1372688284620000523#3,reversed,600,0.7926421404682275
carry,porto,1372691379620000435#0,tight,600,0.4122497055359246
carry,porto,1372691379620000435#1,tight,120,2.1130742049469964
carry,porto,1372691379620000435#2,loose,15,20.84452296819788
carry,porto,1372691379620000435#3,reversed,600,0.4122497055359246
carry,porto,1372869291620000206#0,tight,120,2.1536614645858343
carry,porto,1372869291620000206#1,tight,120,2.1788715486194477
carry,porto,1372869291620000206#2,loose,60,5.921968787515006
carry,porto,1372869291620000206#3,reversed,600,0.42016806722689076
carry,porto,1372862487620000249#0,tight,15,27.15709156193896
carry,porto,1372862487620000249#1,tight,15,24.28096947935368
carry,porto,1372862487620000249#2,loose,15,42.17684021543985
carry,porto,1372862487620000249#3,reversed,600,0.6382405745062837
carry,porto,1372760481620000408#0,tight,15,23.254295532646047
carry,porto,1372760481620000408#1,tight,60,5.061855670103093
carry,porto,1372760481620000408#2,loose,30,15.497136311569301
carry,porto,1372760481620000408#3,reversed,600,0.8144329896907216
carry,porto,1373042807620000172#0,tight,180,2.7274295572167913
carry,porto,1373042807620000172#1,tight,5,126.42495687176539
carry,porto,1373042807620000172#2,loose,15,82.18113858539391
carry,porto,1373042807620000172#3,reversed,600,0.824036802760207
carry,porto,1372839306620000084#0,tight,15,30.882513661202186
carry,porto,1372839306620000084#1,tight,120,3.1730418943533696
carry,porto,1372839306620000084#2,loose,120,3.471766848816029
carry,porto,1372839306620000084#3,reversed,600,0.6475409836065574
carry,porto,1372745762620000188#0,tight,120,2.6115606936416187
carry,porto,1372745762620000188#1,tight,30,9.56878612716763
carry,porto,1372745762620000188#2,loose,15,30.808092485549132
carry,porto,1372745762620000188#3,reversed,600,0.8219653179190751
carry,porto,1372653472620000403#0,tight,60,3.4233870967741935
carry,porto,1372653472620000403#1,tight,60,3.46505376344086
carry,porto,1372653472620000403#2,loose,15,19.205645161290324
carry,porto,1372653472620000403#3,reversed,600,0.47043010752688175
carry,porto,1373040781620000671#0,tight,600,0.8414442700156985
carry,porto,1373040781620000671#1,tight,30,13.558084772370487
carry,porto,1373040781620000671#2,loose,180,2.3712715855572997
carry,porto,1373040781620000671#3,reversed,60,6.5957613814756675
carry,porto,1372672048620000617#0,tight,60,8.0544
carry,porto,1372672048620000617#1,tight,60,7.4328
carry,porto,1372672048620000617#2,loose,30,18.1144
carry,porto,1372672048620000617#3,reversed,600,0.8576
carry,porto,1373057127620000360#0,tight,15,22.57688338493292
carry,porto,1373057127620000360#1,tight,0,nan
carry,porto,1373057127620000360#2,loose,30,18.023735810113518
carry,porto,1373057127620000360#3,reversed,600,0.7337461300309598
carry,porto,1372794762620000569#0,tight,120,3.0375234521575987
carry,porto,1372794762620000569#1,tight,120,3.075984990619137
carry,porto,1372794762620000569#2,loose,180,2.24108818011257
carry,porto,1372794762620000569#3,reversed,600,0.6669793621013134
carry,porto,1373045155620000198#0,tight,60,4.668558456299659
carry,porto,1373045155620000198#1,tight,180,1.64472190692395
carry,porto,1373045155620000198#2,loose,60,6.17366628830874
carry,porto,1373045155620000198#3,reversed,120,2.4460839954597047
carry,porto,1372972299620000267#0,tight,15,18.476903870162296
carry,porto,1372972299620000267#1,tight,180,1.3383270911360798
carry,porto,1372972299620000267#2,loose,15,26.71785268414482
carry,porto,1372972299620000267#3,reversed,600,0.4369538077403246
carry,porto,1372768184620000343#0,tight,180,1.3673469387755102
carry,porto,1372768184620000343#1,tight,60,3.7155612244897958
carry,porto,1372768184620000343#2,loose,30,8.22576530612245
carry,porto,1372768184620000343#3,reversed,600,0.44642857142857145
carry,porto,1373136541620000625#0,tight,60,8.338926174496644
carry,porto,1373136541620000625#1,tight,600,0.7194630872483222
carry,porto,1373136541620000625#2,loose,60,8.142953020134229
carry,porto,1373136541620000625#3,reversed,600,0.7194630872483222
carry,porto,1373076584620000395#0,tight,15,17.404280618311535
carry,porto,1373076584620000395#1,tight,15,18.067776456599287
carry,porto,1373076584620000395#2,loose,180,1.72294887039239
carry,porto,1373076584620000395#3,reversed,60,4.334126040428062
carry,porto,1373016645620000577#0,tight,30,9.862876254180602
carry,porto,1373016645620000577#1,tight,120,2.402452619843924
carry,porto,1373016645620000577#2,loose,600,0.7926421404682275
carry,porto,1373016645620000577#3,reversed,600,0.7926421404682275
carry,porto,1372671854620000330#0,tight,30,12.438105489773951
carry,porto,1372671854620000330#1,tight,0,nan
carry,porto,1372671854620000330#2,loose,60,6.944025834230355
carry,porto,1372671854620000330#3,reversed,600,0.7653390742734123
carry,porto,1372927896620000623#0,tight,15,27.518059855521155
carry,porto,1372927896620000623#1,tight,0,nan
carry,porto,1372927896620000623#2,loose,60,7.179566563467493
carry,porto,1372927896620000623#3,reversed,600,0.739938080495356
carry,porto,1372783274620000001#0,tight,15,22.332596685082873
carry,porto,1372783274620000001#1,tight,60,5.14585635359116
carry,porto,1372783274620000001#2,loose,15,28.076243093922653
carry,porto,1372783274620000001#3,reversed,600,0.7856353591160221
carry,porto,1372897420620000621#0,tight,600,0.42424242424242425
carry,porto,1372897420620000621#1,tight,60,3.9745454545454546
carry,porto,1372897420620000621#2,loose,120,2.2763636363636364
carry,porto,1372897420620000621#3,reversed,600,0.42424242424242425
carry,porto,1372704842620000621#0,tight,60,4.196004993757803
carry,porto,1372704842620000621#1,tight,60,4.34956304619226
carry,porto,1372704842620000621#2,loose,180,1.352059925093633
carry,porto,1372704842620000621#3,reversed,600,0.4369538077403246
carry,porto,1372786162620000158#0,tight,15,21.083977900552487
carry,porto,1372786162620000158#1,tight,120,2.4099447513812153
carry,porto,1372786162620000158#2,loose,60,6.569060773480663
carry,porto,1372786162620000158#3,reversed,600,0.7856353591160221
carry,porto,1373047038620000611#0,tight,600,0.9468798349664775
carry,porto,1373047038620000611#1,tight,600,0.925219185146983
carry,porto,1373047038620000611#2,loose,180,2.8968540484785974
carry,porto,1373047038620000611#3,reversed,600,0.925219185146983
carry,porto,1373111914620000007#0,tight,15,21.199772985244042
carry,porto,1373111914620000007#1,tight,180,1.626560726447219
carry,porto,1373111914620000007#2,loose,120,2.5051078320090805
carry,porto,1373111914620000007#3,reversed,600,0.8070374574347332
carry,porto,1372954465620000319#0,tight,15,22.53019447287615
carry,porto,1372954465620000319#1,tight,30,12.840327533265096
carry,porto,1372954465620000319#2,loose,30,12.979529170931423
carry,porto,1372954465620000319#3,reversed,600,0.7277379733879222
carry,porto,1373057742620000310#0,tight,0,nan
carry,porto,1373057742620000310#1,tight,15,23.836994219653178
carry,porto,1373057742620000310#2,loose,60,4.813872832369942
carry,porto,1373057742620000310#3,reversed,600,0.8219653179190751
carry,porto,1372780226620000074#0,tight,15,19.654335260115605
carry,porto,1372780226620000074#1,tight,60,4.636994219653179
carry,porto,1372780226620000074#2,loose,600,0.8219653179190751
carry,porto,1372780226620000074#3,reversed,600,0.8219653179190751
carry,porto,1373009616620000137#0,tight,600,0.44136191677175285
carry,porto,1373009616620000137#1,tight,60,3.809583858764187
carry,porto,1373009616620000137#2,loose,300,0.9041614123581336
carry,porto,1373009616620000137#3,reversed,600,0.44136191677175285
carry,porto,1372709745620000665#0,tight,0,nan
carry,porto,1372709745620000665#1,tight,30,6.059659090909091
carry,porto,1372709745620000665#2,loose,30,7.7258522727272725
carry,porto,1372709745620000665#3,reversed,600,0.4971590909090909
carry,porto,1373105777620000410#0,tight,60,3.673392181588903
carry,porto,1373105777620000410#1,tight,30,7.653215636822194
carry,porto,1373105777620000410#2,loose,15,37.96343001261034
carry,porto,1373105777620000410#3,reversed,600,0.44136191677175285
carry,porto,1372933316620000153#0,tight,180,1.583425414364641
carry,porto,1372933316620000153#1,tight,15,19.335911602209944
carry,porto,1372933316620000153#2,loose,30,11.49281767955801
carry,porto,1372933316620000153#3,reversed,0,nan
carry,porto,1372861456620000426#0,tight,120,2.798270893371758
carry,porto,1372861456620000426#1,tight,0,nan
carry,porto,1372861456620000426#2,loose,600,0.6829971181556196
carry,porto,1372861456620000426#3,reversed,600,0.6887608069164265
carry,porto,1373014700620000066#0,tight,30,7.872682323856613
carry,porto,1373014700620000066#1,tight,60,4.053152039555006
carry,porto,1373014700620000066#2,loose,180,1.3794808405438814
carry,porto,1373014700620000066#3,reversed,600,0.4326328800988875
carry,porto,1373013101620000263#0,tight,180,1.2993939393939393
carry,porto,1373013101620000263#1,tight,120,2.1745454545454543
carry,porto,1373013101620000263#2,loose,120,2.2254545454545456
carry,porto,1373013101620000263#3,reversed,120,2.1745454545454543
carry,porto,1372663807620000649#0,tight,60,6.014098690835851
carry,porto,1372663807620000649#1,tight,15,22.12588116817724
carry,porto,1372663807620000649#2,loose,60,7.515609264853978
carry,porto,1372663807620000649#3,reversed,600,0.7220543806646526
carry,porto,1372877945620000041#0,tight,0,nan
carry,porto,1372877945620000041#1,tight,15,25.525500910746814
carry,porto,1372877945620000041#2,loose,15,35.29417122040073
carry,porto,1372877945620000041#3,reversed,600,0.6475409836065574
carry,porto,1373070630620000042#0,tight,15,26.019212295869355
carry,porto,1373070630620000042#1,tight,30,12.734870317002882
carry,porto,1373070630620000042#2,loose,180,2.1450528338136405
carry,porto,1373070630620000042#3,reversed,600,0.6829971181556196
carry,porto,1372939301620000542#0,tight,0,nan
carry,porto,1372939301620000542#1,tight,60,3.9745454545454546
carry,porto,1372939301620000542#2,loose,30,10.886060606060607
carry,porto,1372939301620000542#3,reversed,15,17.65939393939394
carry,porto,1372853649620000131#0,tight,30,12.931858407079647
carry,porto,1372853649620000131#1,tight,60,6.14070796460177
carry,porto,1372853649620000131#2,loose,600,0.6292035398230088
carry,porto,1372853649620000131#3,reversed,600,0.6292035398230088
carry,porto,1372664278620000665#0,tight,30,6.375
carry,porto,1372664278620000665#1,tight,30,6.538978494623656
carry,porto,1372664278620000665#2,loose,15,15.818548387096774
carry,porto,1372664278620000665#3,reversed,600,0.47043010752688175
carry,porto,1372759905620000423#0,tight,120,2.877073170731707
carry,porto,1372759905620000423#1,tight,15,28.520975609756096
carry,porto,1372759905620000423#2,loose,60,7.774634146341463
carry,porto,1372759905620000423#3,reversed,300,1.3980487804878048
carry,porto,1372783426620000468#0,tight,30,14.719895287958115
carry,porto,1372783426620000468#1,tight,120,3.180628272251309
carry,porto,1372783426620000468#2,loose,600,0.6204188481675392
carry,porto,1372783426620000468#3,reversed,600,0.6204188481675392
carry,porto,1372879376620000080#0,tight,60,5.610951008645533
carry,porto,1372879376620000080#1,tight,15,23.03170028818444
carry,porto,1372879376620000080#2,loose,15,57.388088376561
carry,porto,1372879376620000080#3,reversed,600,0.6829971181556196
carry,porto,1373042024620000224#0,tight,15,39.549560853199495
carry,porto,1373042024620000224#1,tight,600,1.0156838143036386
carry,porto,1373042024620000224#2,loose,30,23.716750313676286
carry,porto,1373042024620000224#3,reversed,600,1.0156838143036386
carry,porto,1372749709620000523#0,tight,180,1.9719710669077757
carry,porto,1372749709620000523#1,tight,15,29.194394213381557
carry,porto,1372749709620000523#2,loose,15,60.93037974683544
carry,porto,1372749709620000523#3,reversed,600,0.6482820976491862
carry,porto,1372889284620000216#0,tight,15,24.194472876151483
carry,porto,1372889284620000216#1,tight,60,5.56704196519959
carry,porto,1372889284620000216#2,loose,60,5.43193449334698
carry,porto,1372889284620000216#3,reversed,600,0.7277379733879222
carry,porto,1372952968620000239#0,tight,600,0.8219653179190751
carry,porto,1372952968620000239#1,tight,600,0.8219653179190751
carry,porto,1372952968620000239#2,loose,30,12.13757225433526
carry,porto,1372952968620000239#3,reversed,600,0.8219653179190751
carry,porto,1372790581620000620#0,tight,30,6.620967741935484
carry,porto,1372790581620000620#1,tight,0,nan
carry,porto,1372790581620000620#2,loose,60,4.59005376344086
carry,porto,1372790581620000620#3,reversed,600,0.47043010752688175
carry,porto,1372845583620000576#0,tight,60,4.8422247446084
carry,porto,1372845583620000576#1,tight,180,1.64472190692395
carry,porto,1372845583620000576#2,loose,120,2.5051078320090805
carry,porto,1372845583620000576#3,reversed,600,0.8070374574347332
carry,porto,1373112039620000044#0,tight,30,8.254681647940075
carry,porto,1373112039620000044#1,tight,120,2.2659176029962547
carry,porto,1373112039620000044#2,loose,15,18.677902621722847
carry,porto,1373112039620000044#3,reversed,600,0.4369538077403246
carry,porto,1372702855620000314#0,tight,30,8.28
carry,porto,1372702855620000314#1,tight,60,3.9745454545454546
carry,porto,1372702855620000314#2,loose,30,10.886060606060607
carry,porto,1372702855620000314#3,reversed,600,0.42424242424242425
carry,porto,1372928327620000254#0,tight,60,8.348564733450498
carry,porto,1372928327620000254#1,tight,180,2.8142940831868777
carry,porto,1372928327620000254#2,loose,120,4.7580550673696544
carry,porto,1372928327620000254#3,reversed,600,0.8394844756883422
carry,porto,1373034192620000409#0,tight,15,19.523269012485812
carry,porto,1373034192620000409#1,tight,60,4.668558456299659
carry,porto,1373034192620000409#2,loose,15,31.737797956867198
carry,porto,1373034192620000409#3,reversed,600,0.8070374574347332
carry,porto,1372893738620000351#0,tight,15,12.2875
carry,porto,1372893738620000351#1,tight,30,6.2347222222222225
carry,porto,1372893738620000351#2,loose,15,29.8625
carry,porto,1372893738620000351#3,reversed,600,0.4861111111111111
carry,porto,1373122849620000146#0,tight,15,25.027748132337248
carry,porto,1373122849620000146#1,tight,600,0.7588046958377801
carry,porto,1373122849620000146#2,loose,60,5.908217716115262
carry,porto,1373122849620000146#3,reversed,0,nan
carry,porto,1373028145620000314#0,tight,60,4.173333333333333
carry,porto,1373028145620000314#1,tight,120,2.2763636363636364
carry,porto,1373028145620000314#2,loose,120,2.2254545454545456
carry,porto,1373028145620000314#3,reversed,600,0.42424242424242425
carry,porto,1373001784620000360#0,tight,0,nan
carry,porto,1373001784620000360#1,tight,60,4.093632958801498
carry,porto,1373001784620000360#2,loose,15,22.697877652933833
carry,porto,1373001784620000360#3,reversed,600,0.4369538077403246
carry,porto,1373027377620000341#0,tight,30,6.079166666666667
carry,porto,1373027377620000341#1,tight,15,12.2875
carry,porto,1373027377620000341#2,loose,15,20.6125
carry,porto,1373027377620000341#3,reversed,600,0.4861111111111111
carry,porto,1372819627620000268#0,tight,120,1.4725274725274726
carry,porto,1372819627620000268#1,tight,60,3.103021978021978
carry,porto,1372819627620000268#2,loose,60,3.995879120879121
carry,porto,1372819627620000268#3,reversed,600,0.4807692307692308
carry,porto,1372685624620000222#0,tight,15,17.79537572254335
carry,porto,1372685624620000222#1,tight,15,18.492485549132947
carry,porto,1372685624620000222#2,loose,60,5.403468208092486
carry,porto,1372685624620000222#3,reversed,600,0.8219653179190751
carry,porto,1373150106620000031#0,tight,120,2.1130742049469964
carry,porto,1373150106620000031#1,tight,180,1.6878680800942285
carry,porto,1373150106620000031#2,loose,60,4.455830388692579
carry,porto,1373150106620000031#3,reversed,600,0.4122497055359246
carry,porto,1372672820620000398#0,tight,120,1.9260752688172043
carry,porto,1372672820620000398#1,tight,60,3.59005376344086
carry,porto,1372672820620000398#2,loose,30,8.670698924731182
carry,porto,1372672820620000398#3,reversed,600,0.47043010752688175
carry,porto,1372695873620000235#0,tight,120,2.2659176029962547
carry,porto,1372695873620000235#1,tight,180,1.352059925093633
carry,porto,1372695873620000235#2,loose,120,2.606741573033708
carry,porto,1372695873620000235#3,reversed,600,0.4369538077403246
carry,porto,1372748249620000640#0,tight,600,0.6118760757314974
carry,porto,1372748249620000640#1,tight,15,27.5447504302926
carry,porto,1372748249620000640#2,loose,15,63.75301204819277
carry,porto,1372748249620000640#3,reversed,600,0.6118760757314974
carry,porto,1372767137620000163#0,tight,120,2.4982817869415808
carry,porto,1372767137620000163#1,tight,60,4.594501718213058
carry,porto,1372767137620000163#2,loose,60,5.061855670103093
carry,porto,1372767137620000163#3,reversed,600,0.8144329896907216
carry,porto,1372765627620000031#0,tight,600,0.6571164510166358
carry,porto,1372765627620000031#1,tight,0,nan
carry,porto,1372765627620000031#2,loose,120,3.144177449168207
carry,porto,1372765627620000031#3,reversed,600,0.6571164510166358
carry,porto,1373030003620000480#0,tight,30,11.085327783558792
carry,porto,1373030003620000480#1,tight,600,0.7398543184183143
carry,porto,1373030003620000480#2,loose,180,2.063475546305931
carry,porto,1373030003620000480#3,reversed,600,0.7398543184183143
carry,porto,1372790554620000123#0,tight,15,18.837235228539576
carry,porto,1372790554620000123#1,tight,30,9.862876254180602
carry,porto,1372790554620000123#2,loose,15,32.634336677814936
carry,porto,1372790554620000123#3,reversed,600,0.7926421404682275
carry,porto,1372846274620000618#0,tight,15,13.372191011235955
carry,porto,1372846274620000618#1,tight,15,13.521067415730338
carry,porto,1372846274620000618#2,loose,120,1.5365168539325842
carry,porto,1372846274620000618#3,reversed,600,0.49157303370786515
carry,porto,1372883059620000051#0,tight,180,0.9985955056179775
carry,porto,1372883059620000051#1,tight,120,1.5056179775280898
carry,porto,1372883059620000051#2,loose,120,1.6137640449438202
carry,porto,1372883059620000051#3,reversed,600,0.49157303370786515
carry,porto,1373063240620000160#0,tight,0,nan
carry,porto,1373063240620000160#1,tight,0,nan
carry,porto,1373063240620000160#2,loose,15,42.74070796460177
carry,porto,1373063240620000160#3,reversed,600,0.6292035398230088
carry,porto,1373015408620000039#0,tight,600,0.4326328800988875
carry,porto,1373015408620000039#1,tight,120,2.2175525339925835
carry,porto,1373015408620000039#2,loose,120,2.580964153275649
carry,porto,1373015408620000039#3,reversed,600,0.4326328800988875
carry,porto,1372923708620000353#0,tight,30,10.366211962224554
carry,porto,1372923708620000353#1,tight,180,1.9045120671563485
carry,porto,1372923708620000353#2,loose,300,1.1479538300104932
carry,porto,1372923708620000353#3,reversed,300,1.1248688352570828
carry,porto,1372889109620000276#0,tight,0,nan
carry,porto,1372889109620000276#1,tight,60,4.293286219081272
carry,porto,1372889109620000276#2,loose,60,5.810365135453475
carry,porto,1372889109620000276#3,reversed,600,0.4122497055359246
carry,porto,1372890248620000426#0,tight,120,2.1130742049469964
carry,porto,1372890248620000426#1,tight,180,1.7067137809187278
carry,porto,1372890248620000426#2,loose,60,5.810365135453475
carry,porto,1372890248620000426#3,reversed,600,0.4122497055359246
carry,porto,1372719807620000308#0,tight,30,7.644132653061225
carry,porto,1372719807620000308#1,tight,60,3.669642857142857
carry,porto,1372719807620000308#2,loose,15,37.17984693877551
carry,porto,1372719807620000308#3,reversed,600,0.44642857142857145
carry,porto,1372859161620000653#0,tight,60,4.388822829964329
carry,porto,1372859161620000653#1,tight,0,nan
carry,porto,1372859161620000653#2,loose,15,20.500594530321045
carry,porto,1372859161620000653#3,reversed,600,0.4161712247324614
carry,porto,1372820563620000263#0,tight,0,nan
carry,porto,1372820563620000263#1,tight,30,15.640597539543059
carry,porto,1372820563620000263#2,loose,15,43.01669595782074
carry,porto,1372820563620000263#3,reversed,600,0.624780316344464
carry,porto,1373065375620000496#0,tight,60,5.313667649950836
carry,porto,1373065375620000496#1,tight,120,2.864306784660767
carry,porto,1373065375620000496#2,loose,60,5.941986234021632
carry,porto,1373065375620000496#3,reversed,600,0.6991150442477876
carry,porto,1373143399620000057#0,tight,0,nan
carry,porto,1373143399620000057#1,tight,600,0.7653390742734123
carry,porto,1373143399620000057#2,loose,15,29.146393972012916
carry,porto,1373143399620000057#3,reversed,600,0.7653390742734123
carry,porto,1373007088620000904#0,tight,120,4.044863459037711
carry,porto,1373007088620000904#1,tight,15,30.947984395318596
carry,porto,1373007088620000904#2,loose,30,20.644343302990897
carry,porto,1373007088620000904#3,reversed,600,0.9421326397919376
carry,porto,1372749911620000089#0,tight,120,4.466860183841316
carry,porto,1372749911620000089#1,tight,300,1.7634252539912918
carry,porto,1372749911620000089#2,loose,180,2.825834542815675
carry,porto,1372749911620000089#3,reversed,600,0.8679245283018868
carry,porto,1373050757620000364#0,tight,30,11.291710388247639
carry,porto,1373050757620000364#1,tight,15,23.17838405036726
carry,porto,1373050757620000364#2,loose,15,30.162644281217208
carry,porto,1373050757620000364#3,reversed,600,0.7460650577124869
carry,porto,1373035706620000535#0,tight,60,3.5930851063829787
carry,porto,1373035706620000535#1,tight,180,1.440159574468085
carry,porto,1373035706620000535#2,loose,60,3.716755319148936
carry,porto,1373035706620000535#3,reversed,0,nan
carry,porto,1372709468620000326#0,tight,0,nan
carry,porto,1372709468620000326#1,tight,120,2.66047471620227
carry,porto,1372709468620000326#2,loose,30,18.023735810113518
carry,porto,1372709468620000326#3,reversed,600,0.7337461300309598
carry,porto,1372874753620000488#0,tight,60,10.946287519747235
carry,porto,1372874753620000488#1,tight,60,9.27962085308057
carry,porto,1372874753620000488#2,loose,600,0.9447077409162717
carry,porto,1372874753620000488#3,reversed,600,0.966824644549763
carry,porto,1372672380620000206#0,tight,15,27.23756345177665
carry,porto,1372672380620000206#1,tight,180,1.8213197969543147
carry,porto,1372672380620000206#2,loose,300,1.0883248730964468
carry,porto,1372672380620000206#3,reversed,600,0.7218274111675127
carry,porto,1372941603620000594#0,tight,60,4.093632958801498
carry,porto,1372941603620000594#1,tight,60,4.196004993757803
carry,porto,1372941603620000594#2,loose,180,1.3932584269662922
carry,porto,1372941603620000594#3,reversed,600,0.4369538077403246
carry,porto,1372689562620000108#0,tight,60,4.298377028714107
carry,porto,1372689562620000108#1,tight,120,2.2397003745318353
carry,porto,1372689562620000108#2,loose,60,4.247191011235955
carry,porto,1372689562620000108#3,reversed,600,0.4369538077403246
carry,porto,1372928870620000320#0,tight,180,1.882476390346275
carry,porto,1372928870620000320#1,tight,180,1.882476390346275
carry,porto,1372928870620000320#2,loose,30,17.637985309548792
carry,porto,1372928870620000320#3,reversed,600,0.7460650577124869
carry,porto,1372755643620000334#0,tight,15,26.880378657487093
carry,porto,1372755643620000334#1,tight,15,38.50688468158348
carry,porto,1372755643620000334#2,loose,15,30.534423407917384
carry,porto,1372755643620000334#3,reversed,600,0.617039586919105
carry,porto,1372737505620000688#0,tight,15,15.8203125
carry,porto,1372737505620000688#1,tight,30,8.23828125
carry,porto,1372737505620000688#2,loose,15,17.10546875
carry,porto,1372737505620000688#3,reversed,600,0.4557291666666667
carry,porto,1372890858620000598#0,tight,30,12.604129263913824
carry,porto,1372890858620000598#1,tight,600,0.6382405745062837
carry,porto,1372890858620000598#2,loose,30,16.237881508078996
carry,porto,1372890858620000598#3,reversed,600,0.6382405745062837
carry,porto,1372721303620000178#0,tight,180,1.7202881152460985
carry,porto,1372721303620000178#1,tight,180,1.7202881152460985
carry,porto,1372721303620000178#2,loose,30,9.204081632653061
carry,porto,1372721303620000178#3,reversed,600,0.42016806722689076
carry,porto,1373072532620000458#0,tight,120,1.5227272727272727
carry,porto,1373072532620000458#1,tight,120,1.5227272727272727
carry,porto,1373072532620000458#2,loose,180,1.0440340909090908
carry,porto,1373072532620000458#3,reversed,600,0.4971590909090909
carry,porto,1373055290620000243#0,tight,600,0.47554347826086957
carry,porto,1373055290620000243#1,tight,30,6.5271739130434785
carry,porto,1373055290620000243#2,loose,120,2.099184782608696
carry,porto,1373055290620000243#3,reversed,600,0.47554347826086957
carry,porto,1372927898620000328#0,tight,120,1.488888888888889
carry,porto,1372927898620000328#1,tight,15,13.983333333333333
carry,porto,1372927898620000328#2,loose,60,3.498611111111111
carry,porto,1372927898620000328#3,reversed,600,0.4861111111111111
carry,porto,1372691421620000050#0,tight,30,9.530386740331492
carry,porto,1372691421620000050#1,tight,15,19.8353591160221
carry,porto,1372691421620000050#2,loose,15,33.0707182320442
carry,porto,1372691421620000050#3,reversed,600,0.7922651933701658
carry,porto,1373045549620000680#0,tight,120,1.8070617906683482
carry,porto,1373045549620000680#1,tight,30,8.132408575031526
carry,porto,1373045549620000680#2,loose,180,1.3934426229508197
carry,porto,1373045549620000680#3,reversed,600,0.44136191677175285
carry,porto,1373035297620000518#0,tight,120,1.488888888888889
carry,porto,1373035297620000518#1,tight,120,1.488888888888889
carry,porto,1373035297620000518#2,loose,30,8.256944444444445
carry,porto,1373035297620000518#3,reversed,600,0.4861111111111111
carry,porto,1372800875620000252#0,tight,180,1.3250927070457355
carry,porto,1372800875620000252#1,tight,0,nan
carry,porto,1372800875620000252#2,loose,15,39.57601977750309
carry,porto,1372800875620000252#3,reversed,600,0.4326328800988875
carry,porto,1373043214620000157#0,tight,60,8.046707503828484
carry,porto,1373043214620000157#1,tight,30,15.789433384379786
carry,porto,1373043214620000157#2,loose,600,0.8208269525267994
carry,porto,1373043214620000157#3,reversed,600,0.8208269525267994
carry,porto,1372694357620000419#0,tight,600,0.47043010752688175
carry,porto,1372694357620000419#1,tight,30,6.538978494623656
carry,porto,1372694357620000419#2,loose,15,22.592741935483872
carry,porto,1372694357620000419#3,reversed,600,0.47043010752688175
carry,porto,1372845641620000030#0,tight,15,32.292987512007684
carry,porto,1372845641620000030#1,tight,60,5.829971181556196
carry,porto,1372845641620000030#2,loose,15,57.388088376561
carry,porto,1372845641620000030#3,reversed,600,0.6829971181556196
carry,porto,1372922037620000074#0,tight,60,4.741282339707537
carry,porto,1372922037620000074#1,tight,15,19.55568053993251
carry,porto,1372922037620000074#2,loose,60,4.683914510686164
carry,porto,1372922037620000074#3,reversed,600,0.7997750281214848
carry,porto,1372861182620000065#0,tight,60,3.7155612244897958
carry,porto,1372861182620000065#1,tight,15,16.18622448979592
carry,porto,1372861182620000065#2,loose,30,9.19515306122449
carry,porto,1372861182620000065#3,reversed,600,0.44642857142857145
carry,porto,1373042554620000513#0,tight,60,8.570265870862723
carry,porto,1373042554620000513#1,tight,120,4.107433532284319
carry,porto,1373042554620000513#2,loose,600,0.9734129137276181
carry,porto,1373042554620000513#3,reversed,60,8.243081931633206
carry,porto,1373028134620000409#0,tight,60,3.6279949558638083
carry,porto,1373028134620000409#1,tight,60,3.7187894073139973
carry,porto,1373028134620000409#2,loose,120,1.8474148802017654
carry,porto,1373028134620000409#3,reversed,600,0.44136191677175285
carry,porto,1372720548620000454#0,tight,15,14.35921052631579
carry,porto,1372720548620000454#1,tight,600,0.4605263157894737
carry,porto,1372720548620000454#2,loose,15,23.84342105263158
carry,porto,1372720548620000454#3,reversed,600,0.4605263157894737
carry,porto,1372969372620000649#0,tight,120,2.1130742049469964
carry,porto,1372969372620000649#1,tight,15,18.594817432273263
carry,porto,1372969372620000649#2,loose,120,2.4593639575971733
carry,porto,1372969372620000649#3,reversed,600,0.4122497055359246
carry,porto,1372851371620000095#0,tight,600,0.7523809523809524
carry,porto,1372851371620000095#1,tight,600,0.7523809523809524
carry,porto,1372851371620000095#2,loose,180,2.0984126984126985
carry,porto,1372851371620000095#3,reversed,600,0.7523809523809524
carry,porto,1372712937620000436#0,tight,30,8.25089179548157
carry,porto,1372712937620000436#1,tight,15,17.404280618311535
carry,porto,1372712937620000436#2,loose,60,5.86563614744352
carry,porto,1372712937620000436#3,reversed,600,0.4161712247324614
carry,porto,1372675335620000451#0,tight,120,2.8513379583746286
carry,porto,1372675335620000451#1,tight,15,23.11694747274529
carry,porto,1372675335620000451#2,loose,30,14.918731417244796
carry,porto,1372675335620000451#3,reversed,600,0.7046580773042617
carry,porto,1372861267620000397#0,tight,30,5.842329545454546
carry,porto,1372861267620000397#1,tight,60,3.2457386363636362
carry,porto,1372861267620000397#2,loose,60,3.393465909090909
carry,porto,1372861267620000397#3,reversed,600,0.4971590909090909
carry,porto,1372660219620000663#0,tight,15,32.58435852372583
carry,porto,1372660219620000663#1,tight,5,101.97188049209139
carry,porto,1372660219620000663#2,loose,15,29.97627416520211
carry,porto,1372660219620000663#3,reversed,600,0.624780316344464
carry,porto,1373071549620000671#0,tight,30,7.772558714462299
carry,porto,1373071549620000671#1,tight,30,8.57354758961681
carry,porto,1373071549620000671#2,loose,60,4.458590852904821
carry,porto,1373071549620000671#3,reversed,600,0.4326328800988875
carry,porto,1373109185620000658#0,tight,60,5.108670520231214
carry,porto,1373109185620000658#1,tight,15,21.280924855491328
carry,porto,1373109185620000658#2,loose,60,4.813872832369942
carry,porto,1373109185620000658#3,reversed,600,0.8219653179190751
carry,porto,1372662052620000560#0,tight,120,2.424071991001125
carry,porto,1372662052620000560#1,tight,30,10.232845894263217
carry,porto,1372662052620000560#2,loose,15,22.471316085489313
carry,porto,1372662052620000560#3,reversed,600,0.7997750281214848
carry,porto,1372699908620000391#0,tight,600,0.7194630872483222
carry,porto,1372699908620000391#1,tight,30,15.125503355704698
carry,porto,1372699908620000391#2,loose,120,3.9604026845637583
carry,porto,1372699908620000391#3,reversed,600,0.7268456375838926
carry,porto,1372944939620000473#0,tight,120,3.2076648841354722
carry,porto,1372944939620000473#1,tight,30,12.701426024955436
carry,porto,1372944939620000473#2,loose,120,3.371657754010695
carry,porto,1372944939620000473#3,reversed,600,0.6336898395721925
carry,porto,1372721896620000632#0,tight,0,nan
carry,porto,1372721896620000632#1,tight,600,0.4122497055359246
carry,porto,1372721896620000632#2,loose,15,29.843345111896348
carry,porto,1372721896620000632#3,reversed,600,0.4122497055359246
carry,porto,1372672674620000686#0,tight,30,10.729270729270729
carry,porto,1372672674620000686#1,tight,600,0.7102897102897103
carry,porto,1372672674620000686#2,loose,30,18.75824175824176
carry,porto,1372672674620000686#3,reversed,600,0.7102897102897103
carry,porto,1372776169620000324#0,tight,30,6.809210526315789
carry,porto,1372776169620000324#1,tight,30,6.809210526315789
carry,porto,1372776169620000324#2,loose,60,4.493421052631579
carry,porto,1372776169620000324#3,reversed,600,0.4605263157894737
carry,porto,1372829190620000529#0,tight,30,6.809210526315789
carry,porto,1372829190620000529#1,tight,30,6.896052631578947
carry,porto,1372829190620000529#2,loose,60,3.8815789473684212
carry,porto,1372829190620000529#3,reversed,600,0.4605263157894737
carry,porto,1373054933620000199#0,tight,60,4.879598662207358
carry,porto,1373054933620000199#1,tight,15,21.0546265328874
carry,porto,1373054933620000199#2,loose,15,32.634336677814936
carry,porto,1373054933620000199#3,reversed,15,19.08361204013378
carry,porto,1372948330620000664#0,tight,15,25.57433628318584
carry,porto,1372948330620000664#1,tight,120,3.1849557522123892
carry,porto,1372948330620000664#2,loose,30,16.45575221238938
carry,porto,1372948330620000664#3,reversed,600,0.6292035398230088
carry,porto,1372762810620000084#0,tight,15,26.16210295728368
carry,porto,1372762810620000084#1,tight,15,23.88499452354874
carry,porto,1372762810620000084#2,loose,15,23.3789704271632
carry,porto,1372762810620000084#3,reversed,600,0.778751369112815
carry,porto,1372722307620000472#0,tight,300,0.8876404494382022
carry,porto,1372722307620000472#1,tight,60,4.093632958801498
carry,porto,1372722307620000472#2,loose,15,38.77777777777778
carry,porto,1372722307620000472#3,reversed,600,0.4369538077403246
carry,porto,1372964280620000077#0,tight,30,6.881648936170213
carry,porto,1372964280620000077#1,tight,180,1.425531914893617
carry,porto,1372964280620000077#2,loose,15,19.7406914893617
carry,porto,1372964280620000077#3,reversed,600,0.4654255319148936
carry,porto,1372765910620000256#0,tight,600,0.9711581793600721
carry,porto,1372765910620000256#1,tight,600,0.9711581793600721
carry,porto,1372765910620000256#2,loose,600,0.9828751689950428
carry,porto,1372765910620000256#3,reversed,180,3.2334384858044163
carry,porto,1373117447620000073#0,tight,300,1.1845303867403314
carry,porto,1373117447620000073#1,tight,600,0.7856353591160221
carry,porto,1373117447620000073#2,loose,15,28.076243093922653
carry,porto,1373117447620000073#3,reversed,60,4.83646408839779
carry,porto,1372832538620000424#0,tight,0,nan
carry,porto,1372832538620000424#1,tight,30,6.079166666666667
carry,porto,1372832538620000424#2,loose,30,10.590277777777779
carry,porto,1372832538620000424#3,reversed,600,0.4861111111111111
carry,porto,1372760778620000361#0,tight,0,nan
carry,porto,1372760778620000361#1,tight,180,1.5732899022801303
carry,porto,1372760778620000361#2,loose,120,2.735070575461455
carry,porto,1372760778620000361#3,reversed,600,0.7719869706840391
carry,porto,1372708068620000426#0,tight,30,5.633426966292135
carry,porto,1372708068620000426#1,tight,15,11.734550561797754
carry,porto,1372708068620000426#2,loose,60,3.537921348314607
carry,porto,1372708068620000426#3,reversed,600,0.49157303370786515
carry,porto,1372955653620000006#0,tight,15,39.62146422628952
carry,porto,1372955653620000006#1,tight,15,36.20216306156406
carry,porto,1372955653620000006#2,loose,120,3.591514143094842
carry,porto,1372955653620000006#3,reversed,600,0.891846921797005
carry,porto,1372927941620000472#0,tight,300,0.8618181818181818
carry,porto,1372927941620000472#1,tight,300,0.8618181818181818
carry,porto,1372927941620000472#2,loose,120,2.2254545454545456
carry,porto,1372927941620000472#3,reversed,600,0.42424242424242425
carry,porto,1373031985620000503#0,tight,120,2.2472460220318236
carry,porto,1373031985620000503#1,tight,5,61.76009791921665
carry,porto,1373031985620000503#2,loose,60,4.6658506731946146
carry,porto,1373031985620000503#3,reversed,600,0.4283965728274174
carry,porto,1372860562620000331#0,tight,15,32.382716049382715
carry,porto,1372860562620000331#1,tight,15,37.47393689986283
carry,porto,1372860562620000331#2,loose,180,2.5
carry,porto,1372860562620000331#3,reversed,600,0.7352537722908093
carry,porto,1373035291620000008#0,tight,120,2.1423570595099184
carry,porto,1373035291620000008#1,tight,0,nan
carry,porto,1373035291620000008#2,loose,180,1.7281213535589266
carry,porto,1373035291620000008#3,reversed,180,1.6721120186697782
carry,porto,1372839796620000534#0,tight,15,12.842032967032967
carry,porto,1372839796620000534#1,tight,60,3.2101648351648353
carry,porto,1372839796620000534#2,loose,60,3.4601648351648353
carry,porto,1372839796620000534#3,reversed,600,0.4807692307692308
carry,porto,1373141328620000276#0,tight,180,1.9146211312700108
carry,porto,1373141328620000276#1,tight,15,22.66488794023479
carry,porto,1373141328620000276#2,loose,60,6.884738527214514
carry,porto,1373141328620000276#3,reversed,600,0.7588046958377801
carry,porto,1372988744620000388#0,tight,60,4.711340206185567
carry,porto,1372988744620000388#1,tight,0,nan
carry,porto,1372988744620000388#2,loose,60,6.230240549828179
carry,porto,1372988744620000388#3,reversed,600,0.8144329896907216
carry,porto,1372871152620000608#0,tight,15,12.617897727272727
carry,porto,1372871152620000608#1,tight,300,1.0099431818181819
carry,porto,1372871152620000608#2,loose,300,1.0525568181818181
carry,porto,1372871152620000608#3,reversed,600,0.4971590909090909
carry,porto,1372705809620000372#0,tight,30,9.169611307420494
carry,porto,1372705809620000372#1,tight,180,1.7444051825677267
carry,porto,1372705809620000372#2,loose,15,29.843345111896348
carry,porto,1372705809620000372#3,reversed,600,0.4122497055359246
carry,porto,1372787463620000658#0,tight,60,4.347467608951708
carry,porto,1372787463620000658#1,tight,30,8.717314487632509
carry,porto,1372787463620000658#2,loose,120,2.2862190812720846
carry,porto,1372787463620000658#3,reversed,600,0.4122497055359246
carry,porto,1373095467620000174#0,tight,60,4.683914510686164
carry,porto,1373095467620000174#1,tight,120,2.5410573678290214
carry,porto,1373095467620000174#2,loose,30,11.186726659167604
carry,porto,1373095467620000174#3,reversed,600,0.7997750281214848
carry,porto,1372672508620000315#0,tight,30,13.710053859964093
carry,porto,1372672508620000315#1,tight,30,12.604129263913824
carry,porto,1372672508620000315#2,loose,120,3.421903052064632
carry,porto,1372672508620000315#3,reversed,600,0.6382405745062837
carry,porto,1372667938620000480#0,tight,15,13.320054945054945
carry,porto,1372667938620000480#1,tight,15,14.594780219780219
carry,porto,1372667938620000480#2,loose,15,30.84752747252747
carry,porto,1372667938620000480#3,reversed,600,0.4807692307692308
carry,porto,1372657532620000073#0,tight,600,0.7856353591160221
carry,porto,1372657532620000073#1,tight,30,10.756906077348066
carry,porto,1372657532620000073#2,loose,15,28.076243093922653
carry,porto,1372657532620000073#3,reversed,600,0.7856353591160221
carry,porto,1373150726620000002#0,tight,120,2.187279151943463
carry,porto,1373150726620000002#1,tight,120,2.137809187279152
carry,porto,1373150726620000002#2,loose,300,0.8374558303886925
carry,porto,1373150726620000002#3,reversed,30,10.074204946996467
carry,porto,1373061237620000260#0,tight,120,1.9470108695652173
carry,porto,1373061237620000260#1,tight,30,6.9415760869565215
carry,porto,1373061237620000260#2,loose,15,31.811141304347824
carry,porto,1373061237620000260#3,reversed,600,0.47554347826086957
carry,tdrive,6790/11#0,tight,120,7.5240189445196215
carry,tdrive,6790/11#1,tight,30,75.20196211096076
carry,tdrive,6790/11#2,loose,180,5.080175913396482
carry,tdrive,6790/11#3,reversed,600,1.537550744248985
carry,tdrive,6789/13#0,tight,600,6.288793103448276
carry,tdrive,6789/13#1,tight,0,nan
carry,tdrive,6789/13#2,loose,600,6.208333333333333
carry,tdrive,6789/13#3,reversed,600,6.288793103448276
carry,tdrive,476/3#0,tight,0,nan
carry,tdrive,476/3#1,tight,600,6.6826923076923075
carry,tdrive,476/3#2,loose,600,6.5151098901098905
carry,tdrive,476/3#3,reversed,600,6.850274725274725
carry,tdrive,6916/16#0,tight,0,nan
carry,tdrive,6916/16#1,tight,180,19.446735395189002
carry,tdrive,6916/16#2,loose,60,55.753722794959906
carry,tdrive,6916/16#3,reversed,600,4.949599083619702
carry,tdrive,2835/5#0,tight,300,9.953461975028377
carry,tdrive,2835/5#1,tight,30,147.53802497162314
carry,tdrive,2835/5#2,loose,600,5.031782065834279
carry,tdrive,2835/5#3,reversed,600,5.095346197502837
carry,tdrive,5556/28#0,tight,600,5.78479381443299
carry,tdrive,5556/28#1,tight,0,nan
carry,tdrive,5556/28#2,loose,300,11.89819587628866
carry,tdrive,5556/28#3,reversed,600,5.568298969072165
carry,tdrive,7192/34#0,tight,0,nan
carry,tdrive,7192/34#1,tight,180,18.471676300578036
carry,tdrive,7192/34#2,loose,300,10.003468208092485
carry,tdrive,7192/34#3,reversed,600,5.383815028901734
carry,tdrive,8925/42#0,tight,600,7.170454545454546
carry,tdrive,8925/42#1,tight,600,6.910511363636363
carry,tdrive,8925/42#2,loose,600,6.823863636363637
carry,tdrive,8925/42#3,reversed,600,7.083806818181818
carry,tdrive,1981/67#0,tight,600,6.089285714285714
carry,tdrive,1981/67#1,tight,0,nan
carry,tdrive,1981/67#2,loose,600,5.93543956043956
carry,tdrive,1981/67#3,reversed,600,6.243131868131868
carry,tdrive,6627/11#0,tight,300,9.381679389312977
carry,tdrive,6627/11#1,tight,300,8.917557251908397
carry,tdrive,6627/11#2,loose,300,9.381679389312977
carry,tdrive,6627/11#3,reversed,600,4.5022900763358775
carry,tdrive,6140/16#0,tight,600,6.444293478260869
carry,tdrive,6140/16#1,tight,600,6.610054347826087
carry,tdrive,6140/16#2,loose,600,6.361413043478261
carry,tdrive,6140/16#3,reversed,600,6.444293478260869
carry,tdrive,3566/0#0,tight,0,nan
carry,tdrive,3566/0#1,tight,0,nan
carry,tdrive,3566/0#2,loose,600,3.4590690208667736
carry,tdrive,3566/0#3,reversed,600,3.5425361155698236
carry,tdrive,1981/44#0,tight,600,6.5151098901098905
carry,tdrive,1981/44#1,tight,600,6.934065934065934
carry,tdrive,1981/44#2,loose,300,12.714285714285714
carry,tdrive,1981/44#3,reversed,600,6.766483516483516
carry,tdrive,7091/2#0,tight,120,11.142194744976816
carry,tdrive,7091/2#1,tight,0,nan
carry,tdrive,7091/2#2,loose,300,4.557959814528593
carry,tdrive,7091/2#3,reversed,600,2.21483771251932
carry,tdrive,6510/34#0,tight,300,10.621029572836802
carry,tdrive,6510/34#1,tight,180,19.174151150054765
carry,tdrive,6510/34#2,loose,600,4.855421686746988
carry,tdrive,6510/34#3,reversed,600,4.794085432639649
carry,tdrive,26/22#0,tight,600,6.156944444444444
carry,tdrive,26/22#1,tight,300,12.179166666666667
carry,tdrive,26/22#2,loose,600,6.001388888888889
carry,tdrive,26/22#3,reversed,600,6.468055555555556
carry,tdrive,5276/8#0,tight,300,9.025602409638553
carry,tdrive,5276/8#1,tight,600,4.3870481927710845
carry,tdrive,5276/8#2,loose,300,9.254518072289157
carry,tdrive,5276/8#3,reversed,600,4.495481927710843
carry,tdrive,8067/0#0,tight,600,5.066889632107023
carry,tdrive,8067/0#1,tight,600,4.81716833890747
carry,tdrive,8067/0#2,loose,600,4.81716833890747
carry,tdrive,8067/0#3,reversed,600,5.254180602006689
carry,tdrive,8725/30#0,tight,120,28.26658163265306
carry,tdrive,8725/30#1,tight,300,11.480867346938776
carry,tdrive,8725/30#2,loose,600,5.511479591836735
carry,tdrive,8725/30#3,reversed,600,5.79719387755102
carry,tdrive,1769/21#0,tight,600,6.5151098901098905
carry,tdrive,1769/21#1,tight,600,6.6826923076923075
carry,tdrive,1769/21#2,loose,600,6.431318681318682
carry,tdrive,1769/21#3,reversed,600,6.5151098901098905
carry,tdrive,342/19#0,tight,0,nan
carry,tdrive,342/19#1,tight,600,6.502777777777778
carry,tdrive,342/19#2,loose,600,6.5875
carry,tdrive,342/19#3,reversed,600,6.841666666666667
carry,tdrive,622/55#0,tight,600,5.958333333333333
carry,tdrive,622/55#1,tight,600,6.108870967741935
carry,tdrive,622/55#2,loose,600,5.807795698924731
carry,tdrive,622/55#3,reversed,600,5.883064516129032
carry,tdrive,5586/7#0,tight,300,11.443548387096774
carry,tdrive,5586/7#1,tight,0,nan
carry,tdrive,5586/7#2,loose,300,11.443548387096774
carry,tdrive,5586/7#3,reversed,600,5.883064516129032
carry,tdrive,8850/26#0,tight,600,6.431318681318682
carry,tdrive,8850/26#1,tight,600,6.5151098901098905
carry,tdrive,8850/26#2,loose,600,6.431318681318682
carry,tdrive,8850/26#3,reversed,600,6.6826923076923075
carry,tdrive,8973/1#0,tight,600,6.288793103448276
carry,tdrive,8973/1#1,tight,600,6.530172413793103
carry,tdrive,8973/1#2,loose,600,6.288793103448276
carry,tdrive,8973/1#3,reversed,600,6.530172413793103
carry,tdrive,1538/0#0,tight,0,nan
carry,tdrive,1538/0#1,tight,600,6.937402190923318
carry,tdrive,1538/0#2,loose,600,6.762128325508607
carry,tdrive,1538/0#3,reversed,600,6.849765258215962
carry,tdrive,10035/2#0,tight,0,nan
carry,tdrive,10035/2#1,tight,600,6.530172413793103
carry,tdrive,10035/2#2,loose,300,13.26580459770115
carry,tdrive,10035/2#3,reversed,600,6.449712643678161
carry,tdrive,2593/33#0,tight,0,nan
carry,tdrive,2593/33#1,tight,0,nan
carry,tdrive,2593/33#2,loose,600,3.744367417677643
carry,tdrive,2593/33#3,reversed,600,3.744367417677643
carry,tdrive,5685/30#0,tight,0,nan
carry,tdrive,5685/30#1,tight,300,13.145833333333334
carry,tdrive,5685/30#2,loose,600,6.079166666666667
carry,tdrive,5685/30#3,reversed,600,6.468055555555556
carry,tdrive,5255/0#0,tight,600,6.849765258215962
carry,tdrive,5255/0#1,tight,600,7.112676056338028
carry,tdrive,5255/0#2,loose,600,6.849765258215962
carry,tdrive,5255/0#3,reversed,600,7.287949921752738
carry,tdrive,151/34#0,tight,300,10.982694684796044
carry,tdrive,151/34#1,tight,0,nan
carry,tdrive,151/34#2,loose,300,10.695920889987638
carry,tdrive,151/34#3,reversed,600,5.825710754017305
carry,tdrive,6387/17#0,tight,600,6.226123595505618
carry,tdrive,6387/17#1,tight,600,6.383426966292135
carry,tdrive,6387/17#2,loose,600,6.068820224719101
carry,tdrive,6387/17#3,reversed,600,6.226123595505618
carry,tdrive,342/35#0,tight,600,6.068820224719101
carry,tdrive,342/35#1,tight,0,nan
carry,tdrive,342/35#2,loose,600,6.147471910112359
carry,tdrive,342/35#3,reversed,600,6.383426966292135
carry,tdrive,778/1#0,tight,0,nan
carry,tdrive,778/1#1,tight,600,5.548825710754017
carry,tdrive,778/1#2,loose,600,5.410383189122373
carry,tdrive,778/1#3,reversed,600,5.687268232385661
carry,tdrive,1253/47#0,tight,300,12.598529411764705
carry,tdrive,1253/47#1,tight,600,6.048529411764706
carry,tdrive,1253/47#2,loose,300,12.44264705882353
carry,tdrive,1253/47#3,reversed,600,6.198529411764706
carry,tdrive,3269/11#0,tight,600,6.356340288924558
carry,tdrive,3269/11#1,tight,0,nan
carry,tdrive,3269/11#2,loose,600,6.356340288924558
carry,tdrive,3269/11#3,reversed,600,6.438202247191011
carry,tdrive,8067/36#0,tight,300,11.668252080856124
carry,tdrive,8067/36#1,tight,0,nan
carry,tdrive,8067/36#2,loose,600,5.271105826397147
carry,tdrive,8067/36#3,reversed,600,5.4042806183115335
carry,tdrive,8189/25#0,tight,300,10.80274656679151
carry,tdrive,8189/25#1,tight,600,5.464419475655431
carry,tdrive,8189/25#2,loose,600,5.534332084893883
carry,tdrive,8189/25#3,reversed,600,5.7440699126092385
carry,tdrive,26/37#0,tight,300,12.501388888888888
carry,tdrive,26/37#1,tight,600,6.3125
carry,tdrive,26/37#2,loose,600,6.001388888888889
carry,tdrive,26/37#3,reversed,600,6.3125
carry,tdrive,7365/11#0,tight,0,nan
carry,tdrive,7365/11#1,tight,300,7.5383522727272725
carry,tdrive,7365/11#2,loose,300,7.2571022727272725
carry,tdrive,7365/11#3,reversed,600,3.6619318181818183
carry,tdrive,622/27#0,tight,600,6.610054347826087
carry,tdrive,622/27#1,tight,600,6.444293478260869
carry,tdrive,622/27#2,loose,600,6.444293478260869
carry,tdrive,622/27#3,reversed,600,6.610054347826087
carry,tdrive,4851/20#0,tight,30,120.80931458699473
carry,tdrive,4851/20#1,tight,120,19.02372583479789
carry,tdrive,4851/20#2,loose,600,3.84622144112478
carry,tdrive,4851/20#3,reversed,600,3.84622144112478
carry,tdrive,4881/16#0,tight,600,6.610054347826087
carry,tdrive,4881/16#1,tight,600,6.361413043478261
carry,tdrive,4881/16#2,loose,600,6.5271739130434785
carry,tdrive,4881/16#3,reversed,600,6.444293478260869
carry,tdrive,10030/36#0,tight,120,21.41767955801105
carry,tdrive,10030/36#1,tight,120,24.013259668508287
carry,tdrive,10030/36#2,loose,600,4.375690607734807
carry,tdrive,10030/36#3,reversed,600,4.432044198895028
carry,tdrive,5055/11#0,tight,0,nan
carry,tdrive,5055/11#1,tight,300,10.488484848484848
carry,tdrive,5055/11#2,loose,0,nan
carry,tdrive,5055/11#3,reversed,600,5.712727272727273
carry,tdrive,274/1#0,tight,600,6.650568181818182
carry,tdrive,274/1#1,tight,600,6.823863636363637
carry,tdrive,274/1#2,loose,600,6.737215909090909
carry,tdrive,274/1#3,reversed,600,6.823863636363637
carry,tdrive,3476/36#0,tight,600,6.456989247311828
carry,tdrive,3476/36#1,tight,600,6.375
carry,tdrive,3476/36#2,loose,600,6.456989247311828
carry,tdrive,3476/36#3,reversed,600,6.293010752688172
carry,tdrive,4772/53#0,tight,600,6.5989010989010985
carry,tdrive,4772/53#1,tight,600,6.766483516483516
carry,tdrive,4772/53#2,loose,600,6.431318681318682
carry,tdrive,4772/53#3,reversed,600,6.766483516483516
carry,tdrive,9686/65#0,tight,600,6.089285714285714
carry,tdrive,9686/65#1,tight,600,5.93543956043956
carry,tdrive,9686/65#2,loose,600,6.012362637362638
carry,tdrive,9686/65#3,reversed,600,6.089285714285714
carry,tdrive,5976/7#0,tight,600,5.685526315789474
carry,tdrive,5976/7#1,tight,0,nan
carry,tdrive,5976/7#2,loose,600,5.685526315789474
carry,tdrive,5976/7#3,reversed,600,5.75921052631579
carry,tdrive,3440/14#0,tight,300,11.41711956521739
carry,tdrive,3440/14#1,tight,600,6.099184782608695
carry,tdrive,3440/14#2,loose,600,5.8709239130434785
carry,tdrive,3440/14#3,reversed,600,5.947010869565218
carry,tdrive,3269/38#0,tight,600,6.937402190923318
carry,tdrive,3269/38#1,tight,600,7.287949921752738
carry,tdrive,3269/38#2,loose,0,nan
carry,tdrive,3269/38#3,reversed,600,7.025039123630673
carry,tdrive,9719/25#0,tight,0,nan
carry,tdrive,9719/25#1,tight,60,84.02497027348394
carry,tdrive,9719/25#2,loose,600,5.204518430439952
carry,tdrive,9719/25#3,reversed,600,5.204518430439952
carry,tdrive,2049/5#0,tight,300,12.618320610687023
carry,tdrive,2049/5#1,tight,180,21.509923664122137
carry,tdrive,2049/5#2,loose,0,nan
carry,tdrive,2049/5#3,reversed,600,5.4946564885496185
carry,tdrive,3762/20#0,tight,600,5.424107142857143
carry,tdrive,3762/20#1,tight,600,5.424107142857143
carry,tdrive,3762/20#2,loose,600,5.355654761904762
carry,tdrive,3762/20#3,reversed,600,5.424107142857143
carry,tdrive,7883/35#0,tight,180,5.718985334918748
carry,tdrive,7883/35#1,tight,600,1.7570352754657155
carry,tdrive,7883/35#2,loose,600,1.7126436781609196
carry,tdrive,7883/35#3,reversed,600,1.845818470075307
carry,tdrive,4656/28#0,tight,180,18.299157303370787
carry,tdrive,4656/28#1,tight,180,17.394662921348313
carry,tdrive,4656/28#2,loose,600,5.183988764044944
carry,tdrive,4656/28#3,reversed,600,5.11938202247191
carry,tdrive,9031/68#0,tight,600,6.444293478260869
carry,tdrive,9031/68#1,tight,600,6.444293478260869
carry,tdrive,9031/68#2,loose,600,6.444293478260869
carry,tdrive,9031/68#3,reversed,600,6.775815217391305
carry,tdrive,6774/15#0,tight,0,nan
carry,tdrive,6774/15#1,tight,300,14.529494382022472
carry,tdrive,6774/15#2,loose,600,6.747191011235955
carry,tdrive,6774/15#3,reversed,600,6.661516853932584
carry,tdrive,8819/18#0,tight,0,nan
carry,tdrive,8819/18#1,tight,180,17.409036860879905
carry,tdrive,8819/18#2,loose,600,5.137931034482759
carry,tdrive,8819/18#3,reversed,600,5.204518430439952
carry,tdrive,642/23#0,tight,600,6.610054347826087
carry,tdrive,642/23#1,tight,300,13.06929347826087
carry,tdrive,642/23#2,loose,600,6.5271739130434785
carry,tdrive,642/23#3,reversed,600,6.610054347826087
carry,tdrive,4851/57#0,tight,300,8.04780487804878
carry,tdrive,4851/57#1,tight,10,652.1063414634147
carry,tdrive,4851/57#2,loose,600,3.8634146341463413
carry,tdrive,4851/57#3,reversed,600,3.913170731707317
carry,tdrive,622/42#0,tight,300,12.880494505494505
carry,tdrive,622/42#1,tight,600,6.5151098901098905
carry,tdrive,622/42#2,loose,120,31.060439560439562
carry,tdrive,622/42#3,reversed,600,6.5151098901098905
carry,tdrive,5556/29#0,tight,600,5.590163934426229
carry,tdrive,5556/29#1,tight,600,5.731399747793191
carry,tdrive,5556/29#2,loose,600,5.448928121059269
carry,tdrive,5556/29#3,reversed,600,5.5195460277427495
carry,tdrive,7094/20#0,tight,0,nan
carry,tdrive,7094/20#1,tight,180,10.229534510433387
carry,tdrive,7094/20#2,loose,180,10.351524879614768
carry,tdrive,7094/20#3,reversed,600,2.913322632423756
carry,tdrive,532/57#0,tight,600,5.947010869565218
carry,tdrive,532/57#1,tight,600,6.175271739130435
carry,tdrive,532/57#2,loose,600,5.8709239130434785
carry,tdrive,532/57#3,reversed,600,6.099184782608695
carry,tdrive,6982/3#0,tight,120,17.834722222222222
carry,tdrive,6982/3#1,tight,60,35.168055555555554
carry,tdrive,6982/3#2,loose,600,3.4944444444444445
carry,tdrive,6982/3#3,reversed,600,3.623611111111111
carry,tdrive,7091/34#0,tight,600,5.004459308807135
carry,tdrive,7091/34#1,tight,120,26.444816053511705
carry,tdrive,7091/34#2,loose,300,10.293199554069119
carry,tdrive,7091/34#3,reversed,600,4.879598662207358
carry,tdrive,8296/18#0,tight,600,4.376302083333333
carry,tdrive,8296/18#1,tight,60,45.369791666666664
carry,tdrive,8296/18#2,loose,300,8.55859375
carry,tdrive,8296/18#3,reversed,600,4.483072916666667
carry,tdrive,465/34#0,tight,300,12.04532967032967
carry,tdrive,465/34#1,tight,300,13.320054945054945
carry,tdrive,465/34#2,loose,600,5.93543956043956
carry,tdrive,465/34#3,reversed,600,6.012362637362638
carry,tdrive,503/37#0,tight,600,6.5151098901098905
carry,tdrive,503/37#1,tight,600,6.5989010989010985
carry,tdrive,503/37#2,loose,600,6.431318681318682
carry,tdrive,503/37#3,reversed,600,6.5151098901098905
carry,tdrive,6790/53#0,tight,120,4.901743264659271
carry,tdrive,6790/53#1,tight,60,9.464342313787638
carry,tdrive,6790/53#2,loose,120,5.358161648177496
carry,tdrive,6790/53#3,reversed,600,1.126782884310618
carry,tdrive,5370/4#0,tight,300,13.757267441860465
carry,tdrive,5370/4#1,tight,0,nan
carry,tdrive,5370/4#2,loose,600,6.280523255813954
carry,tdrive,5370/4#3,reversed,600,6.280523255813954
carry,tdrive,8725/24#0,tight,120,23.08288043478261
carry,tdrive,8725/24#1,tight,120,24.80298913043478
carry,tdrive,8725/24#2,loose,60,43.96467391304348
carry,tdrive,8725/24#3,reversed,600,4.399456521739131
carry,tdrive,2180/36#0,tight,0,nan
carry,tdrive,2180/36#1,tight,120,28.289340101522843
carry,tdrive,2180/36#2,loose,60,52.43959390862944
carry,tdrive,2180/36#3,reversed,600,4.443654822335025
carry,tdrive,4234/52#0,tight,0,nan
carry,tdrive,4234/52#1,tight,15,40.52086553323029
carry,tdrive,4234/52#2,loose,30,34.091190108191654
carry,tdrive,4234/52#3,reversed,600,1.0989180834621328
carry,tdrive,1709/33#0,tight,300,11.66090425531915
carry,tdrive,1709/33#1,tight,300,12.43218085106383
carry,tdrive,1709/33#2,loose,300,11.66090425531915
carry,tdrive,1709/33#3,reversed,600,5.894946808510638
carry,tdrive,503/7#0,tight,0,nan
carry,tdrive,503/7#1,tight,600,6.661516853932584
carry,tdrive,503/7#2,loose,300,12.660112359550562
carry,tdrive,503/7#3,reversed,600,6.661516853932584
carry,tdrive,5055/18#0,tight,600,4.305851063829787
carry,tdrive,5055/18#1,tight,600,4.414893617021277
carry,tdrive,5055/18#2,loose,300,8.684840425531915
carry,tdrive,5055/18#3,reversed,600,4.360372340425532
carry,tdrive,8279/47#0,tight,600,7.517996870109546
carry,tdrive,8279/47#1,tight,600,7.899843505477309
carry,tdrive,8279/47#2,loose,600,7.327073552425665
carry,tdrive,8279/47#3,reversed,600,7.708920187793427
carry,tdrive,35/28#0,tight,600,1.752988047808765
carry,tdrive,35/28#1,tight,60,23.655378486055778
carry,tdrive,35/28#2,loose,30,41.12151394422311
carry,tdrive,35/28#3,reversed,600,1.6706507304116867
carry,tdrive,7531/9#0,tight,0,nan
carry,tdrive,7531/9#1,tight,180,22.33815789473684
carry,tdrive,7531/9#2,loose,300,11.538157894736843
carry,tdrive,7531/9#3,reversed,600,5.75921052631579
carry,tdrive,6790/13#0,tight,180,5.135772913816689
carry,tdrive,6790/13#1,tight,180,5.604993160054719
carry,tdrive,6790/13#2,loose,600,1.5160738714090287
carry,tdrive,6790/13#3,reversed,600,1.4777701778385772
carry,tdrive,4153/37#0,tight,600,5.383815028901734
carry,tdrive,4153/37#1,tight,60,51.72832369942196
carry,tdrive,4153/37#2,loose,0,nan
carry,tdrive,4153/37#3,reversed,600,4.995375722543352
carry,tdrive,5255/20#0,tight,600,7.708920187793427
carry,tdrive,5255/20#1,tight,600,7.422535211267606
carry,tdrive,5255/20#2,loose,600,7.517996870109546
carry,tdrive,5255/20#3,reversed,600,7.899843505477309
carry,tdrive,459/21#0,tight,60,60.11361079865017
carry,tdrive,459/21#1,tight,0,nan
carry,tdrive,459/21#2,loose,600,4.986501687289089
carry,tdrive,459/21#3,reversed,600,5.049493813273341
carry,tdrive,3284/43#0,tight,600,7.004213483146067
carry,tdrive,3284/43#1,tight,600,6.575842696629214
carry,tdrive,3284/43#2,loose,600,6.661516853932584
carry,tdrive,3284/43#3,reversed,600,6.832865168539326
carry,tdrive,1932/2#0,tight,600,5.725765306122449
carry,tdrive,1932/2#1,tight,0,nan
carry,tdrive,1932/2#2,loose,0,nan
carry,tdrive,1932/2#3,reversed,600,5.725765306122449
carry,tdrive,1675/41#0,tight,600,6.327445652173913
carry,tdrive,1675/41#1,tight,600,6.099184782608695
carry,tdrive,1675/41#2,loose,600,5.8709239130434785
carry,tdrive,1675/41#3,reversed,600,5.8709239130434785
carry,tdrive,1981/3#0,tight,0,nan
carry,tdrive,1981/3#1,tight,300,9.594476744186046
carry,tdrive,1981/3#2,loose,600,4.181686046511628
carry,tdrive,1981/3#3,reversed,600,4.286337209302325
carry,tdrive,7094/16#0,tight,0,nan
carry,tdrive,7094/16#1,tight,0,nan
carry,tdrive,7094/16#2,loose,600,5.820478723404255
carry,tdrive,7094/16#3,reversed,600,6.0438829787234045
carry,tdrive,5331/39#0,tight,600,7.708920187793427
carry,tdrive,5331/39#1,tight,600,7.613458528951487
carry,tdrive,5331/39#2,loose,600,7.422535211267606
carry,tdrive,5331/39#3,reversed,600,7.422535211267606
carry,tdrive,10035/61#0,tight,0,nan
carry,tdrive,10035/61#1,tight,600,6.383426966292135
carry,tdrive,10035/61#2,loose,600,6.226123595505618
carry,tdrive,10035/61#3,reversed,600,6.226123595505618
carry,tdrive,8418/22#0,tight,600,6.930059523809524
carry,tdrive,8418/22#1,tight,600,6.680059523809524
carry,tdrive,8418/22#2,loose,600,6.596726190476191
carry,tdrive,8418/22#3,reversed,600,6.596726190476191
carry,tdrive,8725/26#0,tight,300,11.556242274412856
carry,tdrive,8725/26#1,tight,180,19.046971569839307
carry,tdrive,8725/26#2,loose,600,5.341161928306551
carry,tdrive,8725/26#3,reversed,600,5.341161928306551
carry,tdrive,9677/16#0,tight,120,14.099137931034482
carry,tdrive,9677/16#1,tight,60,27.5933908045977
carry,tdrive,9677/16#2,loose,600,2.5775862068965516
carry,tdrive,9677/16#3,reversed,600,2.668103448275862
carry,tdrive,6287/8#0,tight,120,22.472190692395007
carry,tdrive,6287/8#1,tight,0,nan
carry,tdrive,6287/8#2,loose,600,3.3064699205448354
carry,tdrive,6287/8#3,reversed,600,3.388195232690125
carry,tdrive,9339/16#0,tight,600,6.001388888888889
carry,tdrive,9339/16#1,tight,300,12.179166666666667
carry,tdrive,9339/16#2,loose,600,6.001388888888889
carry,tdrive,9339/16#3,reversed,600,6.468055555555556
carry,tdrive,3749/14#0,tight,600,5.5195460277427495
carry,tdrive,3749/14#1,tight,0,nan
carry,tdrive,3749/14#2,loose,600,5.448928121059269
carry,tdrive,3749/14#3,reversed,600,5.731399747793191
carry,tdrive,293/20#0,tight,180,12.46941489361702
carry,tdrive,293/20#1,tight,180,12.63031914893617
carry,tdrive,293/20#2,loose,180,13.434840425531915
carry,tdrive,293/20#3,reversed,600,3.8257978723404253
carry,tdrive,9719/0#0,tight,300,11.300257731958762
carry,tdrive,9719/0#1,tight,300,11.300257731958762
carry,tdrive,9719/0#2,loose,600,5.568298969072165
carry,tdrive,9719/0#3,reversed,600,5.712628865979381
carry,tdrive,5634/13#0,tight,600,5.4042806183115335
carry,tdrive,5634/13#1,tight,600,5.137931034482759
carry,tdrive,5634/13#2,loose,600,5.204518430439952
carry,tdrive,5634/13#3,reversed,600,5.204518430439952
carry,tdrive,9117/49#0,tight,600,6.361413043478261
carry,tdrive,9117/49#1,tight,600,6.610054347826087
carry,tdrive,9117/49#2,loose,600,6.444293478260869
carry,tdrive,9117/49#3,reversed,600,6.9415760869565215
carry,tdrive,2118/50#0,tight,600,6.910511363636363
carry,tdrive,2118/50#1,tight,600,6.997159090909091
carry,tdrive,2118/50#2,loose,600,6.823863636363637
carry,tdrive,2118/50#3,reversed,600,6.737215909090909
carry,tdrive,5451/18#0,tight,0,nan
carry,tdrive,5451/18#1,tight,120,8.200642054574638
carry,tdrive,5451/18#2,loose,600,1.7207062600321028
carry,tdrive,5451/18#3,reversed,600,1.7207062600321028
carry,tdrive,7302/21#0,tight,300,14.019662921348315
carry,tdrive,7302/21#1,tight,300,12.660112359550562
carry,tdrive,7302/21#2,loose,300,13.509831460674157
carry,tdrive,7302/21#3,reversed,600,7.089887640449438
carry,tdrive,274/46#0,tight,0,nan
carry,tdrive,274/46#1,tight,600,5.8709239130434785
carry,tdrive,274/46#2,loose,600,5.947010869565218
carry,tdrive,274/46#3,reversed,600,6.023097826086956
carry,tdrive,10207/28#0,tight,600,6.462078651685394
carry,tdrive,10207/28#1,tight,600,6.147471910112359
carry,tdrive,10207/28#2,loose,600,6.068820224719101
carry,tdrive,10207/28#3,reversed,300,13.945224719101123
carry,tdrive,9344/29#0,tight,60,19.481540930979133
carry,tdrive,9344/29#1,tight,0,nan
carry,tdrive,9344/29#2,loose,120,8.518459069020867
carry,tdrive,9344/29#3,reversed,120,8.836276083467094
carry,tdrive,2792/32#0,tight,600,6.089285714285714
carry,tdrive,2792/32#1,tight,600,6.243131868131868
carry,tdrive,2792/32#2,loose,600,6.089285714285714
carry,tdrive,2792/32#3,reversed,600,6.089285714285714
carry,tdrive,7946/37#0,tight,600,6.304775280898877
carry,tdrive,7946/37#1,tight,600,6.068820224719101
carry,tdrive,7946/37#2,loose,600,6.226123595505618
carry,tdrive,7946/37#3,reversed,600,6.540730337078652
carry,tdrive,388/23#0,tight,600,6.156944444444444
carry,tdrive,388/23#1,tight,600,6.2347222222222225
carry,tdrive,388/23#2,loose,600,6.079166666666667
carry,tdrive,388/23#3,reversed,600,6.001388888888889
carry,tdrive,5644/72#0,tight,600,6.320054945054945
carry,tdrive,5644/72#1,tight,600,6.166208791208791
carry,tdrive,5644/72#2,loose,600,6.012362637362638
carry,tdrive,5644/72#3,reversed,600,6.320054945054945
carry,tdrive,3657/18#0,tight,0,nan
carry,tdrive,3657/18#1,tight,0,nan
carry,tdrive,3657/18#2,loose,180,19.44813829787234
carry,tdrive,3657/18#3,reversed,600,6.0438829787234045
carry,tdrive,6071/34#0,tight,120,29.183352080989877
carry,tdrive,6071/34#1,tight,0,nan
carry,tdrive,6071/34#2,loose,600,4.860517435320585
carry,tdrive,6071/34#3,reversed,600,5.049493813273341
carry,tdrive,3284/0#0,tight,0,nan
carry,tdrive,3284/0#1,tight,300,12.20467032967033
carry,tdrive,3284/0#2,loose,600,6.012362637362638
carry,tdrive,3284/0#3,reversed,600,6.166208791208791
carry,tdrive,10074/10#0,tight,0,nan
carry,tdrive,10074/10#1,tight,300,13.65725806451613
carry,tdrive,10074/10#2,loose,120,30.68951612903226
carry,tdrive,10074/10#3,reversed,600,6.259408602150538
carry,tdrive,239/13#0,tight,300,7.025039123630673
carry,tdrive,239/13#1,tight,300,6.762128325508607
carry,tdrive,239/13#2,loose,600,3.37245696400626
carry,tdrive,239/13#3,reversed,600,3.4945226917057903
carry,tdrive,417/10#0,tight,600,6.369252873563219
carry,tdrive,417/10#1,tight,600,6.288793103448276
carry,tdrive,417/10#2,loose,600,6.208333333333333
carry,tdrive,417/10#3,reversed,600,6.288793103448276
carry,tdrive,3284/46#0,tight,0,nan
carry,tdrive,3284/46#1,tight,600,6.5875
carry,tdrive,3284/46#2,loose,600,6.502777777777778
carry,tdrive,3284/46#3,reversed,600,7.095833333333333
carry,tdrive,8067/52#0,tight,600,4.898342541436464
carry,tdrive,8067/52#1,tight,600,4.774585635359116
carry,tdrive,8067/52#2,loose,600,4.774585635359116
carry,tdrive,8067/52#3,reversed,600,4.774585635359116
carry,tdrive,2118/17#0,tight,600,6.610632183908046
carry,tdrive,2118/17#1,tight,0,nan
carry,tdrive,2118/17#2,loose,600,6.288793103448276
carry,tdrive,2118/17#3,reversed,600,6.208333333333333
carry,tdrive,5644/39#0,tight,600,6.079166666666667
carry,tdrive,5644/39#1,tight,600,6.3125
carry,tdrive,5644/39#2,loose,600,6.156944444444444
carry,tdrive,5644/39#3,reversed,600,6.079166666666667
carry,tdrive,35/5#0,tight,600,1.9282296650717703
carry,tdrive,35/5#1,tight,180,6.276207046541975
carry,tdrive,35/5#2,loose,600,1.8795128316659417
carry,tdrive,35/5#3,reversed,600,1.903871248368856
carry,tdrive,622/40#0,tight,600,6.502777777777778
carry,tdrive,622/40#1,tight,600,6.502777777777778
carry,tdrive,622/40#2,loose,600,6.502777777777778
carry,tdrive,622/40#3,reversed,600,6.6722222222222225
carry,tdrive,6032/20#0,tight,0,nan
carry,tdrive,6032/20#1,tight,120,28.589616810877626
carry,tdrive,6032/20#2,loose,0,nan
carry,tdrive,6032/20#3,reversed,600,5.410383189122373
carry,tdrive,6032/35#0,tight,600,5.464419475655431
carry,tdrive,6032/35#1,tight,60,88.29588014981273
carry,tdrive,6032/35#2,loose,300,11.526841448189764
carry,tdrive,6032/35#3,reversed,600,5.604244694132334
carry,tdrive,6790/40#0,tight,0,nan
carry,tdrive,6790/40#1,tight,60,16.368780487804877
carry,tdrive,6790/40#2,loose,30,41.837073170731706
carry,tdrive,6790/40#3,reversed,600,1.8117073170731708
carry,tdrive,532/17#0,tight,600,6.2347222222222225
carry,tdrive,532/17#1,tight,0,nan
carry,tdrive,532/17#2,loose,600,6.001388888888889
carry,tdrive,532/17#3,reversed,600,6.079166666666667
carry,tdrive,2400/24#0,tight,600,6.444293478260869
carry,tdrive,2400/24#1,tight,600,6.692934782608695
carry,tdrive,2400/24#2,loose,600,6.361413043478261
carry,tdrive,2400/24#3,reversed,600,6.692934782608695
carry,tdrive,4135/34#0,tight,600,4.829022988505747
carry,tdrive,4135/34#1,tight,0,nan
carry,tdrive,4135/34#2,loose,600,4.652298850574713
carry,tdrive,4135/34#3,reversed,600,4.711206896551724
carry,tdrive,9187/24#0,tight,60,33.98204667863555
carry,tdrive,9187/24#1,tight,120,12.253141831238779
carry,tdrive,9187/24#2,loose,600,2.258527827648115
carry,tdrive,9187/24#3,reversed,600,2.3141831238779176
carry,tdrive,3081/24#0,tight,0,nan
carry,tdrive,3081/24#1,tight,180,19.53558926487748
carry,tdrive,3081/24#2,loose,600,5.042007001166861
carry,tdrive,3081/24#3,reversed,600,5.042007001166861
carry,tdrive,579/36#0,tight,600,5.883064516129032
carry,tdrive,579/36#1,tight,600,5.883064516129032
carry,tdrive,579/36#2,loose,600,5.958333333333333
carry,tdrive,579/36#3,reversed,600,6.108870967741935
carry,tdrive,532/30#0,tight,600,6.5151098901098905
carry,tdrive,532/30#1,tight,600,6.6826923076923075
carry,tdrive,532/30#2,loose,600,6.431318681318682
carry,tdrive,532/30#3,reversed,600,6.431318681318682
carry,tdrive,2593/0#0,tight,0,nan
carry,tdrive,2593/0#1,tight,0,nan
carry,tdrive,2593/0#2,loose,120,13.957160342717259
carry,tdrive,2593/0#3,reversed,600,2.6376988984088126
carry,tdrive,342/47#0,tight,600,6.001388888888889
carry,tdrive,342/47#1,tight,600,6.079166666666667
carry,tdrive,342/47#2,loose,600,6.079166666666667
carry,tdrive,342/47#3,reversed,600,6.3902777777777775
carry,tdrive,5201/50#0,tight,600,6.099184782608695
carry,tdrive,5201/50#1,tight,600,5.8709239130434785
carry,tdrive,5201/50#2,loose,600,5.947010869565218
carry,tdrive,5201/50#3,reversed,600,5.947010869565218
carry,tdrive,9084/12#0,tight,0,nan
carry,tdrive,9084/12#1,tight,600,6.001626016260163
carry,tdrive,9084/12#2,loose,0,nan
carry,tdrive,9084/12#3,reversed,600,6.076422764227642
carry,tdrive,5846/37#0,tight,0,nan
carry,tdrive,5846/37#1,tight,0,nan
carry,tdrive,5846/37#2,loose,0,nan
carry,tdrive,5846/37#3,reversed,600,6.089285714285714
carry,tdrive,7738/18#0,tight,600,7.291600633914421
carry,tdrive,7738/18#1,tight,600,7.114104595879557
carry,tdrive,7738/18#2,loose,600,6.847860538827258
carry,tdrive,7738/18#3,reversed,600,7.2028526148969885
carry,tdrive,9977/41#0,tight,600,6.226123595505618
carry,tdrive,9977/41#1,tight,600,6.068820224719101
carry,tdrive,9977/41#2,loose,600,6.226123595505618
carry,tdrive,9977/41#3,reversed,600,6.147471910112359
carry,tdrive,6774/56#0,tight,600,6.775815217391305
carry,tdrive,6774/56#1,tight,600,6.361413043478261
carry,tdrive,6774/56#2,loose,600,6.5271739130434785
carry,tdrive,6774/56#3,reversed,600,6.858695652173913
carry,tdrive,476/2#0,tight,300,11.885989010989011
carry,tdrive,476/2#1,tight,600,6.243131868131868
carry,tdrive,476/2#2,loose,600,6.012362637362638
carry,tdrive,476/2#3,reversed,600,6.012362637362638
carry,tdrive,2792/21#0,tight,600,6.431318681318682
carry,tdrive,2792/21#1,tight,600,6.5151098901098905
carry,tdrive,2792/21#2,loose,600,6.431318681318682
carry,tdrive,2792/21#3,reversed,600,6.431318681318682
carry,tdrive,3269/39#0,tight,0,nan
carry,tdrive,3269/39#1,tight,600,7.613458528951487
carry,tdrive,3269/39#2,loose,600,7.422535211267606
carry,tdrive,3269/39#3,reversed,600,7.517996870109546
carry,tdrive,465/14#0,tight,600,6.079166666666667
carry,tdrive,465/14#1,tight,600,6.156944444444444
carry,tdrive,465/14#2,loose,600,6.001388888888889
carry,tdrive,465/14#3,reversed,600,6.2347222222222225
carry,tdrive,532/51#0,tight,600,6.535511363636363
carry,tdrive,532/51#1,tight,600,6.535511363636363
carry,tdrive,532/51#2,loose,600,6.137784090909091
carry,tdrive,532/51#3,reversed,600,6.137784090909091
carry,tdrive,8584/30#0,tight,0,nan
carry,tdrive,8584/30#1,tight,0,nan
carry,tdrive,8584/30#2,loose,600,3.2900763358778624
carry,tdrive,8584/30#3,reversed,600,3.4091603053435113
carry,tdrive,1711/15#0,tight,600,6.156944444444444
carry,tdrive,1711/15#1,tight,600,6.468055555555556
carry,tdrive,1711/15#2,loose,600,6.079166666666667
carry,tdrive,1711/15#3,reversed,600,6.079166666666667
carry,tdrive,3845/8#0,tight,600,6.217329545454546
carry,tdrive,3845/8#1,tight,600,6.615056818181818
carry,tdrive,3845/8#2,loose,600,6.296875
carry,tdrive,3845/8#3,reversed,600,6.217329545454546
carry,tdrive,1711/52#0,tight,600,6.3902777777777775
carry,tdrive,1711/52#1,tight,600,6.468055555555556
carry,tdrive,1711/52#2,loose,600,6.156944444444444
carry,tdrive,1711/52#3,reversed,600,6.156944444444444
carry,tdrive,3615/15#0,tight,0,nan
carry,tdrive,3615/15#1,tight,600,5.898529411764706
carry,tdrive,3615/15#2,loose,600,5.973529411764706
carry,tdrive,3615/15#3,reversed,600,5.898529411764706
carry,tdrive,465/2#0,tight,600,6.3125
carry,tdrive,465/2#1,tight,600,6.3125
carry,tdrive,465/2#2,loose,300,12.823611111111111
carry,tdrive,465/2#3,reversed,600,6.2347222222222225
carry,tdrive,10074/28#0,tight,600,2.3560975609756096
carry,tdrive,10074/28#1,tight,600,2.330081300813008
carry,tdrive,10074/28#2,loose,600,2.3821138211382116
carry,tdrive,10074/28#3,reversed,600,2.3560975609756096
carry,tdrive,6982/6#0,tight,300,11.460674157303371
carry,tdrive,6982/6#1,tight,600,5.394506866416979
carry,tdrive,6982/6#2,loose,600,5.534332084893883
carry,tdrive,6982/6#3,reversed,600,5.604244694132334
carry,tdrive,8124/4#0,tight,600,6.217329545454546
carry,tdrive,8124/4#1,tight,0,nan
carry,tdrive,8124/4#2,loose,600,6.137784090909091
carry,tdrive,8124/4#3,reversed,600,6.455965909090909
carry,tdrive,1364/1#0,tight,300,13.456460674157304
carry,tdrive,1364/1#1,tight,600,6.147471910112359
carry,tdrive,1364/1#2,loose,600,6.226123595505618
carry,tdrive,1364/1#3,reversed,600,6.068820224719101
carry,tdrive,3476/39#0,tight,600,6.012362637362638
carry,tdrive,3476/39#1,tight,600,6.089285714285714
carry,tdrive,3476/39#2,loose,600,6.012362637362638
carry,tdrive,3476/39#3,reversed,600,6.243131868131868
carry,tdrive,9230/1#0,tight,60,32.109939759036145
carry,tdrive,9230/1#1,tight,300,6.0406626506024095
carry,tdrive,9230/1#2,loose,60,39.43524096385542
carry,tdrive,9230/1#3,reversed,600,3.3629518072289155
carry,tdrive,7073/18#0,tight,180,11.793023255813953
carry,tdrive,7073/18#1,tight,60,40.165116279069764
carry,tdrive,7073/18#2,loose,600,3.349612403100775
carry,tdrive,7073/18#3,reversed,600,3.5232558139534884
carry,tdrive,9256/10#0,tight,30,145.33259668508288
carry,tdrive,9256/10#1,tight,0,nan
carry,tdrive,9256/10#2,loose,600,4.774585635359116
carry,tdrive,9256/10#3,reversed,600,5.083977900552486
carry,tdrive,476/22#0,tight,0,nan
carry,tdrive,476/22#1,tight,300,13.638736263736265
carry,tdrive,476/22#2,loose,600,5.93543956043956
carry,tdrive,476/22#3,reversed,600,6.243131868131868
carry,tdrive,8182/10#0,tight,600,6.3125
carry,tdrive,8182/10#1,tight,300,12.501388888888888
carry,tdrive,8182/10#2,loose,600,6.079166666666667
carry,tdrive,8182/10#3,reversed,600,6.3125
carry,tdrive,6387/59#0,tight,600,3.330757341576507
carry,tdrive,6387/59#1,tight,600,3.3709428129829986
carry,tdrive,6387/59#2,loose,600,3.3709428129829986
carry,tdrive,6387/59#3,reversed,600,3.491499227202473
carry,tdrive,5112/8#0,tight,600,6.444293478260869
carry,tdrive,5112/8#1,tight,600,6.5271739130434785
carry,tdrive,5112/8#2,loose,600,6.361413043478261
carry,tdrive,5112/8#3,reversed,600,6.361413043478261
carry,tdrive,4851/31#0,tight,60,49.75305410122164
carry,tdrive,4851/31#1,tight,0,nan
carry,tdrive,4851/31#2,loose,30,136.59424083769633
carry,tdrive,4851/31#3,reversed,600,4.014834205933682
carry,tdrive,3372/16#0,tight,600,3.1013888888888888
carry,tdrive,3372/16#1,tight,0,nan
carry,tdrive,3372/16#2,loose,180,10.016666666666667
carry,tdrive,3372/16#3,reversed,600,2.9930555555555554
carry,tdrive,2060/5#0,tight,600,6.661516853932584
carry,tdrive,2060/5#1,tight,300,13.0
carry,tdrive,2060/5#2,loose,600,6.575842696629214
carry,tdrive,2060/5#3,reversed,600,6.918539325842697
carry,tdrive,7946/13#0,tight,300,12.072010869565217
carry,tdrive,7946/13#1,tight,300,13.175271739130435
carry,tdrive,7946/13#2,loose,600,6.023097826086956
carry,tdrive,7946/13#3,reversed,600,6.023097826086956
carry,tdrive,6032/10#0,tight,600,5.5195460277427495
carry,tdrive,6032/10#1,tight,0,nan
carry,tdrive,6032/10#2,loose,600,5.5195460277427495
carry,tdrive,6032/10#3,reversed,600,5.5195460277427495
carry,tdrive,7302/11#0,tight,300,13.339887640449438
carry,tdrive,7302/11#1,tight,300,12.830056179775282
carry,tdrive,7302/11#2,loose,300,13.509831460674157
carry,tdrive,7302/11#3,reversed,600,6.661516853932584
carry,tdrive,10216/46#0,tight,600,6.3902777777777775
carry,tdrive,10216/46#1,tight,300,12.179166666666667
carry,tdrive,10216/46#2,loose,300,12.823611111111111
carry,tdrive,10216/46#3,reversed,600,6.2347222222222225
carry,tdrive,9435/14#0,tight,300,13.877747252747254
carry,tdrive,9435/14#1,tight,0,nan
carry,tdrive,9435/14#2,loose,600,6.5151098901098905
carry,tdrive,9435/14#3,reversed,600,6.6826923076923075
carry,tdrive,8584/36#0,tight,180,18.435868331441544
carry,tdrive,8584/36#1,tight,0,nan
carry,tdrive,8584/36#2,loose,60,50.63904653802497
carry,tdrive,8584/36#3,reversed,600,4.552780930760499
carry,tdrive,6230/10#0,tight,300,7.20545746388443
carry,tdrive,6230/10#1,tight,0,nan
carry,tdrive,6230/10#2,loose,300,7.385232744783306
carry,tdrive,6230/10#3,reversed,600,3.5008025682182984
carry,tdrive,8823/10#0,tight,60,10.072123176661265
carry,tdrive,8823/10#1,tight,60,10.475688816855754
carry,tdrive,8823/10#2,loose,600,1.1612641815235007
carry,tdrive,8823/10#3,reversed,120,5.752025931928687
carry,tdrive,4881/22#0,tight,60,56.4375
carry,tdrive,4881/22#1,tight,300,11.815159574468085
carry,tdrive,4881/22#2,loose,60,77.88430851063829
carry,tdrive,4881/22#3,reversed,600,6.19281914893617
carry,tdrive,2180/27#0,tight,300,3.5425361155698236
carry,tdrive,2180/27#1,tight,120,9.130016051364366
carry,tdrive,2180/27#2,loose,120,9.47191011235955
carry,tdrive,2180/27#3,reversed,600,1.7207062600321028
carry,tdrive,5685/10#0,tight,0,nan
carry,tdrive,5685/10#1,tight,300,12.76580459770115
carry,tdrive,5685/10#2,loose,600,6.208333333333333
carry,tdrive,5685/10#3,reversed,600,6.449712643678161
carry,tdrive,4367/27#0,tight,600,3.533707865168539
carry,tdrive,4367/27#1,tight,180,11.34129213483146
carry,tdrive,4367/27#2,loose,300,6.661516853932584
carry,tdrive,4367/27#3,reversed,600,3.7514044943820224
carry,tdrive,3783/30#0,tight,600,3.392105263157895
carry,tdrive,3783/30#1,tight,600,3.3513157894736842
carry,tdrive,3783/30#2,loose,600,3.3513157894736842
carry,tdrive,3783/30#3,reversed,600,3.3105263157894735
carry,tdrive,8992/8#0,tight,180,22.166193181818183
carry,tdrive,8992/8#1,tight,300,12.620738636363637
carry,tdrive,8992/8#2,loose,600,6.217329545454546
carry,tdrive,8992/8#3,reversed,600,6.376420454545454
carry,tdrive,7939/0#0,tight,600,5.263242375601926
carry,tdrive,7939/0#1,tight,0,nan
carry,tdrive,7939/0#2,loose,0,nan
carry,tdrive,7939/0#3,reversed,600,5.197431781701445
carry,tdrive,9686/25#0,tight,0,nan
carry,tdrive,9686/25#1,tight,600,6.048529411764706
carry,tdrive,9686/25#2,loose,600,5.973529411764706
carry,tdrive,9686/25#3,reversed,600,6.048529411764706
carry,tdrive,6916/25#0,tight,300,11.501800720288115
carry,tdrive,6916/25#1,tight,300,10.527010804321728
carry,tdrive,6916/25#2,loose,60,60.4561824729892
carry,tdrive,6916/25#3,reversed,600,5.254501800720288
carry,tdrive,7033/28#0,tight,600,6.3125
carry,tdrive,7033/28#1,tight,600,6.468055555555556
carry,tdrive,7033/28#2,loose,600,6.001388888888889
carry,tdrive,7033/28#3,reversed,600,6.001388888888889
carry,tdrive,2049/13#0,tight,600,6.089285714285714
carry,tdrive,2049/13#1,tight,300,13.798076923076923
carry,tdrive,2049/13#2,loose,300,12.682692307692308
carry,tdrive,2049/13#3,reversed,600,6.089285714285714
carry,tdrive,7033/15#0,tight,300,13.033602150537634
carry,tdrive,7033/15#1,tight,600,6.108870967741935
carry,tdrive,7033/15#2,loose,300,11.630376344086022
carry,tdrive,7033/15#3,reversed,600,5.883064516129032
carry,tdrive,1932/16#0,tight,0,nan
carry,tdrive,1932/16#1,tight,600,4.847074468085107
carry,tdrive,1932/16#2,loose,600,4.785904255319149
carry,tdrive,1932/16#3,reversed,600,4.969414893617022
carry,tdrive,2763/5#0,tight,600,5.479604449938195
carry,tdrive,2763/5#1,tight,0,nan
carry,tdrive,2763/5#2,loose,600,5.341161928306551
carry,tdrive,2763/5#3,reversed,600,5.548825710754017
carry,tdrive,4857/19#0,tight,60,74.69414893617021
carry,tdrive,4857/19#1,tight,0,nan
carry,tdrive,4857/19#2,loose,600,5.746010638297872
carry,tdrive,4857/19#3,reversed,600,6.118351063829787
carry,tdrive,3719/21#0,tight,300,7.112676056338028
carry,tdrive,3719/21#1,tight,300,7.200312989045384
carry,tdrive,3719/21#2,loose,180,11.732394366197184
carry,tdrive,3719/21#3,reversed,600,3.37245696400626
carry,tdrive,8289/7#0,tight,600,6.438202247191011
carry,tdrive,8289/7#1,tight,600,6.438202247191011
carry,tdrive,8289/7#2,loose,0,nan
carry,tdrive,8289/7#3,reversed,600,6.520064205457464
carry,tdrive,5020/16#0,tight,300,12.823611111111111
carry,tdrive,5020/16#1,tight,600,6.3902777777777775
carry,tdrive,5020/16#2,loose,600,6.001388888888889
carry,tdrive,5020/16#3,reversed,600,6.156944444444444
carry,tdrive,2180/25#0,tight,300,6.375
carry,tdrive,2180/25#1,tight,0,nan
carry,tdrive,2180/25#2,loose,60,43.35618279569893
carry,tdrive,2180/25#3,reversed,600,3.4233870967741935
carry,tdrive,7302/1#0,tight,300,13.711538461538462
carry,tdrive,7302/1#1,tight,0,nan
carry,tdrive,7302/1#2,loose,300,12.548076923076923
carry,tdrive,7302/1#3,reversed,600,6.431318681318682
carry,tdrive,9686/18#0,tight,600,6.462078651685394
carry,tdrive,9686/18#1,tight,600,6.383426966292135
carry,tdrive,9686/18#2,loose,600,6.068820224719101
carry,tdrive,9686/18#3,reversed,600,6.540730337078652
carry,tdrive,7551/1#0,tight,600,6.304775280898877
carry,tdrive,7551/1#1,tight,300,12.478932584269662
carry,tdrive,7551/1#2,loose,600,6.226123595505618
carry,tdrive,7551/1#3,reversed,600,6.61938202247191
carry,tdrive,9029/19#0,tight,30,132.23767798466594
carry,tdrive,9029/19#1,tight,600,4.978094194961665
carry,tdrive,9029/19#2,loose,600,4.732749178532311
carry,tdrive,9029/19#3,reversed,600,4.732749178532311
carry,tdrive,8260/9#0,tight,120,4.244712990936556
carry,tdrive,8260/9#1,tight,30,23.90835850956697
carry,tdrive,8260/9#2,loose,600,1.0795568982880162
carry,tdrive,8260/9#3,reversed,600,1.1017119838872105
carry,tdrive,2904/2#0,tight,120,26.865193370165745
carry,tdrive,2904/2#1,tight,0,nan
carry,tdrive,2904/2#2,loose,600,4.774585635359116
carry,tdrive,2904/2#3,reversed,600,4.83646408839779
carry,tdrive,5085/13#0,tight,120,27.702762430939227
carry,tdrive,5085/13#1,tight,0,nan
carry,tdrive,5085/13#2,loose,600,4.898342541436464
carry,tdrive,5085/13#3,reversed,600,4.774585635359116
carry,tdrive,10338/39#0,tight,600,4.761764705882353
carry,tdrive,10338/39#1,tight,0,nan
carry,tdrive,10338/39#2,loose,300,9.604411764705882
carry,tdrive,10338/39#3,reversed,600,4.761764705882353
carry,tdrive,579/46#0,tight,600,6.320054945054945
carry,tdrive,579/46#1,tight,300,12.842032967032967
carry,tdrive,579/46#2,loose,600,6.012362637362638
carry,tdrive,579/46#3,reversed,600,6.243131868131868
carry,tdrive,3111/34#0,tight,600,4.879598662207358
carry,tdrive,3111/34#1,tight,600,4.879598662207358
carry,tdrive,3111/34#2,loose,60,50.09030100334448
carry,tdrive,3111/34#3,reversed,600,5.1293199554069115
carry,tdrive,8850/50#0,tight,0,nan
carry,tdrive,8850/50#1,tight,600,6.217329545454546
carry,tdrive,8850/50#2,loose,300,12.620738636363637
carry,tdrive,8850/50#3,reversed,600,6.615056818181818
carry,tdrive,9576/18#0,tight,600,6.327445652173913
carry,tdrive,9576/18#1,tight,600,5.8709239130434785
carry,tdrive,9576/18#2,loose,600,5.8709239130434785
carry,tdrive,9576/18#3,reversed,600,6.099184782608695
carry,tdrive,8871/40#0,tight,600,6.849765258215962
carry,tdrive,8871/40#1,tight,600,6.762128325508607
carry,tdrive,8871/40#2,loose,600,6.937402190923318
carry,tdrive,8871/40#3,reversed,600,7.112676056338028
carry,tdrive,2835/26#0,tight,600,4.130102040816326
carry,tdrive,2835/26#1,tight,120,21.072704081632654
carry,tdrive,2835/26#2,loose,0,nan
carry,tdrive,2835/26#3,reversed,600,4.130102040816326
carry,tdrive,3549/32#0,tight,0,nan
carry,tdrive,3549/32#1,tight,600,6.226123595505618
carry,tdrive,3549/32#2,loose,600,6.068820224719101
carry,tdrive,3549/32#3,reversed,600,6.304775280898877
carry,tdrive,9834/19#0,tight,600,6.137784090909091
carry,tdrive,9834/19#1,tight,600,6.376420454545454
carry,tdrive,9834/19#2,loose,0,nan
carry,tdrive,9834/19#3,reversed,600,6.455965909090909
carry,tdrive,8850/47#0,tight,600,6.850274725274725
carry,tdrive,8850/47#1,tight,0,nan
carry,tdrive,8850/47#2,loose,600,6.5989010989010985
carry,tdrive,8850/47#3,reversed,600,6.431318681318682
carry,tdrive,4367/37#0,tight,600,5.039430449069004
carry,tdrive,4367/37#1,tight,600,4.855421686746988
carry,tdrive,4367/37#2,loose,600,4.855421686746988
carry,tdrive,4367/37#3,reversed,600,4.794085432639649
carry,tdrive,3426/2#0,tight,300,13.522368421052631
carry,tdrive,3426/2#1,tight,600,5.832894736842105
carry,tdrive,3426/2#2,loose,60,79.72763157894737
carry,tdrive,3426/2#3,reversed,600,5.906578947368421
carry,tdrive,1794/18#0,tight,30,60.32293127629733
carry,tdrive,1794/18#1,tight,60,14.624474053295932
carry,tdrive,1794/18#2,loose,600,1.5150771388499298
carry,tdrive,1794/18#3,reversed,600,1.5150771388499298
carry,tdrive,5664/36#0,tight,600,3.5805555555555557
carry,tdrive,5664/36#1,tight,60,41.856944444444444
carry,tdrive,5664/36#2,loose,300,6.926388888888889
carry,tdrive,5664/36#3,reversed,600,3.5805555555555557
carry,tdrive,8260/38#0,tight,600,2.2411382925611583
carry,tdrive,8260/38#1,tight,30,64.74538192710934
carry,tdrive,8260/38#2,loose,30,48.623564653020466
carry,tdrive,8260/38#3,reversed,600,2.1572641038442337
carry,tdrive,8296/23#0,tight,300,5.762931034482759
carry,tdrive,8296/23#1,tight,300,5.689655172413793
carry,tdrive,8296/23#2,loose,120,14.737068965517242
carry,tdrive,8296/23#3,reversed,600,3.170977011494253
carry,tdrive,7939/47#0,tight,600,6.519117647058824
carry,tdrive,7939/47#1,tight,600,6.601470588235294
carry,tdrive,7939/47#2,loose,0,nan
carry,tdrive,7939/47#3,reversed,600,6.6838235294117645
carry,tdrive,4234/48#0,tight,0,nan
carry,tdrive,4234/48#1,tight,120,6.348214285714286
carry,tdrive,4234/48#2,loose,600,1.5952380952380953
carry,tdrive,4234/48#3,reversed,600,1.5952380952380953
carry,tdrive,8067/35#0,tight,300,11.986402966625464
carry,tdrive,8067/35#1,tight,600,5.341161928306551
carry,tdrive,8067/35#2,loose,180,18.097651421508033
carry,tdrive,8067/35#3,reversed,600,5.410383189122373
carry,tdrive,1200/4#0,tight,600,6.243131868131868
carry,tdrive,1200/4#1,tight,300,13.479395604395604
carry,tdrive,1200/4#2,loose,600,5.93543956043956
carry,tdrive,1200/4#3,reversed,600,6.396978021978022
carry,tdrive,94/24#0,tight,600,6.288793103448276
carry,tdrive,94/24#1,tight,300,12.432471264367816
carry,tdrive,94/24#2,loose,600,6.288793103448276
carry,tdrive,94/24#3,reversed,600,6.610632183908046
carry,tdrive,6627/4#0,tight,300,12.984722222222222
carry,tdrive,6627/4#1,tight,600,6.079166666666667
carry,tdrive,6627/4#2,loose,600,6.001388888888889
carry,tdrive,6627/4#3,reversed,600,6.2347222222222225
carry,tdrive,1159/11#0,tight,600,6.396978021978022
carry,tdrive,1159/11#1,tight,600,6.396978021978022
carry,tdrive,1159/11#2,loose,600,5.93543956043956
carry,tdrive,1159/11#3,reversed,600,6.089285714285714
carry,tdrive,3367/3#0,tight,600,5.685526315789474
carry,tdrive,3367/3#1,tight,0,nan
carry,tdrive,3367/3#2,loose,600,5.832894736842105
carry,tdrive,3367/3#3,reversed,600,5.75921052631579
carry,tdrive,2118/25#0,tight,60,97.15292553191489
carry,tdrive,2118/25#1,tight,300,11.66090425531915
carry,tdrive,2118/25#2,loose,600,5.894946808510638
carry,tdrive,2118/25#3,reversed,600,5.746010638297872
carry,tdrive,6140/4#0,tight,600,5.561797752808989
carry,tdrive,6140/4#1,tight,600,5.848314606741573
carry,tdrive,6140/4#2,loose,600,5.705056179775281
carry,tdrive,6140/4#3,reversed,600,5.919943820224719
carry,tdrive,10312/6#0,tight,600,6.449712643678161
carry,tdrive,10312/6#1,tight,600,6.288793103448276
carry,tdrive,10312/6#2,loose,600,6.288793103448276
carry,tdrive,10312/6#3,reversed,600,6.691091954022989
carry,tdrive,2616/17#0,tight,600,4.138041733547351
carry,tdrive,2616/17#1,tight,0,nan
carry,tdrive,2616/17#2,loose,300,7.613162118780096
carry,tdrive,2616/17#3,reversed,600,4.03852327447833
carry,tdrive,6387/23#0,tight,600,6.068820224719101
carry,tdrive,6387/23#1,tight,180,20.56320224719101
carry,tdrive,6387/23#2,loose,600,6.068820224719101
carry,tdrive,6387/23#3,reversed,600,6.462078651685394
carry,tdrive,4772/13#0,tight,600,5.883064516129032
carry,tdrive,4772/13#1,tight,180,21.237903225806452
carry,tdrive,4772/13#2,loose,600,5.807795698924731
carry,tdrive,4772/13#3,reversed,600,6.033602150537634
carry,tdrive,7531/53#0,tight,600,6.431318681318682
carry,tdrive,7531/53#1,tight,600,6.431318681318682
carry,tdrive,7531/53#2,loose,600,6.5151098901098905
carry,tdrive,7531/53#3,reversed,600,6.5151098901098905
carry,tdrive,3854/8#0,tight,120,25.58267716535433
carry,tdrive,3854/8#1,tight,120,33.43869516310461
carry,tdrive,3854/8#2,loose,300,9.733408323959505
carry,tdrive,3854/8#3,reversed,600,5.175478065241845
carry,tdrive,8358/1#0,tight,60,52.060317460317464
carry,tdrive,8358/1#1,tight,120,20.225396825396825
carry,tdrive,8358/1#2,loose,600,3.4264550264550264
carry,tdrive,8358/1#3,reversed,600,3.4264550264550264
carry,tdrive,5426/0#0,tight,0,nan
carry,tdrive,5426/0#1,tight,600,5.061746987951807
carry,tdrive,5426/0#2,loose,0,nan
carry,tdrive,5426/0#3,reversed,600,4.938253012048193
carry,tdrive,5255/31#0,tight,600,7.517996870109546
carry,tdrive,5255/31#1,tight,600,7.899843505477309
carry,tdrive,5255/31#2,loose,600,7.517996870109546
carry,tdrive,5255/31#3,reversed,600,7.517996870109546
carry,tdrive,6287/2#0,tight,300,7.928571428571429
carry,tdrive,6287/2#1,tight,30,145.23056057866185
carry,tdrive,6287/2#2,loose,60,54.328209764918626
carry,tdrive,6287/2#3,reversed,600,3.906871609403255
carry,tdrive,5634/36#0,tight,120,30.905454545454546
carry,tdrive,5634/36#1,tight,120,33.058181818181815
carry,tdrive,5634/36#2,loose,180,18.44
carry,tdrive,5634/36#3,reversed,600,5.373333333333333
carry,tdrive,2904/18#0,tight,600,4.986501687289089
carry,tdrive,2904/18#1,tight,600,4.986501687289089
carry,tdrive,2904/18#2,loose,600,4.9235095613048365
carry,tdrive,2904/18#3,reversed,600,4.986501687289089
carry,tdrive,6790/43#0,tight,15,285.2936447166922
carry,tdrive,6790/43#1,tight,120,10.441424196018376
carry,tdrive,6790/43#2,loose,600,1.6757274119448697
carry,tdrive,6790/43#3,reversed,600,1.6542879019908117
carry,tdrive,7551/28#0,tight,300,9.357945425361155
carry,tdrive,7551/28#1,tight,600,4.791332263242376
carry,tdrive,7551/28#2,loose,600,4.617977528089888
carry,tdrive,7551/28#3,reversed,600,4.675762439807384
carry,tdrive,9230/11#0,tight,600,4.908244680851064
carry,tdrive,9230/11#1,tight,300,10.4375
carry,tdrive,9230/11#2,loose,600,4.908244680851064
carry,tdrive,9230/11#3,reversed,600,4.785904255319149
carry,tdrive,7091/43#0,tight,30,39.31924882629108
carry,tdrive,7091/43#1,tight,0,nan
carry,tdrive,7091/43#2,loose,300,4.034428794992175
carry,tdrive,7091/43#3,reversed,600,2.242566510172144
carry,tdrive,622/43#0,tight,600,3.626003210272873
carry,tdrive,622/43#1,tight,600,3.4590690208667736
carry,tdrive,622/43#2,loose,600,3.5008025682182984
carry,tdrive,622/43#3,reversed,600,3.5008025682182984
carry,tdrive,2049/1#0,tight,120,31.49587912087912
carry,tdrive,2049/1#1,tight,300,11.695054945054945
carry,tdrive,2049/1#2,loose,0,nan
carry,tdrive,2049/1#3,reversed,600,5.93543956043956
carry,tdrive,3585/17#0,tight,0,nan
carry,tdrive,3585/17#1,tight,120,22.865533230293664
carry,tdrive,3585/17#2,loose,600,4.502318392581143
carry,tdrive,3585/17#3,reversed,600,4.446676970633694
carry,tdrive,7298/9#0,tight,600,4.082942097026604
carry,tdrive,7298/9#1,tight,0,nan
carry,tdrive,7298/9#2,loose,300,7.804381846635367
carry,tdrive,7298/9#3,reversed,600,3.9859154929577465
carry,tdrive,2755/21#0,tight,600,6.841666666666667
carry,tdrive,2755/21#1,tight,600,6.6722222222222225
carry,tdrive,2755/21#2,loose,600,6.6722222222222225
carry,tdrive,2755/21#3,reversed,600,6.502777777777778
carry,tdrive,3284/9#0,tight,0,nan
carry,tdrive,3284/9#1,tight,600,7.239583333333333
carry,tdrive,3284/9#2,loose,600,6.967261904761905
carry,tdrive,3284/9#3,reversed,600,7.330357142857143
carry,tdrive,10035/18#0,tight,600,6.068820224719101
carry,tdrive,10035/18#1,tight,600,6.068820224719101
carry,tdrive,10035/18#2,loose,0,nan
carry,tdrive,10035/18#3,reversed,600,6.068820224719101
carry,tdrive,8296/34#0,tight,300,10.805522208883554
carry,tdrive,8296/34#1,tight,0,nan
carry,tdrive,8296/34#2,loose,600,5.321728691476591
carry,tdrive,8296/34#3,reversed,600,5.254501800720288
carry,tdrive,7302/33#0,tight,300,8.57557251908397
carry,tdrive,7302/33#1,tight,300,8.358778625954198
carry,tdrive,7302/33#2,loose,300,8.79236641221374
carry,tdrive,7302/33#3,reversed,600,4.447328244274809
carry,tdrive,9686/36#0,tight,600,6.243131868131868
carry,tdrive,9686/36#1,tight,300,12.364010989010989
carry,tdrive,9686/36#2,loose,0,nan
carry,tdrive,9686/36#3,reversed,600,6.243131868131868
carry,tdrive,5685/34#0,tight,300,14.116758241758241
carry,tdrive,5685/34#1,tight,300,13.160714285714286
carry,tdrive,5685/34#2,loose,600,5.93543956043956
carry,tdrive,5685/34#3,reversed,600,6.089285714285714
carry,tdrive,1155/5#0,tight,300,11.924744897959183
carry,tdrive,1155/5#1,tight,300,12.220663265306122
carry,tdrive,1155/5#2,loose,600,5.511479591836735
carry,tdrive,1155/5#3,reversed,600,5.654336734693878
carry,tdrive,3854/17#0,tight,600,2.2395672333848533
carry,tdrive,3854/17#1,tight,30,61.40185471406492
carry,tdrive,3854/17#2,loose,0,nan
carry,tdrive,3854/17#3,reversed,600,2.2395672333848533
carry,tdrive,1794/3#0,tight,10,291.43529411764706
carry,tdrive,1794/3#1,tight,5,266.9616368286445
carry,tdrive,1794/3#2,loose,600,1.6562659846547314
carry,tdrive,1794/3#3,reversed,600,1.6562659846547314
carry,tdrive,7883/45#0,tight,15,210.30515703761148
carry,tdrive,7883/45#1,tight,600,1.7405971306708026
carry,tdrive,7883/45#2,loose,120,9.19775106630477
carry,tdrive,7883/45#3,reversed,600,1.69716944552152
carry,tdrive,7690/35#0,tight,600,2.0123626373626373
carry,tdrive,7690/35#1,tight,300,3.951923076923077
carry,tdrive,7690/35#2,loose,600,1.9684065934065933
carry,tdrive,7690/35#3,reversed,300,4.001373626373627
carry,tdrive,10030/24#0,tight,0,nan
carry,tdrive,10030/24#1,tight,180,20.016069221260818
carry,tdrive,10030/24#2,loose,300,11.412855377008652
carry,tdrive,10030/24#3,reversed,600,5.687268232385661
carry,tdrive,4182/41#0,tight,120,7.9105691056910565
carry,tdrive,4182/41#1,tight,0,nan
carry,tdrive,4182/41#2,loose,0,nan
carry,tdrive,4182/41#3,reversed,600,1.7609756097560976
carry,tdrive,1417/23#0,tight,600,4.557251908396947
carry,tdrive,1417/23#1,tight,600,4.447328244274809
carry,tdrive,1417/23#2,loose,300,8.917557251908397
carry,tdrive,1417/23#3,reversed,600,4.447328244274809
carry,tdrive,476/1#0,tight,600,5.501436781609195
carry,tdrive,476/1#1,tight,600,5.237068965517241
carry,tdrive,476/1#2,loose,600,5.170977011494253
carry,tdrive,476/1#3,reversed,600,5.237068965517241
carry,tdrive,8819/20#0,tight,600,4.998799519807923
carry,tdrive,8819/20#1,tight,600,4.75390156062425
carry,tdrive,8819/20#2,loose,600,4.75390156062425
carry,tdrive,8819/20#3,reversed,600,5.182472989195678
carry,tdrive,9031/59#0,tight,600,5.947010869565218
carry,tdrive,9031/59#1,tight,600,6.175271739130435
carry,tdrive,9031/59#2,loose,600,5.8709239130434785
carry,tdrive,9031/59#3,reversed,600,5.8709239130434785
carry,tdrive,6510/35#0,tight,0,nan
carry,tdrive,6510/35#1,tight,600,4.813246471226927
carry,tdrive,6510/35#2,loose,180,16.104234527687296
carry,tdrive,6510/35#3,reversed,600,4.995656894679696
carry,tdrive,1932/18#0,tight,300,11.961298377028713
carry,tdrive,1932/18#1,tight,300,11.961298377028713
carry,tdrive,1932/18#2,loose,0,nan
carry,tdrive,1932/18#3,reversed,600,5.464419475655431
carry,tdrive,1159/1#0,tight,600,6.099184782608695
carry,tdrive,1159/1#1,tight,300,12.702445652173912
carry,tdrive,1159/1#2,loose,300,12.072010869565217
carry,tdrive,1159/1#3,reversed,600,6.099184782608695
carry,tdrive,4412/6#0,tight,0,nan
carry,tdrive,4412/6#1,tight,600,5.355654761904762
carry,tdrive,4412/6#2,loose,600,5.355654761904762
carry,tdrive,4412/6#3,reversed,600,5.629464285714286
carry,tdrive,274/16#0,tight,0,nan
carry,tdrive,274/16#1,tight,600,6.243131868131868
carry,tdrive,274/16#2,loose,600,5.93543956043956
carry,tdrive,274/16#3,reversed,600,6.012362637362638
carry,tdrive,2400/6#0,tight,600,6.296875
carry,tdrive,2400/6#1,tight,600,6.137784090909091
carry,tdrive,2400/6#2,loose,600,6.137784090909091
carry,tdrive,2400/6#3,reversed,600,6.615056818181818
carry,tdrive,8973/50#0,tight,600,2.9170731707317072
carry,tdrive,8973/50#1,tight,600,2.951219512195122
carry,tdrive,8973/50#2,loose,600,2.9853658536585366
carry,tdrive,8973/50#3,reversed,600,2.9170731707317072
carry,tdrive,1782/0#0,tight,600,3.626003210272873
carry,tdrive,1782/0#1,tight,180,13.112359550561798
carry,tdrive,1782/0#2,loose,600,3.4590690208667736
carry,tdrive,1782/0#3,reversed,600,3.4590690208667736
carry,tdrive,8182/27#0,tight,600,6.756944444444445
carry,tdrive,8182/27#1,tight,600,6.502777777777778
carry,tdrive,8182/27#2,loose,600,6.502777777777778
carry,tdrive,8182/27#3,reversed,600,6.6722222222222225
carry,tdrive,274/36#0,tight,0,nan
carry,tdrive,274/36#1,tight,300,13.877747252747254
carry,tdrive,274/36#2,loose,600,6.5989010989010985
carry,tdrive,274/36#3,reversed,600,6.5151098901098905
carry,tdrive,1711/18#0,tight,600,5.8709239130434785
carry,tdrive,1711/18#1,tight,600,6.099184782608695
carry,tdrive,1711/18#2,loose,600,5.8709239130434785
carry,tdrive,1711/18#3,reversed,600,5.947010869565218
carry,tdrive,10035/24#0,tight,300,12.364010989010989
carry,tdrive,10035/24#1,tight,300,12.523351648351648
carry,tdrive,10035/24#2,loose,600,5.93543956043956
carry,tdrive,10035/24#3,reversed,600,6.089285714285714
carry,tdrive,5634/4#0,tight,0,nan
carry,tdrive,5634/4#1,tight,600,3.8363095238095237
carry,tdrive,5634/4#2,loose,600,3.744047619047619
carry,tdrive,5634/4#3,reversed,600,3.7901785714285716
carry,tdrive,2781/28#0,tight,0,nan
carry,tdrive,2781/28#1,tight,600,5.654336734693878
carry,tdrive,2781/28#2,loose,600,5.511479591836735
carry,tdrive,2781/28#3,reversed,600,5.582908163265306
carry,tdrive,1675/51#0,tight,600,6.997159090909091
carry,tdrive,1675/51#1,tight,0,nan
carry,tdrive,1675/51#2,loose,600,6.650568181818182
carry,tdrive,1675/51#3,reversed,600,6.823863636363637
carry,tdrive,8182/47#0,tight,0,nan
carry,tdrive,8182/47#1,tight,600,5.947010869565218
carry,tdrive,8182/47#2,loose,600,5.8709239130434785
carry,tdrive,8182/47#3,reversed,600,6.175271739130435
carry,tdrive,1501/38#0,tight,600,6.5875
carry,tdrive,1501/38#1,tight,600,6.5875
carry,tdrive,1501/38#2,loose,600,6.5875
carry,tdrive,1501/38#3,reversed,600,6.756944444444445
carry,tdrive,1364/48#0,tight,600,6.5151098901098905
carry,tdrive,1364/48#1,tight,600,6.431318681318682
carry,tdrive,1364/48#2,loose,600,6.5989010989010985
carry,tdrive,1364/48#3,reversed,600,6.6826923076923075
carry,tdrive,2137/10#0,tight,30,161.19955406911927
carry,tdrive,2137/10#1,tight,0,nan
carry,tdrive,2137/10#2,loose,600,4.81716833890747
carry,tdrive,2137/10#3,reversed,600,5.254180602006689
carry,tdrive,713/5#0,tight,0,nan
carry,tdrive,713/5#1,tight,300,12.04532967032967
carry,tdrive,713/5#2,loose,0,nan
carry,tdrive,713/5#3,reversed,600,6.396978021978022
carry,tdrive,6230/2#0,tight,300,11.852011494252874
carry,tdrive,6230/2#1,tight,0,nan
carry,tdrive,6230/2#2,loose,0,nan
carry,tdrive,6230/2#3,reversed,600,6.056034482758621
carry,tdrive,3426/7#0,tight,600,6.147471910112359
carry,tdrive,3426/7#1,tight,120,37.889044943820224
carry,tdrive,3426/7#2,loose,600,6.226123595505618
carry,tdrive,3426/7#3,reversed,600,6.147471910112359
carry,tdrive,4180/10#0,tight,600,4.949599083619702
carry,tdrive,4180/10#1,tight,600,5.142038946162658
carry,tdrive,4180/10#2,loose,600,5.0778923253150055
carry,tdrive,4180/10#3,reversed,600,5.270332187857961
carry,tdrive,503/14#0,tight,600,6.5875
carry,tdrive,503/14#1,tight,600,6.756944444444445
carry,tdrive,503/14#2,loose,600,6.502777777777778
carry,tdrive,503/14#3,reversed,600,6.756944444444445
carry,tdrive,6071/7#0,tight,300,11.126081582200246
carry,tdrive,6071/7#1,tight,300,11.84301606922126
carry,tdrive,6071/7#2,loose,300,11.412855377008652
carry,tdrive,6071/7#3,reversed,600,5.756489493201483
carry,tdrive,8418/16#0,tight,600,5.96875
carry,tdrive,8418/16#1,tight,300,12.166666666666666
carry,tdrive,8418/16#2,loose,300,11.415178571428571
carry,tdrive,8418/16#3,reversed,600,5.96875
carry,tdrive,8182/17#0,tight,600,6.012362637362638
carry,tdrive,8182/17#1,tight,0,nan
carry,tdrive,8182/17#2,loose,600,5.93543956043956
carry,tdrive,8182/17#3,reversed,600,6.4739010989010985
carry,tdrive,4367/12#0,tight,300,4.5022900763358775
carry,tdrive,4367/12#1,tight,600,2.187786259541985
carry,tdrive,4367/12#2,loose,0,nan
carry,tdrive,4367/12#3,reversed,600,2.187786259541985
carry,tdrive,9834/26#0,tight,600,5.9147727272727275
carry,tdrive,9834/26#1,tight,600,5.769886363636363
carry,tdrive,9834/26#2,loose,600,5.697443181818182
carry,tdrive,9834/26#3,reversed,600,5.625
carry,tdrive,3762/46#0,tight,600,6.243131868131868
carry,tdrive,3762/46#1,tight,600,5.93543956043956
carry,tdrive,3762/46#2,loose,600,6.089285714285714
carry,tdrive,3762/46#3,reversed,600,6.166208791208791
carry,tdrive,6214/46#0,tight,600,6.3125
carry,tdrive,6214/46#1,tight,600,6.2347222222222225
carry,tdrive,6214/46#2,loose,600,6.001388888888889
carry,tdrive,6214/46#3,reversed,600,6.001388888888889
carry,tdrive,4392/17#0,tight,120,9.140060240963855
carry,tdrive,4392/17#1,tight,180,6.0406626506024095
carry,tdrive,4392/17#2,loose,600,2.158132530120482
carry,tdrive,4392/17#3,reversed,600,2.158132530120482
carry,tdrive,642/27#0,tight,600,6.243131868131868
carry,tdrive,642/27#1,tight,600,6.396978021978022
carry,tdrive,642/27#2,loose,600,6.089285714285714
carry,tdrive,642/27#3,reversed,600,6.396978021978022
carry,tdrive,2755/20#0,tight,600,6.455965909090909
carry,tdrive,2755/20#1,tight,600,6.217329545454546
carry,tdrive,2755/20#2,loose,600,6.296875
carry,tdrive,2755/20#3,reversed,600,6.217329545454546
carry,tdrive,3693/5#0,tight,300,7.154411764705882
carry,tdrive,3693/5#1,tight,0,nan
carry,tdrive,3693/5#2,loose,600,3.791176470588235
carry,tdrive,3693/5#3,reversed,600,3.7455882352941177
carry,tdrive,6510/24#0,tight,0,nan
carry,tdrive,6510/24#1,tight,300,10.971270718232045
carry,tdrive,6510/24#2,loose,300,9.817679558011049
carry,tdrive,6510/24#3,reversed,600,5.083977900552486
carry,tdrive,4367/9#0,tight,300,5.308734939759036
carry,tdrive,4367/9#1,tight,600,2.733433734939759
carry,tdrive,4367/9#2,loose,600,2.733433734939759
carry,tdrive,4367/9#3,reversed,600,2.8283132530120483
carry,tdrive,388/60#0,tight,300,13.046703296703297
carry,tdrive,388/60#1,tight,300,13.212912087912088
carry,tdrive,388/60#2,loose,600,6.5989010989010985
carry,tdrive,388/60#3,reversed,600,6.5151098901098905
carry,tdrive,9339/46#0,tight,600,6.243131868131868
carry,tdrive,9339/46#1,tight,600,6.012362637362638
carry,tdrive,9339/46#2,loose,600,6.089285714285714
carry,tdrive,9339/46#3,reversed,600,6.089285714285714
carry,tdrive,7883/8#0,tight,30,20.47231270358306
carry,tdrive,7883/8#1,tight,60,9.364820846905538
carry,tdrive,7883/8#2,loose,120,5.1172638436482085
carry,tdrive,7883/8#3,reversed,600,1.1758957654723128
carry,tdrive,9651/31#0,tight,180,21.499388004895962
carry,tdrive,9651/31#1,tight,0,nan
carry,tdrive,9651/31#2,loose,300,11.30110159118727
carry,tdrive,9651/31#3,reversed,600,5.288861689106487
carry,tdrive,476/51#0,tight,600,6.850274725274725
carry,tdrive,476/51#1,tight,600,6.5151098901098905
carry,tdrive,476/51#2,loose,600,6.431318681318682
carry,tdrive,476/51#3,reversed,600,7.017857142857143
carry,tdrive,8289/2#0,tight,600,6.437400950871632
carry,tdrive,8289/2#1,tight,0,nan
carry,tdrive,8289/2#2,loose,600,6.356576862123613
carry,tdrive,8289/2#3,reversed,600,6.59904912836767
carry,tdrive,9339/29#0,tight,0,nan
carry,tdrive,9339/29#1,tight,300,12.785511363636363
carry,tdrive,9339/29#2,loose,600,6.296875
carry,tdrive,9339/29#3,reversed,600,6.535511363636363
carry,tdrive,3111/2#0,tight,300,9.731653888280395
carry,tdrive,3111/2#1,tight,0,nan
carry,tdrive,3111/2#2,loose,600,4.794085432639649
carry,tdrive,3111/2#3,reversed,180,15.408543263964951
carry,tdrive,5020/12#0,tight,0,nan
carry,tdrive,5020/12#1,tight,300,6.601926163723917
carry,tdrive,5020/12#2,loose,600,3.4590690208667736
carry,tdrive,5020/12#3,reversed,600,3.5425361155698236
carry,tdrive,4825/5#0,tight,0,nan
carry,tdrive,4825/5#1,tight,0,nan
carry,tdrive,4825/5#2,loose,600,3.345744680851064
carry,tdrive,4825/5#3,reversed,600,3.4281914893617023
carry,tdrive,9256/16#0,tight,60,63.396158463385355
carry,tdrive,9256/16#1,tight,600,5.523409363745499
carry,tdrive,9256/16#2,loose,600,5.254501800720288
carry,tdrive,9256/16#3,reversed,600,5.590636254501801
carry,tdrive,417/11#0,tight,300,7.20545746388443
carry,tdrive,417/11#1,tight,300,7.475120385232745
carry,tdrive,417/11#2,loose,300,7.025682182985554
carry,tdrive,417/11#3,reversed,600,3.5008025682182984
carry,tdrive,2414/7#0,tight,0,nan
carry,tdrive,2414/7#1,tight,0,nan
carry,tdrive,2414/7#2,loose,600,3.5027173913043477
carry,tdrive,2414/7#3,reversed,600,3.5448369565217392
carry,tdrive,274/28#0,tight,600,6.832865168539326
carry,tdrive,274/28#1,tight,600,6.575842696629214
carry,tdrive,274/28#2,loose,600,6.575842696629214
carry,tdrive,274/28#3,reversed,600,6.661516853932584
carry,tdrive,9117/9#0,tight,0,nan
carry,tdrive,9117/9#1,tight,0,nan
carry,tdrive,9117/9#2,loose,600,6.885294117647059
carry,tdrive,9117/9#3,reversed,600,7.333823529411765
carry,tdrive,4180/46#0,tight,0,nan
carry,tdrive,4180/46#1,tight,0,nan
carry,tdrive,4180/46#2,loose,120,25.008762322015333
carry,tdrive,4180/46#3,reversed,600,4.9167579408543265
carry,tdrive,1253/57#0,tight,300,13.175271739130435
carry,tdrive,1253/57#1,tight,0,nan
carry,tdrive,1253/57#2,loose,600,6.023097826086956
carry,tdrive,1253/57#3,reversed,600,6.251358695652174
carry,tdrive,9059/32#0,tight,60,44.57661290322581
carry,tdrive,9059/32#1,tight,0,nan
carry,tdrive,9059/32#2,loose,0,nan
carry,tdrive,9059/32#3,reversed,600,4.627688172043011
carry,tdrive,94/4#0,tight,600,5.836206896551724
carry,tdrive,94/4#1,tight,300,11.395114942528735
carry,tdrive,94/4#2,loose,600,5.689655172413793
carry,tdrive,94/4#3,reversed,600,5.9094827586206895
carry,tdrive,388/56#0,tight,600,6.2347222222222225
carry,tdrive,388/56#1,tight,600,6.079166666666667
carry,tdrive,388/56#2,loose,600,6.001388888888889
carry,tdrive,388/56#3,reversed,600,6.079166666666667
carry,tdrive,8850/51#0,tight,600,6.661516853932584
carry,tdrive,8850/51#1,tight,600,6.661516853932584
carry,tdrive,8850/51#2,loose,600,6.575842696629214
carry,tdrive,8850/51#3,reversed,600,6.832865168539326
carry,tdrive,1981/19#0,tight,600,6.226123595505618
carry,tdrive,1981/19#1,tight,600,6.304775280898877
carry,tdrive,1981/19#2,loose,600,6.068820224719101
carry,tdrive,1981/19#3,reversed,600,6.540730337078652
carry,tdrive,7523/18#0,tight,120,24.464882943143813
carry,tdrive,7523/18#1,tight,180,18.052396878483837
carry,tdrive,7523/18#2,loose,600,4.81716833890747
carry,tdrive,7523/18#3,reversed,600,5.1293199554069115
carry,tdrive,579/6#0,tight,600,6.540730337078652
carry,tdrive,579/6#1,tight,600,6.068820224719101
carry,tdrive,579/6#2,loose,600,6.068820224719101
carry,tdrive,579/6#3,reversed,600,6.226123595505618
carry,tdrive,2616/14#0,tight,0,nan
carry,tdrive,2616/14#1,tight,600,4.242276422764228
carry,tdrive,2616/14#2,loose,600,4.191869918699187
carry,tdrive,2616/14#3,reversed,600,4.0910569105691055
carry,tdrive,4089/9#0,tight,300,8.096671949286847
carry,tdrive,4089/9#1,tight,300,8.933438985736926
carry,tdrive,4089/9#2,loose,600,3.987321711568938
carry,tdrive,4089/9#3,reversed,600,4.23296354992076
carry,tdrive,6916/19#0,tight,600,5.576969696969697
carry,tdrive,6916/19#1,tight,0,nan
carry,tdrive,6916/19#2,loose,600,5.237575757575757
carry,tdrive,6916/19#3,reversed,600,5.441212121212121
carry,tdrive,2683/15#0,tight,30,45.35634028892456
carry,tdrive,2683/15#1,tight,0,nan
carry,tdrive,2683/15#2,loose,600,1.7207062600321028
carry,tdrive,2683/15#3,reversed,600,1.738362760834671
carry,tdrive,6387/46#0,tight,600,6.304775280898877
carry,tdrive,6387/46#1,tight,600,6.304775280898877
carry,tdrive,6387/46#2,loose,600,6.147471910112359
carry,tdrive,6387/46#3,reversed,600,6.383426966292135
carry,tdrive,8464/2#0,tight,180,6.145536869340233
carry,tdrive,8464/2#1,tight,120,8.986416558861578
carry,tdrive,8464/2#2,loose,60,24.792367399741266
carry,tdrive,8464/2#3,reversed,600,1.8609314359637774
carry,tdrive,282/39#0,tight,300,13.61938202247191
carry,tdrive,282/39#1,tight,600,6.147471910112359
carry,tdrive,282/39#2,loose,600,6.226123595505618
carry,tdrive,282/39#3,reversed,600,6.226123595505618
carry,tdrive,10030/22#0,tight,60,83.88331627430911
carry,tdrive,10030/22#1,tight,120,27.61207778915046
carry,tdrive,10030/22#2,loose,600,4.4227226202661205
carry,tdrive,10030/22#3,reversed,600,4.480040941658137
carry,tdrive,6790/9#0,tight,180,7.2325814536340856
carry,tdrive,6790/9#1,tight,600,2.250125313283208
carry,tdrive,6790/9#2,loose,600,2.1659147869674187
carry,tdrive,6790/9#3,reversed,600,2.1659147869674187
carry,tdrive,10312/3#0,tight,180,23.851388888888888
carry,tdrive,10312/3#1,tight,300,12.984722222222222
carry,tdrive,10312/3#2,loose,600,6.156944444444444
carry,tdrive,10312/3#3,reversed,600,6.001388888888889
carry,tdrive,9395/21#0,tight,30,24.08467741935484
carry,tdrive,9395/21#1,tight,0,nan
carry,tdrive,9395/21#2,loose,60,14.39247311827957
carry,tdrive,9395/21#3,reversed,600,1.4408602150537635
carry,tdrive,7073/0#0,tight,60,45.13530927835052
carry,tdrive,7073/0#1,tight,600,3.893041237113402
carry,tdrive,7073/0#2,loose,600,3.707474226804124
carry,tdrive,7073/0#3,reversed,600,3.7538659793814433
carry,tdrive,1364/60#0,tight,600,6.444293478260869
carry,tdrive,1364/60#1,tight,600,6.775815217391305
carry,tdrive,1364/60#2,loose,600,6.361413043478261
carry,tdrive,1364/60#3,reversed,600,6.858695652173913
carry,tdrive,1200/68#0,tight,300,12.576086956521738
carry,tdrive,1200/68#1,tight,600,6.444293478260869
carry,tdrive,1200/68#2,loose,300,12.576086956521738
carry,tdrive,1200/68#3,reversed,600,6.444293478260869
carry,tdrive,6819/1#0,tight,300,6.770731707317073
carry,tdrive,6819/1#1,tight,600,3.546341463414634
carry,tdrive,6819/1#2,loose,600,3.5886178861788616
carry,tdrive,6819/1#3,reversed,600,3.7154471544715446
carry,tdrive,3762/27#0,tight,300,9.79264705882353
carry,tdrive,3762/27#1,tight,0,nan
carry,tdrive,3762/27#2,loose,600,4.882352941176471
carry,tdrive,3762/27#3,reversed,600,5.002941176470588
carry,tdrive,3111/10#0,tight,60,56.16609392898053
carry,tdrive,3111/10#1,tight,300,11.373424971363116
carry,tdrive,3111/10#2,loose,300,10.576174112256586
carry,tdrive,3111/10#3,reversed,600,5.142038946162658
carry,tdrive,8279/2#0,tight,600,6.226016260162601
carry,tdrive,8279/2#1,tight,600,6.076422764227642
carry,tdrive,8279/2#2,loose,600,5.926829268292683
carry,tdrive,8279/2#3,reversed,600,5.926829268292683
carry,tdrive,2180/14#0,tight,180,13.465534465534466
carry,tdrive,2180/14#1,tight,0,nan
carry,tdrive,2180/14#2,loose,600,4.057942057942058
carry,tdrive,2180/14#3,reversed,600,3.956043956043956
carry,tdrive,5556/16#0,tight,0,nan
carry,tdrive,5556/16#1,tight,300,11.480867346938776
carry,tdrive,5556/16#2,loose,300,11.776785714285714
carry,tdrive,5556/16#3,reversed,600,5.654336734693878
carry,tdrive,5556/33#0,tight,600,3.2846385542168677
carry,tdrive,5556/33#1,tight,600,3.2846385542168677
carry,tdrive,5556/33#2,loose,600,3.2846385542168677
carry,tdrive,5556/33#3,reversed,600,3.4021084337349397
carry,tdrive,8206/9#0,tight,600,4.75026455026455
carry,tdrive,8206/9#1,tight,120,23.22222222222222
carry,tdrive,8206/9#2,loose,600,4.572486772486773
carry,tdrive,8206/9#3,reversed,600,4.868783068783069
carry,tdrive,5644/15#0,tight,600,6.079166666666667
carry,tdrive,5644/15#1,tight,600,6.001388888888889
carry,tdrive,5644/15#2,loose,600,6.156944444444444
carry,tdrive,5644/15#3,reversed,600,6.001388888888889
carry,tdrive,6774/10#0,tight,300,13.082848837209303
carry,tdrive,6774/10#1,tight,0,nan
carry,tdrive,6774/10#2,loose,600,6.443313953488372
carry,tdrive,6774/10#3,reversed,600,6.6875
carry,tdrive,6774/38#0,tight,600,6.369252873563219
carry,tdrive,6774/38#1,tight,600,6.288793103448276
carry,tdrive,6774/38#2,loose,600,6.369252873563219
carry,tdrive,6774/38#3,reversed,600,6.288793103448276
carry,tdrive,5331/7#0,tight,600,7.422535211267606
carry,tdrive,5331/7#1,tight,600,7.613458528951487
carry,tdrive,5331/7#2,loose,600,7.517996870109546
carry,tdrive,5331/7#3,reversed,600,7.517996870109546
carry,tdrive,3046/3#0,tight,600,4.495588235294117
carry,tdrive,3046/3#1,tight,0,nan
carry,tdrive,3046/3#2,loose,300,8.051470588235293
carry,tdrive,3046/3#3,reversed,600,4.230882352941176
carry,tdrive,9953/7#0,tight,0,nan
carry,tdrive,9953/7#1,tight,600,5.91796875
carry,tdrive,9953/7#2,loose,300,11.569010416666666
carry,tdrive,9953/7#3,reversed,600,5.990885416666667
carry,tdrive,8296/7#0,tight,300,11.421672555948174
carry,tdrive,8296/7#1,tight,300,11.148409893992932
carry,tdrive,8296/7#2,loose,180,19.073027090694936
carry,tdrive,8296/7#3,reversed,600,5.353356890459364
carry,tdrive,9031/36#0,tight,600,6.5989010989010985
carry,tdrive,9031/36#1,tight,600,6.766483516483516
carry,tdrive,9031/36#2,loose,600,6.431318681318682
carry,tdrive,9031/36#3,reversed,600,6.6826923076923075
carry,tdrive,2218/9#0,tight,120,19.77337559429477
carry,tdrive,2218/9#1,tight,180,12.904912836767036
carry,tdrive,2218/9#2,loose,600,4.085578446909667
carry,tdrive,2218/9#3,reversed,600,3.987321711568938
carry,tdrive,3657/17#0,tight,180,22.332084893882648
carry,tdrive,3657/17#1,tight,300,11.526841448189764
carry,tdrive,3657/17#2,loose,600,5.394506866416979
carry,tdrive,3657/17#3,reversed,600,5.604244694132334
carry,tdrive,2180/21#0,tight,300,4.28125
carry,tdrive,2180/21#1,tight,60,21.15625
carry,tdrive,2180/21#2,loose,60,26.918154761904763
carry,tdrive,2180/21#3,reversed,600,2.1324404761904763
carry,tdrive,1253/51#0,tight,600,6.431318681318682
carry,tdrive,1253/51#1,tight,600,6.6826923076923075
carry,tdrive,1253/51#2,loose,600,6.5151098901098905
carry,tdrive,1253/51#3,reversed,600,7.017857142857143
carry,tdrive,5451/20#0,tight,300,10.330386740331491
carry,tdrive,5451/20#1,tight,120,32.425414364640886
carry,tdrive,5451/20#2,loose,600,4.774585635359116
carry,tdrive,5451/20#3,reversed,600,5.083977900552486
carry,tdrive,8871/24#0,tight,600,7.327073552425665
carry,tdrive,8871/24#1,tight,600,7.899843505477309
carry,tdrive,8871/24#2,loose,600,7.517996870109546
carry,tdrive,8871/24#3,reversed,600,7.422535211267606
carry,tdrive,7869/27#0,tight,300,11.670833333333333
carry,tdrive,7869/27#1,tight,300,11.979166666666666
carry,tdrive,7869/27#2,loose,300,12.2875
carry,tdrive,7869/27#3,reversed,600,6.079166666666667
carry,tdrive,4135/7#0,tight,60,80.54583333333333
carry,tdrive,4135/7#1,tight,300,12.501388888888888
carry,tdrive,4135/7#2,loose,600,6.156944444444444
carry,tdrive,4135/7#3,reversed,600,6.001388888888889
carry,tdrive,7033/17#0,tight,600,6.166208791208791
carry,tdrive,7033/17#1,tight,600,6.243131868131868
carry,tdrive,7033/17#2,loose,120,30.84065934065934
carry,tdrive,7033/17#3,reversed,600,6.012362637362638
carry,tdrive,2811/67#0,tight,600,5.947010869565218
carry,tdrive,2811/67#1,tight,0,nan
carry,tdrive,2811/67#2,loose,600,5.8709239130434785
carry,tdrive,2811/67#3,reversed,600,6.327445652173913
carry,tdrive,8338/3#0,tight,300,11.184948979591837
carry,tdrive,8338/3#1,tight,30,212.97576530612244
carry,tdrive,8338/3#2,loose,180,18.674744897959183
carry,tdrive,8338/3#3,reversed,300,11.036989795918368
carry,tdrive,920/2#0,tight,0,nan
carry,tdrive,920/2#1,tight,600,5.654336734693878
carry,tdrive,920/2#2,loose,600,5.582908163265306
carry,tdrive,920/2#3,reversed,600,5.582908163265306
carry,tdrive,5586/0#0,tight,600,6.848529411764706
carry,tdrive,5586/0#1,tight,300,12.520588235294118
carry,tdrive,5586/0#2,loose,600,6.436764705882353
carry,tdrive,5586/0#3,reversed,600,6.766176470588236
carry,tdrive,4367/34#0,tight,600,3.4281914893617023
carry,tdrive,4367/34#1,tight,120,16.04122340425532
carry,tdrive,4367/34#2,loose,120,16.68351063829787
carry,tdrive,4367/34#3,reversed,600,3.345744680851064
carry,tdrive,3275/15#0,tight,300,12.967696629213483
carry,tdrive,3275/15#1,tight,600,6.304775280898877
carry,tdrive,3275/15#2,loose,0,nan
carry,tdrive,3275/15#3,reversed,600,6.226123595505618
carry,tdrive,7531/37#0,tight,0,nan
carry,tdrive,7531/37#1,tight,600,6.089285714285714
carry,tdrive,7531/37#2,loose,600,5.93543956043956
carry,tdrive,7531/37#3,reversed,600,6.166208791208791
carry,tdrive,1200/33#0,tight,600,6.001388888888889
carry,tdrive,1200/33#1,tight,0,nan
carry,tdrive,1200/33#2,loose,120,32.94583333333333
carry,tdrive,1200/33#3,reversed,600,6.079166666666667
carry,tdrive,5552/23#0,tight,600,5.353356890459364
carry,tdrive,5552/23#1,tight,600,5.287396937573616
carry,tdrive,5552/23#2,loose,600,5.089517078916372
carry,tdrive,5552/23#3,reversed,600,5.287396937573616
carry,tdrive,1417/21#0,tight,0,nan
carry,tdrive,1417/21#1,tight,300,9.154093097913323
carry,tdrive,1417/21#2,loose,600,4.088282504012841
carry,tdrive,1417/21#3,reversed,600,4.237560192616372
carry,tdrive,5444/5#0,tight,180,5.898797983714618
carry,tdrive,5444/5#1,tight,180,7.190771616905778
carry,tdrive,5444/5#2,loose,600,1.6754556029468786
carry,tdrive,5444/5#3,reversed,600,1.8057386583947266
carry,tdrive,3804/0#0,tight,180,6.269329896907217
carry,tdrive,3804/0#1,tight,180,6.112113402061856
carry,tdrive,3804/0#2,loose,600,1.8466494845360826
carry,tdrive,3804/0#3,reversed,600,1.8466494845360826
carry,tdrive,7690/28#0,tight,600,4.316683316683316
carry,tdrive,7690/28#1,tight,60,53.532467532467535
carry,tdrive,7690/28#2,loose,600,4.428571428571429
carry,tdrive,7690/28#3,reversed,600,4.484515484515485
carry,tdrive,6449/17#0,tight,0,nan
carry,tdrive,6449/17#1,tight,300,12.914244186046512
carry,tdrive,6449/17#2,loose,600,6.280523255813954
carry,tdrive,6449/17#3,reversed,600,6.524709302325581
carry,tdrive,2118/39#0,tight,600,6.369252873563219
carry,tdrive,2118/39#1,tight,600,6.691091954022989
carry,tdrive,2118/39#2,loose,600,6.288793103448276
carry,tdrive,2118/39#3,reversed,600,6.610632183908046
carry,tdrive,9651/5#0,tight,0,nan
carry,tdrive,9651/5#1,tight,300,11.748711340206185
carry,tdrive,9651/5#2,loose,600,5.712628865979381
carry,tdrive,9651/5#3,reversed,600,5.78479381443299
carry,tdrive,8067/19#0,tight,600,4.81716833890747
carry,tdrive,8067/19#1,tight,600,5.1293199554069115
carry,tdrive,8067/19#2,loose,600,4.81716833890747
carry,tdrive,8067/19#3,reversed,600,4.879598662207358
carry,tdrive,1139/16#0,tight,0,nan
carry,tdrive,1139/16#1,tight,120,9.231741573033707
carry,tdrive,1139/16#2,loose,60,25.405898876404493
carry,tdrive,1139/16#3,reversed,600,2.080056179775281
carry,tdrive,5426/19#0,tight,600,3.5040650406504064
carry,tdrive,5426/19#1,tight,0,nan
carry,tdrive,5426/19#2,loose,0,nan
carry,tdrive,5426/19#3,reversed,600,3.5040650406504064
carry,tdrive,9435/35#0,tight,600,6.661516853932584
carry,tdrive,9435/35#1,tight,600,6.918539325842697
carry,tdrive,9435/35#2,loose,600,6.661516853932584
carry,tdrive,9435/35#3,reversed,600,6.747191011235955
carry,tdrive,6220/66#0,tight,600,6.012362637362638
carry,tdrive,6220/66#1,tight,600,6.166208791208791
carry,tdrive,6220/66#2,loose,600,5.93543956043956
carry,tdrive,6220/66#3,reversed,600,6.166208791208791
carry,tdrive,1034/18#0,tight,600,5.598373983739838
carry,tdrive,1034/18#1,tight,600,5.3983739837398375
carry,tdrive,1034/18#2,loose,600,5.331707317073171
carry,tdrive,1034/18#3,reversed,600,5.53170731707317
carry,tdrive,8819/15#0,tight,0,nan
carry,tdrive,8819/15#1,tight,600,5.305454545454546
carry,tdrive,8819/15#2,loose,600,5.373333333333333
carry,tdrive,8819/15#3,reversed,600,5.305454545454546
carry,tdrive,9576/14#0,tight,600,6.3125
carry,tdrive,9576/14#1,tight,600,6.2347222222222225
carry,tdrive,9576/14#2,loose,600,6.001388888888889
carry,tdrive,9576/14#3,reversed,600,6.001388888888889
carry,tdrive,5789/44#0,tight,600,4.822058823529412
carry,tdrive,5789/44#1,tight,0,nan
carry,tdrive,5789/44#2,loose,300,9.008823529411766
carry,tdrive,5789/44#3,reversed,600,4.761764705882353
carry,tdrive,1981/17#0,tight,600,6.431318681318682
carry,tdrive,1981/17#1,tight,600,6.766483516483516
carry,tdrive,1981/17#2,loose,600,6.431318681318682
carry,tdrive,1981/17#3,reversed,600,6.5151098901098905
carry,tdrive,417/19#0,tight,600,6.273529411764706
carry,tdrive,417/19#1,tight,300,11.280882352941177
carry,tdrive,417/19#2,loose,0,nan
carry,tdrive,417/19#3,reversed,600,6.123529411764705
carry,tdrive,10030/15#0,tight,15,640.2960725075528
carry,tdrive,10030/15#1,tight,180,15.128902316213495
carry,tdrive,10030/15#2,loose,600,4.351460221550856
carry,tdrive,10030/15#3,reversed,600,4.689828801611279
carry,tdrive,3491/20#0,tight,600,6.692934782608695
carry,tdrive,3491/20#1,tight,600,6.9415760869565215
carry,tdrive,3491/20#2,loose,300,13.06929347826087
carry,tdrive,3491/20#3,reversed,600,6.858695652173913
carry,tdrive,10207/30#0,tight,180,21.202445652173914
carry,tdrive,10207/30#1,tight,600,6.099184782608695
carry,tdrive,10207/30#2,loose,300,12.544836956521738
carry,tdrive,10207/30#3,reversed,600,6.099184782608695
carry,tdrive,622/5#0,tight,600,2.9170731707317072
carry,tdrive,622/5#1,tight,600,2.9170731707317072
carry,tdrive,622/5#2,loose,600,2.951219512195122
carry,tdrive,622/5#3,reversed,600,2.951219512195122
carry,tdrive,3426/16#0,tight,300,11.385526315789473
carry,tdrive,3426/16#1,tight,300,11.996052631578948
carry,tdrive,3426/16#2,loose,300,11.538157894736843
carry,tdrive,3426/16#3,reversed,600,5.832894736842105
carry,tdrive,6140/6#0,tight,600,6.156944444444444
carry,tdrive,6140/6#1,tight,0,nan
carry,tdrive,6140/6#2,loose,600,6.001388888888889
carry,tdrive,6140/6#3,reversed,600,6.3902777777777775
any,geolife,014/20081029115759/0#0,tight,600,0.1439892545332438
any,geolife,014/20081029115759/0#1,tight,300,0.28945601074546673
any,geolife,014/20081029115759/0#2,loose,600,0.14546675621222296
any,geolife,014/20081029115759/0#3,reversed,600,0.1439892545332438
any,geolife,112/20080701194739/0#0,tight,600,0.2366844207723036
any,geolife,112/20080701194739/0#1,tight,600,0.2366844207723036
any,geolife,112/20080701194739/0#2,loose,600,0.2406790945406125
any,geolife,112/20080701194739/0#3,reversed,600,0.2366844207723036
any,geolife,035/20090302214736/8#0,tight,600,0.3217286914765906
any,geolife,035/20090302214736/8#1,tight,600,0.3217286914765906
any,geolife,035/20090302214736/8#2,loose,600,0.3217286914765906
any,geolife,035/20090302214736/8#3,reversed,600,0.3217286914765906
any,geolife,013/20081016090430/3#0,tight,600,0.2919917864476386
any,geolife,013/20081016090430/3#1,tight,600,0.2919917864476386
any,geolife,013/20081016090430/3#2,loose,600,0.2919917864476386
any,geolife,013/20081016090430/3#3,reversed,600,0.2919917864476386
any,geolife,020/20111013013205/0#0,tight,120,0.45792743187914725
any,geolife,020/20111013013205/0#1,tight,600,0.10115770153889594
any,geolife,020/20111013013205/0#2,loose,60,0.9663278271918678
any,geolife,020/20111013013205/0#3,reversed,600,0.102287166454892
any,geolife,153/20100523072952/2#0,tight,600,0.1605511457241276
any,geolife,153/20100523072952/2#1,tight,600,0.1605511457241276
any,geolife,153/20100523072952/2#2,loose,300,0.274973790624532
any,geolife,153/20100523072952/2#3,reversed,600,0.1621985921821177
any,geolife,128/20110307004746/0#0,tight,300,0.683111954459203
any,geolife,128/20110307004746/0#1,tight,180,1.2970501983784717
any,geolife,128/20110307004746/0#2,loose,600,0.3717440055200966
any,geolife,128/20110307004746/0#3,reversed,600,0.37622908400897015
any,geolife,000/20090610062438/2#0,tight,180,0.9214175654853621
any,geolife,000/20090610062438/2#1,tight,300,0.5505906522855676
any,geolife,000/20090610062438/2#2,loose,180,0.9537750385208013
any,geolife,000/20090610062438/2#3,reversed,300,0.5562403697996918
any,geolife,128/20090105124144/0#0,tight,600,0.3354192740926158
any,geolife,128/20090105124144/0#1,tight,300,0.6742803504380476
any,geolife,128/20090105124144/0#2,loose,300,0.7149561952440551
any,geolife,128/20090105124144/0#3,reversed,600,0.3354192740926158
any,geolife,115/20080908153859/0#0,tight,10,15.657749077490775
any,geolife,115/20080908153859/0#1,tight,600,0.21863468634686348
any,geolife,115/20080908153859/0#2,loose,120,1.0839483394833949
any,geolife,115/20080908153859/0#3,reversed,0,nan
any,geolife,055/20110830140828/0#0,tight,600,0.44476386036960985
any,geolife,055/20110830140828/0#1,tight,600,0.4402464065708419
any,geolife,055/20110830140828/0#2,loose,600,0.4492813141683778
any,geolife,055/20110830140828/0#3,reversed,600,0.44476386036960985
any,geolife,167/20080320231109/0#0,tight,600,0.32510288065843623
any,geolife,167/20080320231109/0#1,tight,120,1.3155006858710563
any,geolife,167/20080320231109/0#2,loose,300,0.5153177869227252
any,geolife,167/20080320231109/0#3,reversed,600,0.3278463648834019
any,geolife,017/20090621094628/0#0,tight,30,6.270763131813677
any,geolife,017/20090621094628/0#1,tight,600,0.355599603567889
any,geolife,017/20090621094628/0#2,loose,600,0.3597621407333994
any,geolife,017/20090621094628/0#3,reversed,600,0.355599603567889
any,geolife,128/20091130114038/0#0,tight,600,0.23480845442536327
any,geolife,128/20091130114038/0#1,tight,600,0.23480845442536327
any,geolife,128/20091130114038/0#2,loose,300,0.35766182298546895
any,geolife,128/20091130114038/0#3,reversed,600,0.23678996036988112
any,geolife,142/20070423004505/0#0,tight,600,1.4408602150537635
any,geolife,142/20070423004505/0#1,tight,600,1.4408602150537635
any,geolife,142/20070423004505/0#2,loose,300,2.9663978494623655
any,geolife,142/20070423004505/0#3,reversed,600,1.4408602150537635
any,geolife,153/20100419235304/0#0,tight,600,0.3530961791831357
any,geolife,153/20100419235304/0#1,tight,600,0.3530961791831357
any,geolife,153/20100419235304/0#2,loose,600,0.3603425559947299
any,geolife,153/20100419235304/0#3,reversed,600,0.3567193675889328
any,geolife,003/20090309004221/5#0,tight,600,0.7690100430416069
any,geolife,003/20090309004221/5#1,tight,600,0.7769010043041606
any,geolife,003/20090309004221/5#2,loose,600,0.7690100430416069
any,geolife,003/20090309004221/5#3,reversed,600,0.7847919655667145
any,geolife,158/20090207092106/0#0,tight,600,0.4142194744976816
any,geolife,158/20090207092106/0#1,tight,600,0.4142194744976816
any,geolife,158/20090207092106/0#2,loose,600,0.4142194744976816
any,geolife,158/20090207092106/0#3,reversed,600,0.4142194744976816
any,geolife,062/20080925031959/0#0,tight,600,0.30293992330634856
any,geolife,062/20080925031959/0#1,tight,600,0.30293992330634856
any,geolife,062/20080925031959/0#2,loose,300,0.4801874733702599
any,geolife,062/20080925031959/0#3,reversed,600,0.30293992330634856
any,geolife,025/20090411041141/0#0,tight,600,0.23987854251012145
any,geolife,025/20090411041141/0#1,tight,300,0.3616734143049933
any,geolife,025/20090411041141/0#2,loose,600,0.24392712550607287
any,geolife,025/20090411041141/0#3,reversed,600,0.23987854251012145
any,geolife,115/20080409102703/0#0,tight,60,19.41031390134529
any,geolife,115/20080409102703/0#1,tight,600,2.1502242152466366
any,geolife,115/20080409102703/0#2,loose,600,2.204035874439462
any,geolife,115/20080409102703/0#3,reversed,600,2.311659192825112
any,geolife,092/20080109102417/0#0,tight,600,0.6475409836065574
any,geolife,092/20080109102417/0#1,tight,600,0.6475409836065574
any,geolife,092/20080109102417/0#2,loose,600,0.6584699453551912
any,geolife,092/20080109102417/0#3,reversed,600,0.6475409836065574
any,geolife,051/20080221105029/0#0,tight,300,0.97632058287796
any,geolife,051/20080221105029/0#1,tight,600,0.6475409836065574
any,geolife,051/20080221105029/0#2,loose,600,0.6475409836065574
any,geolife,051/20080221105029/0#3,reversed,60,3.6530054644808745
any,geolife,080/20070629001410/0#0,tight,300,2.841951219512195
any,geolife,080/20070629001410/0#1,tight,180,4.92
any,geolife,080/20070629001410/0#2,loose,180,5.177560975609756
any,geolife,080/20070629001410/0#3,reversed,180,4.92
any,geolife,140/20090613160514/0#0,tight,600,0.24449793672627235
any,geolife,140/20090613160514/0#1,tight,180,0.6169188445667125
any,geolife,140/20090613160514/0#2,loose,600,0.24449793672627235
any,geolife,140/20090613160514/0#3,reversed,600,0.24449793672627235
any,geolife,027/20090113233903/0#0,tight,600,0.3592723597776655
any,geolife,027/20090113233903/0#1,tight,300,0.5472460838807478
any,geolife,027/20090113233903/0#2,loose,600,0.3592723597776655
any,geolife,027/20090113233903/0#3,reversed,180,0.732187973724103
any,geolife,068/20090906023120/0#0,tight,600,0.307186771252915
any,geolife,068/20090906023120/0#1,tight,600,0.307186771252915
any,geolife,068/20090906023120/0#2,loose,600,0.307186771252915
any,geolife,068/20090906023120/0#3,reversed,600,0.3037947848208607
any,geolife,167/20080328095216/1#0,tight,300,0.9652406417112299
any,geolife,167/20080328095216/1#1,tight,180,1.2771836007130124
any,geolife,167/20080328095216/1#2,loose,600,0.6336898395721925
any,geolife,167/20080328095216/1#3,reversed,600,0.6336898395721925
any,geolife,024/20090118040106/3#0,tight,600,0.3387327298713673
any,geolife,024/20090118040106/3#1,tight,300,0.6827060505002382
any,geolife,024/20090118040106/3#2,loose,300,0.7208194378275369
any,geolife,024/20090118040106/3#3,reversed,600,0.3415912339209147
any,geolife,128/20100202044139/0#0,tight,600,0.5799347471451876
any,geolife,128/20100202044139/0#1,tight,600,0.5799347471451876
any,geolife,128/20100202044139/0#2,loose,600,0.5799347471451876
any,geolife,128/20100202044139/0#3,reversed,600,0.5799347471451876
any,geolife,153/20111013072334/0#0,tight,600,0.2403524425607852
any,geolife,153/20111013072334/0#1,tight,600,0.2403524425607852
any,geolife,153/20111013072334/0#2,loose,180,0.7522864153468659
any,geolife,153/20111013072334/0#3,reversed,600,0.2403524425607852
any,geolife,036/20090214162151/0#0,tight,600,0.38753623188405795
any,geolife,036/20090214162151/0#1,tight,600,0.392463768115942
any,geolife,036/20090214162151/0#2,loose,600,0.392463768115942
any,geolife,036/20090214162151/0#3,reversed,600,0.3973913043478261
any,geolife,128/20090502132357/0#0,tight,600,0.41993020550601007
any,geolife,128/20090502132357/0#1,tight,30,7.975959674292361
any,geolife,128/20090502132357/0#2,loose,300,0.703761147731679
any,geolife,128/20090502132357/0#3,reversed,600,0.4156649864288484
any,geolife,043/20090211112015/0#0,tight,600,0.452577975811585
any,geolife,043/20090211112015/0#1,tight,600,0.452577975811585
any,geolife,043/20090211112015/0#2,loose,300,0.6823679185232336
any,geolife,043/20090211112015/0#3,reversed,600,0.4563971992361553
any,geolife,024/20090115022131/3#0,tight,600,0.35004766444232605
any,geolife,024/20090115022131/3#1,tight,600,0.34204003813155387
any,geolife,024/20090115022131/3#2,loose,600,0.34204003813155387
any,geolife,024/20090115022131/3#3,reversed,600,0.34204003813155387
any,geolife,153/20100810093728/0#0,tight,600,0.396100278551532
any,geolife,153/20100810093728/0#1,tight,300,0.5972144846796658
any,geolife,153/20100810093728/0#2,loose,300,0.5972144846796658
any,geolife,153/20100810093728/0#3,reversed,30,4.536490250696379
any,geolife,042/20090324101103/0#0,tight,600,0.3059322033898305
any,geolife,042/20090324101103/0#1,tight,600,0.3059322033898305
any,geolife,042/20090324101103/0#2,loose,300,0.6234463276836159
any,geolife,042/20090324101103/0#3,reversed,600,0.30903954802259886
any,geolife,101/20071223144817/1#0,tight,600,0.7719869706840391
any,geolife,101/20071223144817/1#1,tight,300,1.1758957654723128
any,geolife,101/20071223144817/1#2,loose,300,1.1639522258414767
any,geolife,101/20071223144817/1#3,reversed,600,0.7719869706840391
any,geolife,068/20090813015422/0#0,tight,600,0.24183673469387756
any,geolife,068/20090813015422/0#1,tight,600,0.24183673469387756
any,geolife,068/20090813015422/0#2,loose,600,0.24183673469387756
any,geolife,068/20090813015422/0#3,reversed,120,0.9785714285714285
any,geolife,126/20080920055722/0#0,tight,600,0.2179082872356925
any,geolife,126/20080920055722/0#1,tight,600,0.204725223595099
any,geolife,126/20080920055722/0#2,loose,600,0.2099984490513364
any,geolife,126/20080920055722/0#3,reversed,600,0.2152716745075738
any,geolife,003/20081209015756/4#0,tight,300,0.7302720432182134
any,geolife,003/20081209015756/4#1,tight,600,0.38201813621454755
any,geolife,003/20081209015756/4#2,loose,600,0.39185799729886167
any,geolife,003/20081209015756/4#3,reversed,600,0.39185799729886167
any,geolife,068/20090331064324/4#0,tight,0,nan
any,geolife,068/20090331064324/4#1,tight,600,0.19716755563729998
any,geolife,068/20090331064324/4#2,loose,600,0.19919073018208572
any,geolife,068/20090331064324/4#3,reversed,180,0.535773404450984
any,geolife,126/20081018025031/4#0,tight,600,0.20790358094796615
any,geolife,126/20081018025031/4#1,tight,600,0.21033723490555106
any,geolife,126/20081018025031/4#2,loose,600,0.20790358094796615
any,geolife,126/20081018025031/4#3,reversed,600,0.20790358094796615
any,geolife,004/20090424004725/5#0,tight,300,0.6754883427851291
any,geolife,004/20090424004725/5#1,tight,180,0.9029615626969124
any,geolife,004/20090424004725/5#2,loose,60,2.623818525519849
any,geolife,004/20090424004725/5#3,reversed,600,0.44801512287334594
any,geolife,165/20111115002433/2#0,tight,600,0.08524157774847141
any,geolife,165/20111115002433/2#1,tight,600,0.08524157774847141
any,geolife,165/20111115002433/2#2,loose,180,0.26147943891619707
any,geolife,165/20111115002433/2#3,reversed,600,0.08524157774847141
any,geolife,163/20120503201837/0#0,tight,600,0.33900709219858155
any,geolife,163/20120503201837/0#1,tight,600,0.33900709219858155
any,geolife,163/20120503201837/0#2,loose,600,0.34184397163120567
any,geolife,163/20120503201837/0#3,reversed,600,0.33900709219858155
any,geolife,163/20120123140507/0#0,tight,300,0.8065512978986403
any,geolife,163/20120123140507/0#1,tight,600,0.4187709694508211
any,geolife,163/20120123140507/0#2,loose,600,0.4187709694508211
any,geolife,163/20120123140507/0#3,reversed,600,0.4187709694508211
any,geolife,003/20081210013746/5#0,tight,600,0.35124508519003933
any,geolife,003/20081210013746/5#1,tight,30,7.1536697247706424
any,geolife,003/20081210013746/5#2,loose,300,0.7146133682830931
any,geolife,003/20081210013746/5#3,reversed,600,0.35124508519003933
any,geolife,003/20090403011657/13#0,tight,600,0.3873390557939914
any,geolife,003/20090403011657/13#1,tight,600,0.3834048640915594
any,geolife,003/20090403011657/13#2,loose,600,0.3834048640915594
any,geolife,003/20090403011657/13#3,reversed,600,0.3873390557939914
any,geolife,026/20090321063103/2#0,tight,600,0.19483662767244858
any,geolife,026/20090321063103/2#1,tight,600,0.19268522253596881
any,geolife,026/20090321063103/2#2,loose,600,0.19268522253596881
any,geolife,026/20090321063103/2#3,reversed,600,0.19268522253596881
any,geolife,165/20111113010804/1#0,tight,600,0.08750447975152312
any,geolife,165/20111113010804/1#1,tight,600,0.0855931191016605
any,geolife,165/20111113010804/1#2,loose,300,0.15953888424322063
any,geolife,165/20111113010804/1#3,reversed,600,0.0865487994265918
any,geolife,074/20120108020830/0#0,tight,600,0.10318031371420348
any,geolife,074/20120108020830/0#1,tight,300,0.2062167218304792
any,geolife,074/20120108020830/0#2,loose,600,0.10318031371420348
any,geolife,074/20120108020830/0#3,reversed,300,0.2062167218304792
any,geolife,144/20090626000502/2#0,tight,600,0.40677126341866227
any,geolife,144/20090626000502/2#1,tight,600,0.40677126341866227
any,geolife,144/20090626000502/2#2,loose,600,0.3916597853014038
any,geolife,144/20090626000502/2#3,reversed,600,0.39669694467382327
any,geolife,128/20080429084657/2#0,tight,600,0.999302649930265
any,geolife,128/20080429084657/2#1,tight,600,0.999302649930265
any,geolife,128/20080429084657/2#2,loose,600,0.999302649930265
any,geolife,128/20080429084657/2#3,reversed,120,4.2719665271966525
any,geolife,153/20110617091558/0#0,tight,600,0.2124333925399645
any,geolife,153/20110617091558/0#1,tight,600,0.21492007104795738
any,geolife,153/20110617091558/0#2,loose,600,0.2124333925399645
any,geolife,153/20110617091558/0#3,reversed,600,0.2124333925399645
any,geolife,038/20090222233410/2#0,tight,600,0.5039152464302165
any,geolife,038/20090222233410/2#1,tight,600,0.493781667434362
any,geolife,038/20090222233410/2#2,loose,600,0.493781667434362
any,geolife,038/20090222233410/2#3,reversed,600,0.493781667434362
any,geolife,038/20090718083524/0#0,tight,180,0.8831445800853066
any,geolife,038/20090718083524/0#1,tight,600,0.281585527283424
any,geolife,038/20090718083524/0#2,loose,600,0.2680541256067069
any,geolife,038/20090718083524/0#3,reversed,600,0.2646712751875276
any,geolife,068/20090803220235/5#0,tight,600,0.16611751784733664
any,geolife,068/20090803220235/5#1,tight,600,0.16803953871499178
any,geolife,068/20090803220235/5#2,loose,600,0.1641954969796815
any,geolife,068/20090803220235/5#3,reversed,600,0.1641954969796815
any,geolife,153/20081128013459/0#0,tight,180,0.45176544766708704
any,geolife,153/20081128013459/0#1,tight,600,0.22414880201765447
any,geolife,153/20081128013459/0#2,loose,120,0.7941361916771753
any,geolife,153/20081128013459/0#3,reversed,600,0.22414880201765447
any,geolife,039/20090601063429/0#0,tight,600,0.512401055408971
any,geolife,039/20090601063429/0#1,tight,600,0.5060686015831135
any,geolife,039/20090601063429/0#2,loose,600,0.5060686015831135
any,geolife,039/20090601063429/0#3,reversed,600,0.5060686015831135
any,geolife,022/20090609232837/1#0,tight,600,0.43034925732637497
any,geolife,022/20090609232837/1#1,tight,600,0.4347651545564031
any,geolife,022/20090609232837/1#2,loose,600,0.43918105178643113
any,geolife,022/20090609232837/1#3,reversed,600,0.43918105178643113
any,geolife,064/20080829093306/5#0,tight,600,0.14160525791674966
any,geolife,064/20080829093306/5#1,tight,600,0.14160525791674966
any,geolife,064/20080829093306/5#2,loose,600,0.14280023899621588
any,geolife,064/20080829093306/5#3,reversed,600,0.14160525791674966
any,geolife,153/20100219023328/2#0,tight,600,0.15638462864035843
any,geolife,153/20100219023328/2#1,tight,120,0.7144580389453731
any,geolife,153/20100219023328/2#2,loose,600,0.1581940375667758
any,geolife,153/20100219023328/2#3,reversed,600,0.15457521971394106
any,geolife,163/20120123140507/3#0,tight,10,34.70019794853338
any,geolife,163/20120123140507/3#1,tight,600,0.4527622818067302
any,geolife,163/20120123140507/3#2,loose,600,0.4527622818067302
any,geolife,163/20120123140507/3#3,reversed,600,0.4527622818067302
any,geolife,127/20081005084409/0#0,tight,300,0.7472260748959778
any,geolife,127/20081005084409/0#1,tight,600,0.37170596393897365
any,geolife,127/20081005084409/0#2,loose,300,0.7923023578363384
any,geolife,127/20081005084409/0#3,reversed,600,0.37552011095700416
any,geolife,018/20081115022731/2#0,tight,300,1.5548897411313518
any,geolife,018/20081115022731/2#1,tight,300,1.5548897411313518
any,geolife,018/20081115022731/2#2,loose,600,0.7761265580057526
any,geolife,018/20081115022731/2#3,reversed,600,0.7761265580057526
any,geolife,144/20090626000502/1#0,tight,600,0.355599603567889
any,geolife,144/20090626000502/1#1,tight,600,0.355599603567889
any,geolife,144/20090626000502/1#2,loose,600,0.355599603567889
any,geolife,144/20090626000502/1#3,reversed,600,0.3680872150644202
any,geolife,025/20090605112034/0#0,tight,600,0.23559822747415066
any,geolife,025/20090605112034/0#1,tight,600,0.23011183794049378
any,geolife,025/20090605112034/0#2,loose,300,0.42319054652880356
any,geolife,025/20090605112034/0#3,reversed,600,0.23834142224097912
any,geolife,020/20110912053207/0#0,tight,600,0.17869034406215317
any,geolife,020/20110912053207/0#1,tight,600,0.17671722777161178
any,geolife,020/20110912053207/0#2,loose,600,0.17671722777161178
any,geolife,020/20110912053207/0#3,reversed,600,0.17869034406215317
any,geolife,167/20080328095216/3#0,tight,600,4.182962245885769
any,geolife,167/20080328095216/3#1,tight,600,4.291384317521781
any,geolife,167/20080328095216/3#2,loose,600,4.182962245885769
any,geolife,167/20080328095216/3#3,reversed,600,4.182962245885769
any,geolife,163/20101227001934/2#0,tight,600,0.37283691662296803
any,geolife,163/20101227001934/2#1,tight,600,0.37283691662296803
any,geolife,163/20101227001934/2#2,loose,600,0.37598321971683274
any,geolife,163/20101227001934/2#3,reversed,600,0.37598321971683274
any,geolife,085/20080521095404/2#0,tight,600,0.22178870027869269
any,geolife,085/20080521095404/2#1,tight,600,0.21895110210286292
any,geolife,085/20080521095404/2#2,loose,600,0.21895110210286292
any,geolife,085/20080521095404/2#3,reversed,600,0.22462629845452242
any,geolife,035/20090406205936/3#0,tight,10,21.733245729303547
any,geolife,035/20090406205936/3#1,tight,600,0.3114323258869908
any,geolife,035/20090406205936/3#2,loose,600,0.3140604467805519
any,geolife,035/20090406205936/3#3,reversed,600,0.3114323258869908
any,geolife,144/20090626000502/3#0,tight,600,0.36614888037119225
any,geolife,144/20090626000502/3#1,tight,600,0.3619124470445834
any,geolife,144/20090626000502/3#2,loose,600,0.3619124470445834
any,geolife,144/20090626000502/3#3,reversed,600,0.36614888037119225
any,geolife,002/20081121002520/0#0,tight,600,0.5186440677966102
any,geolife,002/20081121002520/0#1,tight,600,0.5127118644067796
any,geolife,002/20081121002520/0#2,loose,600,0.5067796610169492
any,geolife,002/20081121002520/0#3,reversed,600,0.5127118644067796
any,geolife,002/20081120001650/1#0,tight,600,0.4645435244161359
any,geolife,002/20081120001650/1#1,tight,600,0.45520169851380043
any,geolife,002/20081120001650/1#2,loose,600,0.45520169851380043
any,geolife,002/20081120001650/1#3,reversed,600,0.45520169851380043
any,geolife,163/20111128102238/0#0,tight,120,1.447911424257675
any,geolife,163/20111128102238/0#1,tight,600,0.35782586814292905
any,geolife,163/20111128102238/0#2,loose,180,0.9134373427277303
any,geolife,163/20111128102238/0#3,reversed,30,5.591847005535984
any,geolife,028/20090202091806/0#0,tight,180,1.191806167400881
any,geolife,028/20090202091806/0#1,tight,600,0.40044052863436125
any,geolife,028/20090202091806/0#2,loose,600,0.38563876651982376
any,geolife,028/20090202091806/0#3,reversed,600,0.3955066079295154
any,geolife,057/20070805013330/5#0,tight,600,1.7341772151898733
any,geolife,057/20070805013330/5#1,tight,600,1.755877034358047
any,geolife,057/20070805013330/5#2,loose,600,1.755877034358047
any,geolife,057/20070805013330/5#3,reversed,600,1.8426763110307414
any,geolife,017/20081224073039/0#0,tight,600,0.3389963819411672
any,geolife,017/20081224073039/0#1,tight,600,0.3430863614912695
any,geolife,017/20081224073039/0#2,loose,600,0.3389963819411672
any,geolife,017/20081224073039/0#3,reversed,600,0.35126632059147395
any,geolife,004/20090212050308/0#0,tight,600,0.5131714344515332
any,geolife,004/20090212050308/0#1,tight,600,0.4817863757974892
any,geolife,004/20090212050308/0#2,loose,600,0.4817863757974892
any,geolife,004/20090212050308/0#3,reversed,600,0.5006174109899156
any,geolife,038/20090718083524/1#0,tight,600,0.18912080961416824
any,geolife,038/20090718083524/1#1,tight,600,0.19133459835547123
any,geolife,038/20090718083524/1#2,loose,600,0.1935483870967742
any,geolife,038/20090718083524/1#3,reversed,600,0.19133459835547123
any,geolife,084/20090501035037/0#0,tight,600,0.41412742382271467
any,geolife,084/20090501035037/0#1,tight,300,0.7569252077562327
any,geolife,084/20090501035037/0#2,loose,60,3.863573407202216
any,geolife,084/20090501035037/0#3,reversed,600,0.42382271468144045
any,geolife,041/20090507094211/0#0,tight,180,0.9097744360902256
any,geolife,041/20090507094211/0#1,tight,600,0.35639097744360904
any,geolife,041/20090507094211/0#2,loose,600,0.3593984962406015
any,geolife,041/20090507094211/0#3,reversed,600,0.3593984962406015
any,geolife,128/20100731081206/0#0,tight,600,0.3792
any,geolife,128/20100731081206/0#1,tight,600,0.3824
any,geolife,128/20100731081206/0#2,loose,600,0.3824
any,geolife,128/20100731081206/0#3,reversed,300,0.5717333333333333
any,geolife,003/20090311214808/3#0,tight,300,0.7411764705882353
any,geolife,003/20090311214808/3#1,tight,300,0.732992327365729
any,geolife,003/20090311214808/3#2,loose,600,0.3636828644501279
any,geolife,003/20090311214808/3#3,reversed,600,0.3636828644501279
any,geolife,115/20070521103907/0#0,tight,60,17.05134189031505
any,geolife,115/20070521103907/0#1,tight,30,32.42240373395566
any,geolife,115/20070521103907/0#2,loose,300,3.5670945157526255
any,geolife,115/20070521103907/0#3,reversed,600,1.7467911318553093
any,geolife,030/20090616103630/4#0,tight,120,1.3361656930430164
any,geolife,030/20090616103630/4#1,tight,600,0.37758895379713225
any,geolife,030/20090616103630/4#2,loose,600,0.38077535847052574
any,geolife,030/20090616103630/4#3,reversed,180,0.9527349973446628
any,geolife,001/20081025231428/3#0,tight,600,0.35402906208718626
any,geolife,001/20081025231428/3#1,tight,600,0.35402906208718626
any,geolife,001/20081025231428/3#2,loose,600,0.35766182298546895
any,geolife,001/20081025231428/3#3,reversed,600,0.36129458388375163
any,geolife,025/20081227053536/0#0,tight,600,0.2763629503867195
any,geolife,025/20081227053536/0#1,tight,600,0.2733446519524618
any,geolife,025/20081227053536/0#2,loose,300,0.5038671948688926
any,geolife,025/20081227053536/0#3,reversed,600,0.2733446519524618
any,geolife,077/20090920104403/0#0,tight,600,0.8208269525267994
any,geolife,077/20090920104403/0#1,tight,600,0.8208269525267994
any,geolife,077/20090920104403/0#2,loose,600,0.8208269525267994
any,geolife,077/20090920104403/0#3,reversed,600,0.8208269525267994
any,geolife,115/20080615225707/0#0,tight,600,0.20831263454214274
any,geolife,115/20080615225707/0#1,tight,180,0.674201026660043
any,geolife,115/20080615225707/0#2,loose,600,0.21344593475741017
any,geolife,115/20080615225707/0#3,reversed,30,4.053071700612684
any,geolife,168/20110705223734/1#0,tight,600,0.2670451287344458
any,geolife,168/20110705223734/1#1,tight,600,0.257411548827341
any,geolife,168/20110705223734/1#2,loose,600,0.2542003555249728
any,geolife,168/20110705223734/1#3,reversed,600,0.25098916222260453
any,geolife,004/20090525065608/0#0,tight,300,0.7115637319316689
any,geolife,004/20090525065608/0#1,tight,600,0.4671484888304862
any,geolife,004/20090525065608/0#2,loose,180,1.3028909329829172
any,geolife,004/20090525065608/0#3,reversed,600,0.4671484888304862
any,geolife,017/20081224073039/1#0,tight,600,0.4973399014778325
any,geolife,017/20081224073039/1#1,tight,600,0.485320197044335
any,geolife,017/20081224073039/1#2,loose,180,1.4769458128078818
any,geolife,017/20081224073039/1#3,reversed,600,0.4672906403940887
any,geolife,068/20090803220235/1#0,tight,180,0.5817120622568094
any,geolife,068/20090803220235/1#1,tight,180,0.5817120622568094
any,geolife,068/20090803220235/1#2,loose,600,0.23054474708171208
any,geolife,068/20090803220235/1#3,reversed,180,0.5885214007782101
any,geolife,100/20110809143636/1#0,tight,300,0.23175614194722474
any,geolife,100/20110809143636/1#1,tight,600,0.13039126478616925
any,geolife,100/20110809143636/1#2,loose,120,0.5522292993630573
any,geolife,100/20110809143636/1#3,reversed,0,nan
any,geolife,003/20090512013109/3#0,tight,120,1.4159001314060446
any,geolife,003/20090512013109/3#1,tight,600,0.4671484888304862
any,geolife,003/20090512013109/3#2,loose,600,0.4671484888304862
any,geolife,003/20090512013109/3#3,reversed,600,0.4671484888304862
any,geolife,163/20120203092537/0#0,tight,180,1.1714905933429811
any,geolife,163/20120203092537/0#1,tight,30,7.390376266280753
any,geolife,163/20120203092537/0#2,loose,600,0.3958031837916064
any,geolife,163/20120203092537/0#3,reversed,600,0.3878437047756874
any,geolife,163/20120202205453/0#0,tight,180,0.925219185146983
any,geolife,163/20120202205453/0#1,tight,180,0.925219185146983
any,geolife,163/20120202205453/0#2,loose,180,0.9360495100567303
any,geolife,163/20120202205453/0#3,reversed,600,0.3666838576585869
any,geolife,161/20070417130153/0#0,tight,300,1.3673469387755102
any,geolife,161/20070417130153/0#1,tight,600,0.9068877551020408
any,geolife,161/20070417130153/0#2,loose,600,0.9221938775510204
any,geolife,161/20070417130153/0#3,reversed,600,0.9068877551020408
any,geolife,163/20111212201200/0#0,tight,120,1.3984637542006721
any,geolife,163/20111212201200/0#1,tight,300,0.6879500720115218
any,geolife,163/20111212201200/0#2,loose,600,0.3442150744119059
any,geolife,163/20111212201200/0#3,reversed,600,0.3442150744119059
any,geolife,003/20090311214808/5#0,tight,600,0.36809045226130654
any,geolife,003/20090311214808/5#1,tight,600,0.364070351758794
any,geolife,003/20090311214808/5#2,loose,300,0.7228643216080402
any,geolife,003/20090311214808/5#3,reversed,600,0.364070351758794
any,geolife,026/20090408040922/2#0,tight,600,0.3856115107913669
any,geolife,026/20090408040922/2#1,tight,600,0.3856115107913669
any,geolife,026/20090408040922/2#2,loose,600,0.3856115107913669
any,geolife,026/20090408040922/2#3,reversed,600,0.3856115107913669
any,geolife,163/20120227081137/0#0,tight,10,35.318632309217044
any,geolife,163/20120227081137/0#1,tight,600,0.44449950445986125
any,geolife,163/20120227081137/0#2,loose,600,0.4497026759167493
any,geolife,163/20120227081137/0#3,reversed,600,0.45490584737363726
any,geolife,003/20090403011657/25#0,tight,600,0.4880304678998912
any,geolife,003/20090403011657/25#1,tight,600,0.5051686615886833
any,geolife,003/20090403011657/25#2,loose,600,0.4880304678998912
any,geolife,003/20090403011657/25#3,reversed,600,0.49374319912948855
any,geolife,016/20081117000735/0#0,tight,180,0.8712967459932006
any,geolife,016/20081117000735/0#1,tight,600,0.345313258863526
any,geolife,016/20081117000735/0#2,loose,300,0.5473530840213696
any,geolife,016/20081117000735/0#3,reversed,600,0.34822729480330256
any,geolife,158/20090207092106/1#0,tight,600,0.38607924921793535
any,geolife,158/20090207092106/1#1,tight,600,0.37356621480709074
any,geolife,158/20090207092106/1#2,loose,600,0.3777372262773723
any,geolife,158/20090207092106/1#3,reversed,600,0.37356621480709074
any,geolife,003/20090403011657/1#0,tight,600,0.381620931716656
any,geolife,003/20090403011657/1#1,tight,600,0.39948947032546267
any,geolife,003/20090403011657/1#2,loose,300,0.7753669432035737
any,geolife,003/20090403011657/1#3,reversed,600,0.395022335673261
any,geolife,146/20070809011153/0#0,tight,300,3.4209274673008325
any,geolife,146/20070809011153/0#1,tight,180,5.5671819262782405
any,geolife,146/20070809011153/0#2,loose,300,3.50653983353151
any,geolife,146/20070809011153/0#3,reversed,600,1.741973840665874
any,geolife,140/20090715205831/0#0,tight,60,1.8784584980237153
any,geolife,140/20090715205831/0#1,tight,30,3.6383399209486167
any,geolife,140/20090715205831/0#2,loose,180,0.6116600790513834
any,geolife,140/20090715205831/0#3,reversed,600,0.2341897233201581
any,geolife,153/20081014101454/0#0,tight,600,0.2299487463637623
any,geolife,153/20081014101454/0#1,tight,600,0.2299487463637623
any,geolife,153/20081014101454/0#2,loose,600,0.22426928937525972
any,geolife,153/20081014101454/0#3,reversed,600,0.23562820335226486
any,geolife,030/20090411052404/0#0,tight,300,0.4291973710416252
any,geolife,030/20090411052404/0#1,tight,600,0.21350328619796854
any,geolife,030/20090411052404/0#2,loose,600,0.21569408484365665
any,geolife,030/20090411052404/0#3,reversed,10,13.245369448317069
any,geolife,153/20080831022805/0#0,tight,300,0.3413679762091094
any,geolife,153/20080831022805/0#1,tight,600,0.1677883862889341
any,geolife,153/20080831022805/0#2,loose,600,0.1712318046642667
any,geolife,153/20080831022805/0#3,reversed,600,0.1677883862889341
any,geolife,030/20090315183721/0#0,tight,600,0.19684385382059802
any,geolife,030/20090315183721/0#1,tight,300,0.4011627906976744
any,geolife,030/20090315183721/0#2,loose,600,0.19684385382059802
any,geolife,030/20090315183721/0#3,reversed,600,0.19684385382059802
any,geolife,039/20090325235637/0#0,tight,300,0.6343514829570607
any,geolife,039/20090325235637/0#1,tight,600,0.31739707835325365
any,geolife,039/20090325235637/0#2,loose,300,0.6414342629482072
any,geolife,039/20090325235637/0#3,reversed,600,0.3147410358565737
any,geolife,179/20080907070424/0#0,tight,600,0.21033776867963153
any,geolife,179/20080907070424/0#1,tight,600,0.21033776867963153
any,geolife,179/20080907070424/0#2,loose,300,0.4325924842813277
any,geolife,179/20080907070424/0#3,reversed,600,0.21823365989179705
any,geolife,128/20091111131003/0#0,tight,300,0.679962458939465
any,geolife,128/20091111131003/0#1,tight,180,1.1806663538244955
any,geolife,128/20091111131003/0#2,loose,600,0.33646175504458004
any,geolife,128/20091111131003/0#3,reversed,300,0.672454246832473
any,geolife,167/20080529012053/0#0,tight,600,0.11098585775773724
any,geolife,167/20080529012053/0#1,tight,600,0.10985857757737241
any,geolife,167/20080529012053/0#2,loose,300,0.22084443533510964
any,geolife,167/20080529012053/0#3,reversed,600,0.11098585775773724
any,geolife,034/20090709011424/0#0,tight,600,0.9355263157894737
any,geolife,034/20090709011424/0#1,tight,600,0.9355263157894737
any,geolife,034/20090709011424/0#2,loose,600,0.9355263157894737
any,geolife,034/20090709011424/0#3,reversed,600,0.9355263157894737
any,geolife,068/20090315235133/0#0,tight,180,0.5083855324307941
any,geolife,068/20090315235133/0#1,tight,180,0.5083855324307941
any,geolife,068/20090315235133/0#2,loose,300,0.2960193978581532
any,geolife,068/20090315235133/0#3,reversed,180,0.5083855324307941
any,geolife,030/20090704011100/5#0,tight,600,0.3586092715231788
any,geolife,030/20090704011100/5#1,tight,180,1.1917218543046357
any,geolife,030/20090704011100/5#2,loose,600,0.3622516556291391
any,geolife,030/20090704011100/5#3,reversed,600,0.3586092715231788
any,geolife,144/20090920052628/1#0,tight,600,0.35322078347811836
any,geolife,144/20090920052628/1#1,tight,60,3.775446648090477
any,geolife,144/20090920052628/1#2,loose,600,0.35322078347811836
any,geolife,144/20090920052628/1#3,reversed,600,0.3660055728569087
any,geolife,022/20090723013354/5#0,tight,600,0.4134847409510291
any,geolife,022/20090723013354/5#1,tight,600,0.4237047551454933
any,geolife,022/20090723013354/5#2,loose,600,0.4134847409510291
any,geolife,022/20090723013354/5#3,reversed,600,0.42881476224272536
any,geolife,128/20101011101027/0#0,tight,300,0.5734293717486995
any,geolife,128/20101011101027/0#1,tight,300,0.5734293717486995
any,geolife,128/20101011101027/0#2,loose,300,0.5798319327731093
any,geolife,128/20101011101027/0#3,reversed,600,0.28691476590636256
any,geolife,144/20081023145509/0#0,tight,300,0.46443193449334697
any,geolife,144/20081023145509/0#1,tight,600,0.2771238485158649
any,geolife,144/20081023145509/0#2,loose,300,0.46443193449334697
any,geolife,144/20081023145509/0#3,reversed,600,0.2743091095189355
any,geolife,139/20071007071223/0#0,tight,600,2.0589080459770117
any,geolife,139/20071007071223/0#1,tight,600,2.0589080459770117
any,geolife,139/20071007071223/0#2,loose,600,2.0589080459770117
any,geolife,139/20071007071223/0#3,reversed,600,2.1048850574712645
any,geolife,140/20090826225534/0#0,tight,600,0.26411589895988113
any,geolife,140/20090826225534/0#1,tight,0,nan
any,geolife,140/20090826225534/0#2,loose,180,0.538261515601783
any,geolife,140/20090826225534/0#3,reversed,600,0.26411589895988113
any,geolife,163/20110213032352/1#0,tight,600,0.23195545084600558
any,geolife,163/20110213032352/1#1,tight,300,0.46155493681730564
any,geolife,163/20110213032352/1#2,loose,600,0.23195545084600558
any,geolife,163/20110213032352/1#3,reversed,600,0.22959948597130006
any,geolife,004/20090425024714/4#0,tight,600,0.5002982700338039
any,geolife,004/20090425024714/4#1,tight,600,0.5126267647643666
any,geolife,004/20090425024714/4#2,loose,600,0.5126267647643666
any,geolife,004/20090425024714/4#3,reversed,600,0.5126267647643666
any,geolife,144/20080501010943/0#0,tight,600,0.22383252818035426
any,geolife,144/20080501010943/0#1,tight,600,0.22383252818035426
any,geolife,144/20080501010943/0#2,loose,600,0.21541292845640672
any,geolife,144/20080501010943/0#3,reversed,600,0.2210259949390384
any,geolife,056/20080516053629/1#0,tight,600,0.17795210569777042
any,geolife,056/20080516053629/1#1,tight,15,16.07530966143683
any,geolife,056/20080516053629/1#2,loose,600,0.1800990916597853
any,geolife,056/20080516053629/1#3,reversed,600,0.1800990916597853
any,geolife,153/20091208234922/0#0,tight,180,0.928388746803069
any,geolife,153/20091208234922/0#1,tight,300,0.5483375959079284
any,geolife,153/20091208234922/0#2,loose,600,0.3636828644501279
any,geolife,153/20091208234922/0#3,reversed,600,0.3667519181585678
any,geolife,138/20070621110544/0#0,tight,600,1.3255813953488371
any,geolife,138/20070621110544/0#1,tight,300,2.6376988984088126
any,geolife,138/20070621110544/0#2,loose,600,1.3255813953488371
any,geolife,138/20070621110544/0#3,reversed,600,1.3121175030599754
any,geolife,028/20090131032403/2#0,tight,300,0.3393889347646573
any,geolife,028/20090131032403/2#1,tight,0,nan
any,geolife,028/20090131032403/2#2,loose,600,0.17093311312964493
any,geolife,028/20090131032403/2#3,reversed,600,0.16904565294325824
any,geolife,138/20070604015239/0#0,tight,600,0.8361934477379095
any,geolife,138/20070604015239/0#1,tight,600,0.8361934477379095
any,geolife,138/20070604015239/0#2,loose,600,0.8447737909516381
any,geolife,138/20070604015239/0#3,reversed,600,0.8361934477379095
any,geolife,022/20090609232837/9#0,tight,600,0.42155437065761836
any,geolife,022/20090609232837/9#1,tight,600,0.41153659718856034
any,geolife,022/20090609232837/9#2,loose,600,0.4165454839230894
any,geolife,022/20090609232837/9#3,reversed,600,0.42155437065761836
any,geolife,003/20090610062438/0#0,tight,300,0.5876288659793815
any,geolife,003/20090610062438/0#1,tight,300,0.5816603364080304
any,geolife,003/20090610062438/0#2,loose,60,3.7748236570808467
any,geolife,003/20090610062438/0#3,reversed,600,0.38578404774823655
any,geolife,085/20081102030158/1#0,tight,600,0.22260430994956443
any,geolife,085/20081102030158/1#1,tight,600,0.2198532783127006
any,geolife,085/20081102030158/1#2,loose,600,0.22260430994956443
any,geolife,085/20081102030158/1#3,reversed,600,0.23911049977074736
any,geolife,068/20081021003906/2#0,tight,600,0.19136270790779106
any,geolife,068/20081021003906/2#1,tight,300,0.38360081704114385
any,geolife,068/20081021003906/2#2,loose,600,0.18896994455792238
any,geolife,068/20081021003906/2#3,reversed,120,1.269857017799825
any,geolife,163/20120721125754/1#0,tight,180,0.9906129210381005
any,geolife,163/20120721125754/1#1,tight,300,0.5980121479845389
any,geolife,163/20120721125754/1#2,loose,300,0.6040861402540033
any,geolife,163/20120721125754/1#3,reversed,600,0.39260077305356156
any,geolife,163/20080614015440/1#0,tight,600,1.5949033391915641
any,geolife,163/20080614015440/1#1,tight,15,126.27416520210896
any,geolife,163/20080614015440/1#2,loose,600,1.5949033391915641
any,geolife,163/20080614015440/1#3,reversed,600,1.5949033391915641
any,geolife,153/20111007103104/0#0,tight,600,0.0819407629364988
any,geolife,153/20111007103104/0#1,tight,300,0.16699320041488994
any,geolife,153/20111007103104/0#2,loose,600,0.08263224616803043
any,geolife,153/20111007103104/0#3,reversed,600,0.0819407629364988
any,geolife,039/20090408001235/0#0,tight,600,0.3636215600065136
any,geolife,039/20090408001235/0#1,tight,600,0.3593877218694024
any,geolife,039/20090408001235/0#2,loose,600,0.3509200455951799
any,geolife,039/20090408001235/0#3,reversed,600,0.3593877218694024
any,geolife,096/20080907113058/4#0,tight,600,0.2168121947609886
any,geolife,096/20080907113058/4#1,tight,600,0.21207636525085097
any,geolife,096/20080907113058/4#2,loose,600,0.21444428000591978
any,geolife,096/20080907113058/4#3,reversed,600,0.21444428000591978
any,geolife,014/20081126035012/0#0,tight,120,0.743103448275862
any,geolife,014/20081126035012/0#1,tight,120,0.743103448275862
any,geolife,014/20081126035012/0#2,loose,600,0.24724137931034482
any,geolife,014/20081126035012/0#3,reversed,600,0.24517241379310345
any,geolife,002/20081104111530/0#0,tight,180,1.4655307175238392
any,geolife,002/20081104111530/0#1,tight,15,25.144599030795685
any,geolife,002/20081104111530/0#2,loose,180,1.544317648897921
any,geolife,002/20081104111530/0#3,reversed,600,0.4778802563701735
any,geolife,163/20080430122452/0#0,tight,300,0.24139452780229478
any,geolife,163/20080430122452/0#1,tight,300,0.23896734333627537
any,geolife,163/20080430122452/0#2,loose,600,0.15953221535745807
any,geolife,163/20080430122452/0#3,reversed,600,0.15688437775816416
any,geolife,073/20080821134955/0#0,tight,300,0.33626097867001253
any,geolife,073/20080821134955/0#1,tight,600,0.22490589711417816
any,geolife,073/20080821134955/0#2,loose,600,0.2267879548306148
any,geolife,073/20080821134955/0#3,reversed,600,0.22302383939774154
any,geolife,125/20080820011704/3#0,tight,600,0.4126523505513639
any,geolife,125/20080820011704/3#1,tight,600,0.4126523505513639
any,geolife,125/20080820011704/3#2,loose,600,0.4126523505513639
any,geolife,125/20080820011704/3#3,reversed,600,0.4126523505513639
any,geolife,065/20110926103233/0#0,tight,600,0.3192635832959138
any,geolife,065/20110926103233/0#1,tight,600,0.3192635832959138
any,geolife,065/20110926103233/0#2,loose,600,0.3192635832959138
any,geolife,065/20110926103233/0#3,reversed,600,0.3192635832959138
any,geolife,153/20090307051006/2#0,tight,180,1.0129870129870129
any,geolife,153/20090307051006/2#1,tight,600,0.40146809712027104
any,geolife,153/20090307051006/2#2,loose,600,0.40146809712027104
any,geolife,153/20090307051006/2#3,reversed,120,1.438170525127047
any,geolife,067/20110414110059/0#0,tight,600,0.18419689119170984
any,geolife,067/20110414110059/0#1,tight,300,0.3712435233160622
any,geolife,067/20110414110059/0#2,loose,600,0.18419689119170984
any,geolife,067/20110414110059/0#3,reversed,60,1.6290155440414509
any,geolife,078/20080822132300/0#0,tight,600,0.13680969790263614
any,geolife,078/20080822132300/0#1,tight,300,0.27573600153934963
any,geolife,078/20080822132300/0#2,loose,600,0.13796421012122378
any,geolife,078/20080822132300/0#3,reversed,30,2.7804502597652494
any,geolife,068/20090417233759/2#0,tight,600,0.21955373871572134
any,geolife,068/20090417233759/2#1,tight,300,0.4294839039345938
any,geolife,068/20090417233759/2#2,loose,600,0.21427354794753875
any,geolife,068/20090417233759/2#3,reversed,600,0.22747402486799523
any,geolife,009/20081030000923/1#0,tight,600,0.3676268861454047
any,geolife,009/20081030000923/1#1,tight,600,0.3713991769547325
any,geolife,009/20081030000923/1#2,loose,600,0.3713991769547325
any,geolife,009/20081030000923/1#3,reversed,600,0.3713991769547325
any,geolife,034/20090415104743/1#0,tight,600,1.4725274725274726
any,geolife,034/20090415104743/1#1,tight,600,1.4725274725274726
any,geolife,034/20090415104743/1#2,loose,600,1.4876373626373627
any,geolife,034/20090415104743/1#3,reversed,600,1.4876373626373627
any,geolife,000/20090511174427/0#0,tight,600,0.33395435491383324
any,geolife,000/20090511174427/0#1,tight,600,0.33395435491383324
any,geolife,000/20090511174427/0#2,loose,600,0.33395435491383324
any,geolife,000/20090511174427/0#3,reversed,300,0.6674429436422916
any,geolife,084/20081105235106/0#0,tight,600,0.43267338196132915
any,geolife,084/20081105235106/0#1,tight,600,0.4273474586083131
any,geolife,084/20081105235106/0#2,loose,600,0.4166956119022809
any,geolife,084/20081105235106/0#3,reversed,600,0.42202153525529695
any,geolife,017/20090203055237/0#0,tight,60,1.148671741494485
any,geolife,017/20090203055237/0#1,tight,300,0.22261923256175237
any,geolife,017/20090203055237/0#2,loose,300,0.23504738232095695
any,geolife,017/20090203055237/0#3,reversed,600,0.11045518098493087
any,geolife,004/20090505195336/2#0,tight,600,0.45489443378119004
any,geolife,004/20090505195336/2#1,tight,600,0.45489443378119004
any,geolife,004/20090505195336/2#2,loose,600,0.45489443378119004
any,geolife,004/20090505195336/2#3,reversed,180,1.378758797184901
any,geolife,002/20081113001901/4#0,tight,600,0.5119506553585197
any,geolife,002/20081113001901/4#1,tight,600,0.5119506553585197
any,geolife,002/20081113001901/4#2,loose,600,0.4993060909791827
any,geolife,002/20081113001901/4#3,reversed,600,0.5245952197378566
any,geolife,068/20090226235204/0#0,tight,600,0.1695100954766004
any,geolife,068/20090226235204/0#1,tight,600,0.1677883862889341
any,geolife,068/20090226235204/0#2,loose,600,0.1677883862889341
any,geolife,068/20090226235204/0#3,reversed,600,0.1677883862889341
any,geolife,044/20090217231722/0#0,tight,600,0.43300368431258485
any,geolife,044/20090217231722/0#1,tight,600,0.42796199340701957
any,geolife,044/20090217231722/0#2,loose,180,1.41652123327516
any,geolife,044/20090217231722/0#3,reversed,600,0.41787861159588907
any,geolife,062/20080620024528/0#0,tight,600,0.3548492791612058
any,geolife,062/20080620024528/0#1,tight,300,0.7060943643512451
any,geolife,062/20080620024528/0#2,loose,600,0.35124508519003933
any,geolife,062/20080620024528/0#3,reversed,600,0.35124508519003933
any,geolife,057/20070805013330/3#0,tight,600,1.755877034358047
any,geolife,057/20070805013330/3#1,tight,180,6.500301386377336
any,geolife,057/20070805013330/3#2,loose,180,6.105485232067511
any,geolife,057/20070805013330/3#3,reversed,600,1.7341772151898733
any,geolife,002/20081109233203/2#0,tight,600,0.4757636122177955
any,geolife,002/20081109233203/2#1,tight,600,0.4757636122177955
any,geolife,002/20081109233203/2#2,loose,600,0.4863877822045153
any,geolife,002/20081109233203/2#3,reversed,600,0.4757636122177955
any,geolife,011/20081214090347/0#0,tight,600,0.213898916967509
any,geolife,011/20081214090347/0#1,tight,600,0.213898916967509
any,geolife,011/20081214090347/0#2,loose,600,0.213898916967509
any,geolife,011/20081214090347/0#3,reversed,600,0.213898916967509
any,geolife,126/20081125014100/1#0,tight,300,0.3433649289099526
any,geolife,126/20081125014100/1#1,tight,600,0.16848341232227487
any,geolife,126/20081125014100/1#2,loose,180,0.5168246445497631
any,geolife,126/20081125014100/1#3,reversed,600,0.16990521327014219
any,geolife,025/20090109023014/0#0,tight,180,0.9812414733969986
any,geolife,025/20090109023014/0#1,tight,600,0.3656207366984993
any,geolife,025/20090109023014/0#2,loose,600,0.3656207366984993
any,geolife,025/20090109023014/0#3,reversed,600,0.3656207366984993
any,geolife,030/20090704011100/3#0,tight,60,5.251422995609042
any,geolife,030/20090704011100/3#1,tight,600,0.4091722231257115
any,geolife,030/20090704011100/3#2,loose,600,0.4091722231257115
any,geolife,030/20090704011100/3#3,reversed,600,0.4091722231257115
any,geolife,115/20080909102047/0#0,tight,0,nan
any,geolife,115/20080909102047/0#1,tight,600,0.3387327298713673
any,geolife,115/20080909102047/0#2,loose,600,0.3387327298713673
any,geolife,115/20080909102047/0#3,reversed,600,0.3415912339209147
any,geolife,153/20120214075804/0#0,tight,60,2.2207001522070016
any,geolife,153/20120214075804/0#1,tight,600,0.3607305936073059
any,geolife,153/20120214075804/0#2,loose,120,1.1461187214611872
any,geolife,153/20120214075804/0#3,reversed,600,0.3607305936073059
any,geolife,115/20080610230940/0#0,tight,60,2.5930354520662893
any,geolife,115/20080610230940/0#1,tight,600,0.23694147262429202
any,geolife,115/20080610230940/0#2,loose,120,1.2587581288021816
any,geolife,115/20080610230940/0#3,reversed,600,0.22603314453534717
any,geolife,153/20081023000200/1#0,tight,120,0.8525227828406312
any,geolife,153/20081023000200/1#1,tight,600,0.199377639475439
any,geolife,153/20081023000200/1#2,loose,600,0.199377639475439
any,geolife,153/20081023000200/1#3,reversed,600,0.2017114914425428
any,geolife,169/20100525005803/0#0,tight,600,0.1565236113104636
any,geolife,169/20100525005803/0#1,tight,180,0.5242572125735611
any,geolife,169/20100525005803/0#2,loose,300,0.3141237261375054
any,geolife,169/20100525005803/0#3,reversed,600,0.15465767188172816
any,geolife,000/20090525093647/2#0,tight,600,0.4323412989297757
any,geolife,000/20090525093647/2#1,tight,600,0.4428969359331476
any,geolife,000/20090525093647/2#2,loose,600,0.4323412989297757
any,geolife,000/20090525093647/2#3,reversed,600,0.4270634804280897
any,geolife,163/20120717074204/0#0,tight,180,1.0772010512483574
any,geolife,163/20120717074204/0#1,tight,600,0.35578186596583444
any,geolife,163/20120717074204/0#2,loose,120,1.6182654402102497
any,geolife,163/20120717074204/0#3,reversed,600,0.35578186596583444
any,geolife,104/20081001193216/0#0,tight,180,3.924848484848485
any,geolife,104/20081001193216/0#1,tight,30,24.60242424242424
any,geolife,104/20081001193216/0#2,loose,60,11.974545454545455
any,geolife,104/20081001193216/0#3,reversed,600,1.2993939393939393
any,geolife,003/20090403011657/11#0,tight,600,0.34546769527483123
any,geolife,003/20090403011657/11#1,tight,600,0.34546769527483123
any,geolife,003/20090403011657/11#2,loose,600,0.3493249758919961
any,geolife,003/20090403011657/11#3,reversed,600,0.3493249758919961
any,geolife,029/20090113054251/1#0,tight,600,0.3706777316735823
any,geolife,029/20090113054251/1#1,tight,5,64.02109266943292
any,geolife,029/20090113054251/1#2,loose,300,0.6203319502074689
any,geolife,029/20090113054251/1#3,reversed,600,0.3706777316735823
any,geolife,022/20090723013354/6#0,tight,600,0.4323330106485963
any,geolife,022/20090723013354/6#1,tight,600,0.42226524685382383
any,geolife,022/20090723013354/6#2,loose,600,0.41723136495643753
any,geolife,022/20090723013354/6#3,reversed,600,0.42226524685382383
any,geolife,094/20070802235316/0#0,tight,120,4.448702101359704
any,geolife,094/20070802235316/0#1,tight,600,0.8788627935723115
any,geolife,094/20070802235316/0#2,loose,600,0.8788627935723115
any,geolife,094/20070802235316/0#3,reversed,180,3.1100123609394315
any,geolife,088/20081011060634/0#0,tight,30,6.710696517412935
any,geolife,088/20081011060634/0#1,tight,60,2.6912935323383085
any,geolife,088/20081011060634/0#2,loose,600,0.26940298507462684
any,geolife,088/20081011060634/0#3,reversed,600,0.26940298507462684
any,geolife,138/20070621110544/2#0,tight,600,0.8525564803804994
any,geolife,138/20070621110544/2#1,tight,600,0.845422116527943
any,geolife,138/20070621110544/2#2,loose,600,0.8525564803804994
any,geolife,138/20070621110544/2#3,reversed,600,0.845422116527943
any,geolife,167/20081222152354/0#0,tight,600,0.34314980793854033
any,geolife,167/20081222152354/0#1,tight,600,0.34314980793854033
any,geolife,167/20081222152354/0#2,loose,300,0.689820742637644
any,geolife,167/20081222152354/0#3,reversed,600,0.3466709346991037
any,geolife,062/20080804065458/0#0,tight,30,6.9020581973030515
any,geolife,062/20080804065458/0#1,tight,60,3.520652945351313
any,geolife,062/20080804065458/0#2,loose,600,0.31327182398864445
any,geolife,062/20080804065458/0#3,reversed,600,0.31327182398864445
any,geolife,163/20071129095918/0#0,tight,600,0.5423600605143721
any,geolife,163/20071129095918/0#1,tight,180,1.6497730711043872
any,geolife,163/20071129095918/0#2,loose,300,1.083963691376702
any,geolife,163/20071129095918/0#3,reversed,600,0.537821482602118
any,geolife,039/20090514100638/3#0,tight,600,0.4316349288042546
any,geolife,039/20090514100638/3#1,tight,600,0.45822611082518444
any,geolife,039/20090514100638/3#2,loose,600,0.4316349288042546
any,geolife,039/20090514100638/3#3,reversed,600,0.4316349288042546
any,geolife,125/20080820011704/5#0,tight,600,0.43173580346355217
any,geolife,125/20080820011704/5#1,tight,600,0.43173580346355217
any,geolife,125/20080820011704/5#2,loose,600,0.43173580346355217
any,geolife,125/20080820011704/5#3,reversed,600,0.43173580346355217
any,geolife,030/20090121005309/0#0,tight,600,0.18890633176347463
any,geolife,030/20090121005309/0#1,tight,600,0.18890633176347463
any,geolife,030/20090121005309/0#2,loose,600,0.19082504796790511
any,geolife,030/20090121005309/0#3,reversed,600,0.18890633176347463
any,geolife,030/20090507012403/0#0,tight,60,2.108966376089664
any,geolife,030/20090507012403/0#1,tight,180,0.6709215442092155
any,geolife,030/20090507012403/0#2,loose,180,0.7437733499377335
any,geolife,030/20090507012403/0#3,reversed,600,0.2213574097135741
any,geolife,036/20090303022138/0#0,tight,600,0.5045788920582495
any,geolife,036/20090303022138/0#1,tight,600,0.5045788920582495
any,geolife,036/20090303022138/0#2,loose,600,0.4861131962167843
any,geolife,036/20090303022138/0#3,reversed,600,0.49842366011109446
any,geolife,004/20090426215155/2#0,tight,10,20.415162454873645
any,geolife,004/20090426215155/2#1,tight,600,0.3666838576585869
any,geolife,004/20090426215155/2#2,loose,120,1.5580195977307891
any,geolife,004/20090426215155/2#3,reversed,600,0.3666838576585869
any,geolife,033/20090111194652/1#0,tight,600,0.529210042865891
any,geolife,033/20090111194652/1#1,tight,600,0.529210042865891
any,geolife,033/20090111194652/1#2,loose,600,0.529210042865891
any,geolife,033/20090111194652/1#3,reversed,600,0.5497856705450092
any,geolife,043/20090313130324/1#0,tight,600,0.5430501488435997
any,geolife,043/20090313130324/1#1,tight,600,0.5360659491641859
any,geolife,043/20090313130324/1#2,loose,600,0.5500343485230135
any,geolife,043/20090313130324/1#3,reversed,600,0.5360659491641859
any,geolife,074/20120304233855/0#0,tight,600,0.10814859197124026
any,geolife,074/20120304233855/0#1,tight,180,0.32334731376073494
any,geolife,074/20120304233855/0#2,loose,600,0.10705012981825444
any,geolife,074/20120304233855/0#3,reversed,180,0.3274415817855003
any,geolife,144/20081008001307/1#0,tight,600,0.5688
any,geolife,144/20081008001307/1#1,tight,600,0.5688
any,geolife,144/20081008001307/1#2,loose,600,0.5736
any,geolife,144/20081008001307/1#3,reversed,600,0.5688
any,geolife,036/20090409012524/0#0,tight,120,1.4016713091922006
any,geolife,036/20090409012524/0#1,tight,300,0.6033426183844011
any,geolife,036/20090409012524/0#2,loose,600,0.396100278551532
any,geolife,036/20090409012524/0#3,reversed,600,0.396100278551532
any,geolife,030/20090704011100/6#0,tight,600,0.3915300546448087
any,geolife,030/20090704011100/6#1,tight,30,6.934426229508197
any,geolife,030/20090704011100/6#2,loose,120,1.7622950819672132
any,geolife,030/20090704011100/6#3,reversed,600,0.3915300546448087
any,geolife,128/20090503065236/0#0,tight,60,4.03984485190409
any,geolife,128/20090503065236/0#1,tight,600,0.38187588152327223
any,geolife,128/20090503065236/0#2,loose,600,0.38187588152327223
any,geolife,128/20090503065236/0#3,reversed,600,0.38187588152327223
any,geolife,036/20090305000001/1#0,tight,300,1.303648068669528
any,geolife,036/20090305000001/1#1,tight,600,0.6566523605150214
any,geolife,036/20090305000001/1#2,loose,600,0.6416309012875536
any,geolife,036/20090305000001/1#3,reversed,600,0.6416309012875536
any,geolife,167/20090128035001/0#0,tight,600,0.5312636641888937
any,geolife,167/20090128035001/0#1,tight,180,1.629500072875674
any,geolife,167/20090128035001/0#2,loose,600,0.5245591021716951
any,geolife,167/20090128035001/0#3,reversed,600,0.544672788223291
any,geolife,011/20081009110224/0#0,tight,600,0.36668372569089047
any,geolife,011/20081009110224/0#1,tight,600,0.3748720573183214
any,geolife,011/20081009110224/0#2,loose,600,0.36668372569089047
any,geolife,011/20081009110224/0#3,reversed,600,0.36668372569089047
any,geolife,003/20090306015529/3#0,tight,300,0.6801139060275273
any,geolife,003/20090306015529/3#1,tight,600,0.34029425723777884
any,geolife,003/20090306015529/3#2,loose,600,0.3374466065495966
any,geolife,003/20090306015529/3#3,reversed,600,0.3374466065495966
any,geolife,034/20090415104743/2#0,tight,180,0.5035021012607565
any,geolife,034/20090415104743/2#1,tight,10,8.610366219731839
any,geolife,034/20090415104743/2#2,loose,600,0.14468681208725234
any,geolife,034/20090415104743/2#3,reversed,600,0.14228537122273363
any,geolife,105/20071003020122/3#0,tight,600,2.266742987979393
any,geolife,105/20071003020122/3#1,tight,600,2.266742987979393
any,geolife,105/20071003020122/3#2,loose,600,2.2959358900973097
any,geolife,105/20071003020122/3#3,reversed,600,2.2959358900973097
any,geolife,025/20081219015021/0#0,tight,600,0.32802937576499386
any,geolife,025/20081219015021/0#1,tight,600,0.32802937576499386
any,geolife,025/20081219015021/0#2,loose,600,0.3313953488372093
any,geolife,025/20081219015021/0#3,reversed,600,0.32802937576499386
any,geolife,004/20090425024714/6#0,tight,600,0.36894953656024715
any,geolife,004/20090425024714/6#1,tight,60,3.6949021627188467
any,geolife,004/20090425024714/6#2,loose,60,3.033985581874356
any,geolife,004/20090425024714/6#3,reversed,600,0.3730690010298661
any,geolife,036/20090324003424/0#0,tight,600,0.3978735310576385
any,geolife,036/20090324003424/0#1,tight,300,0.6060436485730274
any,geolife,036/20090324003424/0#2,loose,600,0.3978735310576385
any,geolife,036/20090324003424/0#3,reversed,600,0.3978735310576385
any,geolife,039/20090713113106/0#0,tight,600,0.43424242424242426
any,geolife,039/20090713113106/0#1,tight,600,0.43424242424242426
any,geolife,039/20090713113106/0#2,loose,600,0.43424242424242426
any,geolife,039/20090713113106/0#3,reversed,600,0.43424242424242426
any,geolife,005/20081113070907/1#0,tight,600,0.4458900964334915
any,geolife,005/20081113070907/1#1,tight,600,0.4569110668911679
any,geolife,005/20081113070907/1#2,loose,600,0.4514005816623297
any,geolife,005/20081113070907/1#3,reversed,60,4.082810347466707
any,geolife,025/20090421040907/1#0,tight,600,0.1994645247657296
any,geolife,025/20090421040907/1#1,tight,120,1.098047361861238
any,geolife,025/20090421040907/1#2,loose,600,0.20204957762082815
any,geolife,025/20090421040907/1#3,reversed,600,0.21238978904122235
any,geolife,036/20090409012524/1#0,tight,300,0.8361934477379095
any,geolife,036/20090409012524/1#1,tight,600,0.5546021840873635
any,geolife,036/20090409012524/1#2,loose,600,0.5546021840873635
any,geolife,036/20090409012524/1#3,reversed,600,0.5592823712948518
any,geolife,153/20110428143558/0#0,tight,300,0.25559780312632024
any,geolife,153/20110428143558/0#1,tight,600,0.15096465286579355
any,geolife,153/20110428143558/0#2,loose,60,1.3655823123503732
any,geolife,153/20110428143558/0#3,reversed,600,0.15096465286579355
any,geolife,010/20080328144824/0#0,tight,600,1.9823204419889502
any,geolife,010/20080328144824/0#1,tight,600,2.005524861878453
any,geolife,010/20080328144824/0#2,loose,600,2.005524861878453
any,geolife,010/20080328144824/0#3,reversed,600,1.9823204419889502
any,geolife,084/20090603103753/0#0,tight,600,0.33291925465838507
any,geolife,084/20090603103753/0#1,tight,600,0.33975155279503105
any,geolife,084/20090603103753/0#2,loose,180,1.1201863354037267
any,geolife,084/20090603103753/0#3,reversed,600,0.33291925465838507
any,geolife,017/20081107000737/0#0,tight,600,0.3874659400544959
any,geolife,017/20081107000737/0#1,tight,180,0.7809264305177112
any,geolife,017/20081107000737/0#2,loose,600,0.3874659400544959
any,geolife,017/20081107000737/0#3,reversed,180,0.7809264305177112
any,geolife,153/20080701104116/0#0,tight,600,0.3388610763454318
any,geolife,153/20080701104116/0#1,tight,600,0.3354192740926158
any,geolife,153/20080701104116/0#2,loose,180,1.0015644555694618
any,geolife,153/20080701104116/0#3,reversed,600,0.3388610763454318
any,geolife,126/20081002020652/2#0,tight,15,10.433817144274904
any,geolife,126/20081002020652/2#1,tight,300,0.31596576107182733
any,geolife,126/20081002020652/2#2,loose,600,0.1777695075052723
any,geolife,126/20081002020652/2#3,reversed,600,0.1777695075052723
any,geolife,153/20120405171958/0#0,tight,600,0.15846267553584628
any,geolife,153/20120405171958/0#1,tight,60,1.3569844789356984
any,geolife,153/20120405171958/0#2,loose,600,0.16171470805617147
any,geolife,153/20120405171958/0#3,reversed,600,0.15846267553584628
any,geolife,174/20080111042937/3#0,tight,600,2.2207001522070016
any,geolife,174/20080111042937/3#1,tight,600,2.1922881785895485
any,geolife,174/20080111042937/3#2,loose,600,2.2491121258244546
any,geolife,174/20080111042937/3#3,reversed,600,2.334348046676814
any,geolife,017/20081108071249/6#0,tight,10,9.303206191265893
any,geolife,017/20081108071249/6#1,tight,0,nan
any,geolife,017/20081108071249/6#2,loose,600,0.1320250598857564
any,geolife,017/20081108071249/6#3,reversed,600,0.13349917081260365
any,geolife,153/20110920231522/0#0,tight,300,0.45262635042841176
any,geolife,153/20110920231522/0#1,tight,60,2.3555196821060473
any,geolife,153/20110920231522/0#2,loose,180,0.7536321867626972
any,geolife,153/20110920231522/0#3,reversed,600,0.22277412144542408
any,geolife,128/20091031023330/0#0,tight,600,0.5990770901194354
any,geolife,128/20091031023330/0#1,tight,600,0.5920195439739414
any,geolife,128/20091031023330/0#2,loose,300,1.1729098805646037
any,geolife,128/20091031023330/0#3,reversed,600,0.6202497285559175
any,geolife,167/20080509141128/0#0,tight,120,0.7751027598355843
any,geolife,167/20080509141128/0#1,tight,180,0.5631238990017616
any,geolife,167/20080509141128/0#2,loose,600,0.21197886083382267
any,geolife,167/20080509141128/0#3,reversed,600,0.21197886083382267
any,geolife,002/20081109233203/0#0,tight,600,0.5528623001547189
any,geolife,002/20081109233203/0#1,tight,600,0.5528623001547189
any,geolife,002/20081109233203/0#2,loose,600,0.5528623001547189
any,geolife,002/20081109233203/0#3,reversed,600,0.5528623001547189
any,geolife,153/20100719121558/0#0,tight,600,0.3374466065495966
any,geolife,153/20100719121558/0#1,tight,180,0.8514475557664927
any,geolife,153/20100719121558/0#2,loose,600,0.3431419079259611
any,geolife,153/20100719121558/0#3,reversed,60,2.4247745609871854
any,geolife,062/20081106093504/0#0,tight,600,0.2360557768924303
any,geolife,062/20081106093504/0#1,tight,600,0.2360557768924303
any,geolife,062/20081106093504/0#2,loose,120,0.9073705179282868
any,geolife,062/20081106093504/0#3,reversed,600,0.2360557768924303
any,geolife,017/20090607234645/3#0,tight,600,0.11609965853041608
any,geolife,017/20090607234645/3#1,tight,60,1.1410142911344379
any,geolife,017/20090607234645/3#2,loose,600,0.11609965853041608
any,geolife,017/20090607234645/3#3,reversed,600,0.11344378398887062
any,geolife,125/20080820011704/2#0,tight,600,0.4126967018754042
any,geolife,125/20080820011704/2#1,tight,600,0.40278077171804266
any,geolife,125/20080820011704/2#2,loose,600,0.3978228066393619
any,geolife,125/20080820011704/2#3,reversed,600,0.41765466695408493
any,geolife,135/20090103012134/0#0,tight,600,0.2699190054624223
any,geolife,135/20090103012134/0#1,tight,600,0.2699190054624223
any,geolife,135/20090103012134/0#2,loose,600,0.2699190054624223
any,geolife,135/20090103012134/0#3,reversed,600,0.2699190054624223
any,geolife,128/20090319113223/0#0,tight,600,0.2667038898194677
any,geolife,128/20090319113223/0#1,tight,30,7.321980271729015
any,geolife,128/20090319113223/0#2,loose,600,0.2726595942676345
any,geolife,128/20090319113223/0#3,reversed,600,0.27563744649171784
any,geolife,014/20081022004701/1#0,tight,120,1.095919610231425
any,geolife,014/20081022004701/1#1,tight,180,0.7661388550548112
any,geolife,014/20081022004701/1#2,loose,180,0.8038976857490865
any,geolife,014/20081022004701/1#3,reversed,180,0.7661388550548112
any,geolife,052/20080709212205/4#0,tight,600,0.4589248684000638
any,geolife,052/20080709212205/4#1,tight,600,0.4589248684000638
any,geolife,052/20080709212205/4#2,loose,600,0.4589248684000638
any,geolife,052/20080709212205/4#3,reversed,600,0.4589248684000638
any,geolife,128/20070506033305/2#0,tight,60,19.527067669172933
any,geolife,128/20070506033305/2#1,tight,600,2.1902255639097743
any,geolife,128/20070506033305/2#2,loose,600,2.2172932330827066
any,geolife,128/20070506033305/2#3,reversed,180,7.029323308270676
any,geolife,030/20090318024103/3#0,tight,180,0.999302649930265
any,geolife,030/20090318024103/3#1,tight,600,0.49581589958158995
any,geolife,030/20090318024103/3#2,loose,600,0.49581589958158995
any,geolife,030/20090318024103/3#3,reversed,5,43.65760111576011
any,geolife,153/20100226002229/0#0,tight,600,0.2609542356377799
any,geolife,153/20100226002229/0#1,tight,600,0.26630963972736127
any,geolife,153/20100226002229/0#2,loose,300,0.5562317429406037
any,geolife,153/20100226002229/0#3,reversed,600,0.2636319376825706
any,geolife,128/20090919123406/0#0,tight,300,0.7809264305177112
any,geolife,128/20090919123406/0#1,tight,300,0.7809264305177112
any,geolife,128/20090919123406/0#2,loose,300,0.7983651226158038
any,geolife,128/20090919123406/0#3,reversed,600,0.3874659400544959
any,geolife,164/20071205092109/0#0,tight,600,1.8278061224489797
any,geolife,164/20071205092109/0#1,tight,600,1.8482142857142858
any,geolife,164/20071205092109/0#2,loose,600,1.8686224489795917
any,geolife,164/20071205092109/0#3,reversed,600,1.8278061224489797
any,geolife,085/20090331021558/1#0,tight,15,18.371792693288022
any,geolife,085/20090331021558/1#1,tight,120,2.1604078164825826
any,geolife,085/20090331021558/1#2,loose,600,0.36618521665250636
any,geolife,085/20090331021558/1#3,reversed,600,0.3706032285471538
any,geolife,030/20090727224238/1#0,tight,600,0.43486238532110094
any,geolife,030/20090727224238/1#1,tight,300,0.65565749235474
any,geolife,030/20090727224238/1#2,loose,600,0.43486238532110094
any,geolife,030/20090727224238/1#3,reversed,300,0.65565749235474
any,geolife,126/20081006172424/0#0,tight,180,0.4890134529147982
any,geolife,126/20081006172424/0#1,tight,180,0.48318385650224216
any,geolife,126/20081006172424/0#2,loose,120,0.7443946188340808
any,geolife,126/20081006172424/0#3,reversed,600,0.1594170403587444
any,geolife,113/20100528004056/0#0,tight,600,0.3423882286361064
any,geolife,113/20100528004056/0#1,tight,600,0.3423882286361064
any,geolife,113/20100528004056/0#2,loose,600,0.3463497453310696
any,geolife,113/20100528004056/0#3,reversed,600,0.3503112620260328
any,geolife,030/20090321232603/3#0,tight,600,0.49778024417314093
any,geolife,030/20090321232603/3#1,tight,600,0.5094339622641509
any,geolife,030/20090321232603/3#2,loose,600,0.5094339622641509
any,geolife,030/20090321232603/3#3,reversed,300,1.0369034406215316
any,geolife,002/20090210113528/0#0,tight,120,0.8593033913840513
any,geolife,002/20090210113528/0#1,tight,15,13.640421631530705
any,geolife,002/20090210113528/0#2,loose,600,0.19752520623281394
any,geolife,002/20090210113528/0#3,reversed,600,0.20229147571035747
any,geolife,064/20080829093306/2#0,tight,600,0.21954616679240904
any,geolife,064/20080829093306/2#1,tight,600,0.21153734548198017
any,geolife,064/20080829093306/2#2,loose,600,0.20886773837850386
any,geolife,064/20080829093306/2#3,reversed,600,0.21420695258545644
any,geolife,068/20090803220235/3#0,tight,600,0.170818929550602
any,geolife,068/20090803220235/3#1,tight,600,0.17272618905709858
any,geolife,068/20090803220235/3#2,loose,600,0.170818929550602
any,geolife,068/20090803220235/3#3,reversed,600,0.17272618905709858
any,geolife,020/20110914155407/0#0,tight,300,0.2280365879600085
any,geolife,020/20110914155407/0#1,tight,300,0.2280365879600085
any,geolife,020/20110914155407/0#2,loose,600,0.15124441608168473
any,geolife,020/20110914155407/0#3,reversed,60,0.9310784939374601
any,geolife,128/20091213063912/0#0,tight,600,0.228343949044586
any,geolife,128/20091213063912/0#1,tight,600,0.22643312101910829
any,geolife,128/20091213063912/0#2,loose,600,0.2302547770700637
any,geolife,128/20091213063912/0#3,reversed,600,0.22643312101910829
any,geolife,017/20090621094628/1#0,tight,600,0.13052477779130647
any,geolife,017/20090621094628/1#1,tight,300,0.2623888956532327
any,geolife,017/20090621094628/1#2,loose,600,0.13320345793254595
any,geolife,017/20090621094628/1#3,reversed,600,0.13186411786192623
any,geolife,025/20090506120456/0#0,tight,600,0.27548864236661386
any,geolife,025/20090506120456/0#1,tight,600,0.2691494981510829
any,geolife,025/20090506120456/0#2,loose,600,0.2596407818277866
any,geolife,025/20090506120456/0#3,reversed,300,0.507571755590773
any,geolife,026/20090408040922/1#0,tight,600,0.31947999461134313
any,geolife,026/20090408040922/1#1,tight,600,0.3153711437424222
any,geolife,026/20090408040922/1#2,loose,600,0.32358884548026406
any,geolife,026/20090408040922/1#3,reversed,600,0.34413309982486867
any,geolife,035/20090302214736/6#0,tight,600,0.4012790855898762
any,geolife,035/20090302214736/6#1,tight,600,0.3914818342631651
any,geolife,035/20090302214736/6#2,loose,600,0.3963804599265206
any,geolife,035/20090302214736/6#3,reversed,600,0.3914818342631651
any,geolife,091/20071203222613/0#0,tight,180,1.365296803652968
any,geolife,091/20071203222613/0#1,tight,600,0.545662100456621
any,geolife,091/20071203222613/0#2,loose,180,1.3812785388127853
any,geolife,091/20071203222613/0#3,reversed,600,0.541095890410959
any,geolife,009/20081210002334/2#0,tight,600,0.32905787143075277
any,geolife,009/20081210002334/2#1,tight,600,0.33302794319743473
any,geolife,009/20081210002334/2#2,loose,600,0.32905787143075277
any,geolife,009/20081210002334/2#3,reversed,600,0.32905787143075277
any,geolife,128/20080920061639/0#0,tight,600,0.43034925732637497
any,geolife,128/20080920061639/0#1,tight,60,3.2264150943396226
any,geolife,128/20080920061639/0#2,loose,300,0.7201926936973103
any,geolife,128/20080920061639/0#3,reversed,600,0.43034925732637497
any,geolife,085/20081128081513/1#0,tight,300,0.3354192740926158
any,geolife,085/20081128081513/1#1,tight,180,0.4483729662077597
any,geolife,085/20081128081513/1#2,loose,600,0.22434292866082603
any,geolife,085/20081128081513/1#3,reversed,300,0.3354192740926158
any,geolife,085/20080530084605/9#0,tight,600,0.22581618793701896
any,geolife,085/20080530084605/9#1,tight,600,0.22018210171537803
any,geolife,085/20080530084605/9#2,loose,600,0.22018210171537803
any,geolife,085/20080530084605/9#3,reversed,600,0.22581618793701896
any,geolife,088/20080926104408/0#0,tight,300,0.3896611642050391
any,geolife,088/20080926104408/0#1,tight,300,0.3896611642050391
any,geolife,088/20080926104408/0#2,loose,300,0.3942224152910513
any,geolife,088/20080926104408/0#3,reversed,120,0.8601216333622936
any,geolife,030/20090321232603/5#0,tight,300,0.40059790732436473
any,geolife,030/20090321232603/5#1,tight,300,0.40059790732436473
any,geolife,030/20090321232603/5#2,loose,600,0.2701793721973094
any,geolife,030/20090321232603/5#3,reversed,600,0.265695067264574
any,geolife,004/20090425024714/5#0,tight,600,0.462153267512929
any,geolife,004/20090425024714/5#1,tight,600,0.45651151857075695
any,geolife,004/20090425024714/5#2,loose,600,0.45651151857075695
any,geolife,004/20090425024714/5#3,reversed,600,0.4790785143394452
any,geolife,128/20100519115733/0#0,tight,600,0.4182598517362466
any,geolife,128/20100519115733/0#1,tight,180,1.4580569644947328
any,geolife,128/20100519115733/0#2,loose,600,0.42684354272337105
any,geolife,128/20100519115733/0#3,reversed,600,0.4182598517362466
any,geolife,128/20090113131249/0#0,tight,600,0.23795180722891565
any,geolife,128/20090113131249/0#1,tight,600,0.23795180722891565
any,geolife,128/20090113131249/0#2,loose,600,0.23795180722891565
any,geolife,128/20090113131249/0#3,reversed,600,0.23795180722891565
any,geolife,068/20090331064324/1#0,tight,600,0.16473586654309547
any,geolife,068/20090331064324/1#1,tight,300,0.33572752548656165
any,geolife,068/20090331064324/1#2,loose,180,0.5173772011121409
any,geolife,068/20090331064324/1#3,reversed,60,1.3533364226135312
any,geolife,104/20080913091937/4#0,tight,300,1.6295585412667946
any,geolife,104/20080913091937/4#1,tight,600,0.9373000639795266
any,geolife,104/20080913091937/4#2,loose,600,0.9168266154830454
any,geolife,104/20080913091937/4#3,reversed,600,0.9168266154830454
any,geolife,004/20090226005456/0#0,tight,120,2.148670645686381
any,geolife,004/20090226005456/0#1,tight,600,0.5876288659793815
any,geolife,004/20090226005456/0#2,loose,600,0.5816603364080304
any,geolife,004/20090226005456/0#3,reversed,600,0.5935973955507325
any,geolife,167/20080601042504/3#0,tight,600,0.14531355360755227
any,geolife,167/20080601042504/3#1,tight,600,0.14706675657451113
any,geolife,167/20080601042504/3#2,loose,300,0.2842211732973702
any,geolife,167/20080601042504/3#3,reversed,600,0.14531355360755227
any,geolife,036/20090424112604/0#0,tight,600,0.2348301947529374
any,geolife,036/20090424112604/0#1,tight,600,0.24985245989591717
any,geolife,036/20090424112604/0#2,loose,600,0.23182574172434142
any,geolife,036/20090424112604/0#3,reversed,600,0.23182574172434142
any,geolife,126/20081217012730/0#0,tight,300,0.33626097867001253
any,geolife,126/20081217012730/0#1,tight,600,0.22302383939774154
any,geolife,126/20081217012730/0#2,loose,300,0.34316185696361357
any,geolife,126/20081217012730/0#3,reversed,600,0.22302383939774154
any,geolife,084/20081105235106/2#0,tight,600,0.5580631025416302
any,geolife,084/20081105235106/2#1,tight,600,0.551270815074496
any,geolife,084/20081105235106/2#2,loose,600,0.551270815074496
any,geolife,084/20081105235106/2#3,reversed,600,0.551270815074496
any,geolife,037/20090302061126/0#0,tight,600,0.31601197815747756
any,geolife,037/20090302061126/0#1,tight,300,0.633961599436322
any,geolife,037/20090302061126/0#2,loose,600,0.31971111502554167
any,geolife,037/20090302061126/0#3,reversed,600,0.31601197815747756
any,geolife,038/20090301020618/0#0,tight,600,0.3607305936073059
any,geolife,038/20090301020618/0#1,tight,300,0.5438863521055302
any,geolife,038/20090301020618/0#2,loose,600,0.3607305936073059
any,geolife,038/20090301020618/0#3,reversed,600,0.3607305936073059
any,geolife,138/20070621110544/1#0,tight,300,1.488888888888889
any,geolife,138/20070621110544/1#1,tight,600,0.9875
any,geolife,138/20070621110544/1#2,loose,600,1.0041666666666667
any,geolife,138/20070621110544/1#3,reversed,180,2.55
any,geolife,017/20081114012618/2#0,tight,180,1.9649507119386638
any,geolife,017/20081114012618/2#1,tight,600,0.778751369112815
any,geolife,017/20081114012618/2#2,loose,600,0.778751369112815
any,geolife,017/20081114012618/2#3,reversed,600,0.7853231106243155
any,geolife,003/20090403011657/24#0,tight,600,0.39075279586045736
any,geolife,003/20090403011657/24#1,tight,600,0.39075279586045736
any,geolife,003/20090403011657/24#2,loose,600,0.40093473543648805
any,geolife,003/20090403011657/24#3,reversed,600,0.4212986145885495
any,geolife,153/20091221110434/0#0,tight,180,0.9188311688311688
any,geolife,153/20091221110434/0#1,tight,0,nan
any,geolife,153/20091221110434/0#2,loose,600,0.38672438672438675
any,geolife,153/20091221110434/0#3,reversed,180,0.9076479076479076
any,geolife,014/20081225101609/1#0,tight,300,0.23038899634644316
any,geolife,014/20081225101609/1#1,tight,600,0.1528046421663443
any,geolife,014/20081225101609/1#2,loose,600,0.15538362346872986
any,geolife,014/20081225101609/1#3,reversed,600,0.1528046421663443
any,geolife,153/20111121082852/0#0,tight,600,0.14530962599632127
any,geolife,153/20111121082852/0#1,tight,300,0.296137339055794
any,geolife,153/20111121082852/0#2,loose,600,0.14530962599632127
any,geolife,153/20111121082852/0#3,reversed,600,0.14530962599632127
any,geolife,167/20081102202136/0#0,tight,120,0.6586387434554973
any,geolife,167/20081102202136/0#1,tight,300,0.2806282722513089
any,geolife,167/20081102202136/0#2,loose,600,0.1892670157068063
any,geolife,167/20081102202136/0#3,reversed,180,0.46963350785340313
any,geolife,163/20120519131855/0#0,tight,600,0.28691476590636256
any,geolife,163/20120519131855/0#1,tight,600,0.2845138055222089
any,geolife,163/20120519131855/0#2,loose,180,1.0192076830732293
any,geolife,163/20120519131855/0#3,reversed,180,1.0068027210884354
any,geolife,125/20080820011704/0#0,tight,600,0.458839590443686
any,geolife,125/20080820011704/0#1,tight,600,0.44764505119453923
any,geolife,125/20080820011704/0#2,loose,600,0.44764505119453923
any,geolife,125/20080820011704/0#3,reversed,600,0.4420477815699659
any,geolife,062/20080921063840/0#0,tight,600,0.22997601918465227
any,geolife,062/20080921063840/0#1,tight,15,11.323741007194245
any,geolife,062/20080921063840/0#2,loose,600,0.2357314148681055
any,geolife,062/20080921063840/0#3,reversed,600,0.24148681055155874
any,geolife,128/20091025070841/0#0,tight,600,0.4638284250960307
any,geolife,128/20091025070841/0#1,tight,60,4.273687580025608
any,geolife,128/20091025070841/0#2,loose,300,0.8549935979513444
any,geolife,128/20091025070841/0#3,reversed,600,0.46895006402048656
any,geolife,008/20081115071905/0#0,tight,600,0.19198222974402368
any,geolife,008/20081115071905/0#1,tight,600,0.19420351174106198
any,geolife,008/20081115071905/0#2,loose,60,1.8416543262111276
any,geolife,008/20081115071905/0#3,reversed,600,0.1897609477469854
any,geolife,030/20090720002006/4#0,tight,600,0.3898258977149075
any,geolife,030/20090720002006/4#1,tight,600,0.3898258977149075
any,geolife,030/20090720002006/4#2,loose,600,0.3941784548422198
any,geolife,030/20090720002006/4#3,reversed,600,0.3941784548422198
any,geolife,030/20090318024103/6#0,tight,180,0.5564516129032258
any,geolife,030/20090318024103/6#1,tight,180,0.5503072196620584
any,geolife,030/20090318024103/6#2,loose,180,0.6056067588325653
any,geolife,030/20090318024103/6#3,reversed,10,9.766129032258064
any,geolife,017/20090621094628/5#0,tight,600,0.15617589997844364
any,geolife,017/20090621094628/5#1,tight,300,0.31008838111661996
any,geolife,017/20090621094628/5#2,loose,600,0.15617589997844364
any,geolife,017/20090621094628/5#3,reversed,600,0.15445139038585903
any,geolife,167/20080715035234/0#0,tight,300,0.24995639281353568
any,geolife,167/20080715035234/0#1,tight,300,0.24995639281353568
any,geolife,167/20080715035234/0#2,loose,600,0.1261119832548404
any,geolife,167/20080715035234/0#3,reversed,600,0.12401883830455258
any,geolife,007/20081120012329/1#0,tight,300,0.8361934477379095
any,geolife,007/20081120012329/1#1,tight,180,1.1177847113884556
any,geolife,007/20081120012329/1#2,loose,180,1.155226209048362
any,geolife,007/20081120012329/1#3,reversed,120,1.7012480499219969
any,geolife,128/20090112133526/0#0,tight,600,0.3812233285917496
any,geolife,128/20090112133526/0#1,tight,600,0.3812233285917496
any,geolife,128/20090112133526/0#2,loose,600,0.3890469416785206
any,geolife,128/20090112133526/0#3,reversed,600,0.38513513513513514
any,geolife,052/20081001224837/4#0,tight,600,0.32993039443155453
any,geolife,052/20081001224837/4#1,tight,600,0.32993039443155453
any,geolife,052/20081001224837/4#2,loose,600,0.32993039443155453
any,geolife,052/20081001224837/4#3,reversed,600,0.33271461716937356
any,geolife,001/20081028233053/0#0,tight,180,0.7813664596273292
any,geolife,001/20081028233053/0#1,tight,300,0.44503105590062114
any,geolife,001/20081028233053/0#2,loose,600,0.22080745341614907
any,geolife,001/20081028233053/0#3,reversed,600,0.22080745341614907
any,geolife,030/20090425005728/4#0,tight,600,0.12483544158891878
any,geolife,030/20090425005728/4#1,tight,600,0.12781180241543127
any,geolife,030/20090425005728/4#2,loose,300,0.2412569400721195
any,geolife,030/20090425005728/4#3,reversed,600,0.12632362200217503
any,geolife,085/20080530084605/5#0,tight,600,0.27323002477101216
any,geolife,085/20080530084605/5#1,tight,600,0.2697159974652918
any,geolife,085/20080530084605/5#2,loose,600,0.2697159974652918
any,geolife,085/20080530084605/5#3,reversed,600,0.28377210668817326
any,geolife,128/20090822082711/0#0,tight,600,0.409606656580938
any,geolife,128/20090822082711/0#1,tight,300,0.8150529500756429
any,geolife,128/20090822082711/0#2,loose,300,0.8248865355521936
any,geolife,128/20090822082711/0#3,reversed,600,0.409606656580938
any,geolife,009/20081210002334/3#0,tight,600,0.48697068403908794
any,geolife,009/20081210002334/3#1,tight,600,0.498371335504886
any,geolife,009/20081210002334/3#2,loose,600,0.48697068403908794
any,geolife,009/20081210002334/3#3,reversed,600,0.48697068403908794
any,geolife,044/20090314051102/1#0,tight,600,0.42046126552335894
any,geolife,044/20090314051102/1#1,tight,600,0.42046126552335894
any,geolife,044/20090314051102/1#2,loose,600,0.42046126552335894
any,geolife,044/20090314051102/1#3,reversed,600,0.42046126552335894
any,geolife,126/20081125014100/2#0,tight,180,0.5231053604436229
any,geolife,126/20081125014100/2#1,tight,300,0.29431094680632575
any,geolife,126/20081125014100/2#2,loose,180,0.5231053604436229
any,geolife,126/20081125014100/2#3,reversed,600,0.1472581638940234
any,geolife,128/20100315013530/0#0,tight,600,0.48838268792710704
any,geolife,128/20100315013530/0#1,tight,30,10.908428246013667
any,geolife,128/20100315013530/0#2,loose,300,0.8364464692482916
any,geolife,128/20100315013530/0#3,reversed,600,0.49339407744874714
any,geolife,153/20100603011252/0#0,tight,300,0.6233144845585037
any,geolife,153/20100603011252/0#1,tight,600,0.3092648977816442
any,geolife,153/20100603011252/0#2,loose,300,0.6372335798173119
any,geolife,153/20100603011252/0#3,reversed,600,0.3092648977816442
any,geolife,004/20090430030803/3#0,tight,600,0.3874331550802139
any,geolife,004/20090430030803/3#1,tight,300,0.7692513368983958
any,geolife,004/20090430030803/3#2,loose,120,2.0302139037433156
any,geolife,004/20090430030803/3#3,reversed,600,0.3917112299465241
any,geolife,003/20090309004221/9#0,tight,600,0.42598097502972654
any,geolife,003/20090309004221/9#1,tight,600,0.42598097502972654
any,geolife,003/20090309004221/9#2,loose,600,0.4354934601664685
any,geolife,003/20090309004221/9#3,reversed,600,0.4307372175980975
any,geolife,038/20090222233410/0#0,tight,600,0.3144599303135889
any,geolife,038/20090222233410/0#1,tight,600,0.31126596980255516
any,geolife,038/20090222233410/0#2,loose,600,0.31126596980255516
any,geolife,038/20090222233410/0#3,reversed,600,0.31126596980255516
any,geolife,153/20090617003304/1#0,tight,600,0.24788177339901477
any,geolife,153/20090617003304/1#1,tight,180,0.7813793103448275
any,geolife,153/20090617003304/1#2,loose,600,0.250935960591133
any,geolife,153/20090617003304/1#3,reversed,600,0.250935960591133
any,geolife,153/20120525142903/3#0,tight,600,0.125773925349372
any,geolife,153/20120525142903/3#1,tight,600,0.125773925349372
any,geolife,153/20120525142903/3#2,loose,300,0.19936316999823103
any,geolife,153/20120525142903/3#3,reversed,600,0.125773925349372
any,geolife,013/20081016090430/1#0,tight,600,0.3560218073682471
any,geolife,013/20081016090430/1#1,tight,600,0.3560218073682471
any,geolife,013/20081016090430/1#2,loose,600,0.36461258879894265
any,geolife,013/20081016090430/1#3,reversed,600,0.3603171980835949
any,geolife,092/20080420083102/0#0,tight,600,1.5078043704474506
any,geolife,092/20080420083102/0#1,tight,600,1.4911550468262227
any,geolife,092/20080420083102/0#2,loose,600,1.4911550468262227
any,geolife,092/20080420083102/0#3,reversed,600,1.4911550468262227
any,geolife,003/20090521231053/0#0,tight,600,0.4547020323802963
any,geolife,003/20090521231053/0#1,tight,180,1.5280744057871167
any,geolife,003/20090521231053/0#2,loose,600,0.4547020323802963
any,geolife,003/20090521231053/0#3,reversed,600,0.4664140544264554
any,geolife,062/20071210011856/0#0,tight,600,1.2167990919409761
any,geolife,062/20071210011856/0#1,tight,120,5.314415437003405
any,geolife,062/20071210011856/0#2,loose,600,1.2167990919409761
any,geolife,062/20071210011856/0#3,reversed,600,1.2292849035187288
any,geolife,167/20080519003252/0#0,tight,600,0.248868778280543
any,geolife,167/20080519003252/0#1,tight,600,0.24598930481283424
any,geolife,167/20080519003252/0#2,loose,600,0.248868778280543
any,geolife,167/20080519003252/0#3,reversed,600,0.2517482517482518
any,geolife,096/20080712050223/0#0,tight,600,0.23365400293494212
any,geolife,096/20080712050223/0#1,tight,600,0.23887167780857654
any,geolife,096/20080712050223/0#2,loose,600,0.23887167780857654
any,geolife,096/20080712050223/0#3,reversed,600,0.24148051524539377
any,geolife,064/20080824001306/2#0,tight,120,0.6781150159744409
any,geolife,064/20080824001306/2#1,tight,600,0.18929712460063897
any,geolife,064/20080824001306/2#2,loose,600,0.19089456869009586
any,geolife,064/20080824001306/2#3,reversed,600,0.18929712460063897
any,geolife,062/20080821110711/0#0,tight,600,0.2809162668317598
any,geolife,062/20080821110711/0#1,tight,120,1.227518959913326
any,geolife,062/20080821110711/0#2,loose,300,0.5011608110199659
any,geolife,062/20080821110711/0#3,reversed,600,0.2809162668317598
any,geolife,165/20111113010804/0#0,tight,600,0.17229770349885776
any,geolife,165/20111113010804/0#1,tight,600,0.17229770349885776
any,geolife,165/20111113010804/0#2,loose,600,0.17614524467957196
any,geolife,165/20111113010804/0#3,reversed,600,0.17229770349885776
any,geolife,153/20100604110352/1#0,tight,600,0.2064571757041579
any,geolife,153/20100604110352/1#1,tight,600,0.2064571757041579
any,geolife,153/20100604110352/1#2,loose,600,0.20894807434374402
any,geolife,153/20100604110352/1#3,reversed,600,0.20894807434374402
any,geolife,014/20081029010131/2#0,tight,600,0.3246985261277356
any,geolife,014/20081029010131/2#1,tight,600,0.32856930177162424
any,geolife,014/20081029010131/2#2,loose,600,0.32082775048384693
any,geolife,014/20081029010131/2#3,reversed,600,0.32082775048384693
any,geolife,163/20120628200614/0#0,tight,120,2.2288027268853856
any,geolife,163/20120628200614/0#1,tight,0,nan
any,geolife,163/20120628200614/0#2,loose,600,0.4661269706007669
any,geolife,163/20120628200614/0#3,reversed,600,0.4614401363442693
any,geolife,000/20081117155223/0#0,tight,600,0.35124508519003933
any,geolife,000/20081117155223/0#1,tight,600,0.35124508519003933
any,geolife,000/20081117155223/0#2,loose,600,0.35124508519003933
any,geolife,000/20081117155223/0#3,reversed,600,0.3548492791612058
any,geolife,037/20090403060745/0#0,tight,600,0.3066634630786481
any,geolife,037/20090403060745/0#1,tight,600,0.28824283197180844
any,geolife,037/20090403060745/0#2,loose,600,0.2919269581931764
any,geolife,037/20090403060745/0#3,reversed,600,0.28824283197180844
any,geolife,095/20110503004033/0#0,tight,600,0.0798696922039991
any,geolife,095/20110503004033/0#1,tight,300,0.1609750617838688
any,geolife,095/20110503004033/0#2,loose,300,0.1609750617838688
any,geolife,095/20110503004033/0#3,reversed,600,0.08121770388676702
any,geolife,068/20090825064227/2#0,tight,30,3.662497594766211
any,geolife,068/20090825064227/2#1,tight,600,0.13680969790263614
any,geolife,068/20090825064227/2#2,loose,600,0.13796421012122378
any,geolife,068/20090825064227/2#3,reversed,600,0.13680969790263614
any,geolife,168/20110817223957/0#0,tight,600,0.11663066954643629
any,geolife,168/20110817223957/0#1,tight,600,0.11663066954643629
any,geolife,168/20110817223957/0#2,loose,180,0.3710456104688096
any,geolife,168/20110817223957/0#3,reversed,600,0.11663066954643629
any,geolife,126/20081208093835/3#0,tight,180,0.48932788374205266
any,geolife,126/20081208093835/3#1,tight,300,0.325386012715713
any,geolife,126/20081208093835/3#2,loose,600,0.16280653950953677
any,geolife,126/20081208093835/3#3,reversed,600,0.1614441416893733
any,geolife,002/20081120001650/2#0,tight,600,0.33389168062534896
any,geolife,002/20081120001650/2#1,tight,600,0.34952540480178673
any,geolife,002/20081120001650/2#2,loose,600,0.3378001116694584
any,geolife,002/20081120001650/2#3,reversed,600,0.3378001116694584
any,geolife,015/20081120094704/0#0,tight,600,0.5284932603763512
any,geolife,015/20081120094704/0#1,tight,600,0.5284932603763512
any,geolife,015/20081120094704/0#2,loose,600,0.5284932603763512
any,geolife,015/20081120094704/0#3,reversed,600,0.5352996129721073
any,geolife,153/20110802232228/0#0,tight,60,2.05765407554672
any,geolife,153/20110802232228/0#1,tight,600,0.2827037773359841
any,geolife,153/20110802232228/0#2,loose,600,0.28508946322067596
any,geolife,153/20110802232228/0#3,reversed,600,0.2827037773359841
any,geolife,002/20081104111530/1#0,tight,600,0.43882399524846566
any,geolife,002/20081104111530/1#1,tight,600,0.42773708176598696
any,geolife,002/20081104111530/1#2,loose,600,0.4332805385072263
any,geolife,002/20081104111530/1#3,reversed,600,0.42773708176598696
any,geolife,013/20081016090430/2#0,tight,600,0.247460757156048
any,geolife,013/20081016090430/2#1,tight,600,0.25253924284395196
any,geolife,013/20081016090430/2#2,loose,600,0.25253924284395196
any,geolife,013/20081016090430/2#3,reversed,600,0.247460757156048
any,geolife,153/20091206075734/0#0,tight,5,110.98218742909009
any,geolife,153/20091206075734/0#1,tight,600,0.24449739051508962
any,geolife,153/20091206075734/0#2,loose,60,2.3311776718856363
any,geolife,153/20091206075734/0#3,reversed,600,0.2503970955298389
any,geolife,003/20090403011657/7#0,tight,600,0.3147410358565737
any,geolife,003/20090403011657/7#1,tight,600,0.3147410358565737
any,geolife,003/20090403011657/7#2,loose,600,0.3200531208499336
any,geolife,003/20090403011657/7#3,reversed,600,0.3147410358565737
any,geolife,163/20120617115901/1#0,tight,600,0.5039756782039289
any,geolife,163/20120617115901/1#1,tight,600,0.5039756782039289
any,geolife,163/20120617115901/1#2,loose,600,0.5039756782039289
any,geolife,163/20120617115901/1#3,reversed,600,0.5222170252572498
any,geolife,017/20090513094309/0#0,tight,600,0.47314911366006257
any,geolife,017/20090513094309/0#1,tight,600,0.467674661105318
any,geolife,017/20090513094309/0#2,loose,600,0.467674661105318
any,geolife,017/20090513094309/0#3,reversed,600,0.467674661105318
any,geolife,014/20090222233635/2#0,tight,120,0.4703682931389045
any,geolife,014/20090222233635/2#1,tight,15,4.288839035333707
any,geolife,014/20090222233635/2#2,loose,180,0.3393157599551318
any,geolife,014/20090222233635/2#3,reversed,600,0.13292204150308468
any,geolife,167/20080715035234/1#0,tight,600,0.10472823685373397
any,geolife,167/20080715035234/1#1,tight,600,0.10472823685373397
any,geolife,167/20080715035234/1#2,loose,600,0.10561201944321696
any,geolife,167/20080715035234/1#3,reversed,600,0.10472823685373397
any,geolife,085/20090324224221/0#0,tight,60,3.6667362706201714
any,geolife,085/20090324224221/0#1,tight,10,25.309876801002297
any,geolife,085/20090324224221/0#2,loose,600,0.3833785759031113
any,geolife,085/20090324224221/0#3,reversed,600,0.3833785759031113
any,geolife,141/20111010001933/0#0,tight,600,0.14518743667679837
any,geolife,141/20111010001933/0#1,tight,600,0.14518743667679837
any,geolife,141/20111010001933/0#2,loose,600,0.14680851063829786
any,geolife,141/20111010001933/0#3,reversed,15,7.175379939209726
any,geolife,003/20090618005931/0#0,tight,300,0.6256499133448874
any,geolife,003/20090618005931/0#1,tight,300,0.6192952050837666
any,geolife,003/20090618005931/0#2,loose,300,0.6256499133448874
any,geolife,003/20090618005931/0#3,reversed,30,5.487001733102253
any,geolife,153/20101221103634/0#0,tight,600,0.265695067264574
any,geolife,153/20101221103634/0#1,tight,600,0.2679372197309417
any,geolife,153/20101221103634/0#2,loose,600,0.2679372197309417
any,geolife,153/20101221103634/0#3,reversed,600,0.265695067264574
any,geolife,005/20081113070907/0#0,tight,600,0.526064610866373
any,geolife,005/20081113070907/0#1,tight,600,0.526064610866373
any,geolife,005/20081113070907/0#2,loose,600,0.526064610866373
any,geolife,005/20081113070907/0#3,reversed,600,0.5378120411160059
any,geolife,104/20071208220938/0#0,tight,600,0.7947864669994453
any,geolife,104/20071208220938/0#1,tight,300,1.6156405990016638
any,geolife,104/20071208220938/0#2,loose,300,1.5956738768718801
any,geolife,104/20071208220938/0#3,reversed,600,0.8036605657237936
any,geolife,003/20081226041731/3#0,tight,600,0.43234285714285714
any,geolife,003/20081226041731/3#1,tight,600,0.42182857142857144
any,geolife,003/20081226041731/3#2,loose,600,0.4113142857142857
any,geolife,003/20081226041731/3#3,reversed,600,0.42182857142857144
any,geolife,128/20080503104410/0#0,tight,600,0.5727969348659003
any,geolife,128/20080503104410/0#1,tight,600,0.5862068965517241
any,geolife,128/20080503104410/0#2,loose,600,0.5795019157088123
any,geolife,128/20080503104410/0#3,reversed,600,0.5727969348659003
any,geolife,009/20081210002334/4#0,tight,600,0.2967884828349945
any,geolife,009/20081210002334/4#1,tight,600,0.2967884828349945
any,geolife,009/20081210002334/4#2,loose,600,0.3028792912513843
any,geolife,009/20081210002334/4#3,reversed,600,0.2967884828349945
any,geolife,153/20091202234822/0#0,tight,600,0.39260077305356156
any,geolife,153/20091202234822/0#1,tight,600,0.39260077305356156
any,geolife,153/20091202234822/0#2,loose,600,0.3992269464384318
any,geolife,153/20091202234822/0#3,reversed,600,0.39260077305356156
any,geolife,085/20090627014225/0#0,tight,600,0.4920091324200913
any,geolife,085/20090627014225/0#1,tight,300,0.9865296803652968
any,geolife,085/20090627014225/0#2,loose,300,1.0121004566210046
any,geolife,085/20090627014225/0#3,reversed,600,0.5098173515981735
any,geolife,062/20080807055704/0#0,tight,600,0.3
any,geolife,062/20080807055704/0#1,tight,600,0.2962139917695473
any,geolife,062/20080807055704/0#2,loose,600,0.30378600823045265
any,geolife,062/20080807055704/0#3,reversed,600,0.3075720164609054
any,geolife,068/20090803220235/4#0,tight,600,0.2697268588770865
any,geolife,068/20090803220235/4#1,tight,300,0.40667678300455234
any,geolife,068/20090803220235/4#2,loose,180,0.5679059180576631
any,geolife,068/20090803220235/4#3,reversed,300,0.41084977238239756
any,geolife,174/20080630003333/5#0,tight,600,0.8876404494382022
any,geolife,174/20080630003333/5#1,tight,300,1.3383270911360798
any,geolife,174/20080630003333/5#2,loose,600,0.8951310861423221
any,geolife,174/20080630003333/5#3,reversed,600,0.8876404494382022
any,geolife,006/20081121095600/0#0,tight,600,0.3825925270054896
any,geolife,006/20081121095600/0#1,tight,180,1.5031875332034708
any,geolife,006/20081121095600/0#2,loose,600,0.39250929697184345
any,geolife,006/20081121095600/0#3,reversed,600,0.39746768195502036
any,geolife,125/20080621064053/0#0,tight,180,0.5987513007284079
any,geolife,125/20080621064053/0#1,tight,600,0.2231009365244537
any,geolife,125/20080621064053/0#2,loose,600,0.2231009365244537
any,geolife,125/20080621064053/0#3,reversed,600,0.2231009365244537
any,geolife,004/20090406060503/0#0,tight,180,1.0682754561506769
any,geolife,004/20090406060503/0#1,tight,180,1.0559152442613302
any,geolife,004/20090406060503/0#2,loose,180,1.0929958799293702
any,geolife,004/20090406060503/0#3,reversed,600,0.418481459682166
any,geolife,140/20090330031134/0#0,tight,600,0.2360557768924303
any,geolife,140/20090330031134/0#1,tight,600,0.2360557768924303
any,geolife,140/20090330031134/0#2,loose,600,0.2400398406374502
any,geolife,140/20090330031134/0#3,reversed,600,0.2360557768924303
any,geolife,017/20090621094628/4#0,tight,60,1.9625713844729125
any,geolife,017/20090621094628/4#1,tight,5,25.74911251736379
any,geolife,017/20090621094628/4#2,loose,600,0.1989504553171786
any,geolife,017/20090621094628/4#3,reversed,600,0.19416576632196328
any,geolife,128/20100822042610/0#0,tight,600,0.450060376056581
any,geolife,128/20100822042610/0#1,tight,600,0.4340175953079179
any,geolife,128/20100822042610/0#2,loose,600,0.4393651888908056
any,geolife,128/20100822042610/0#3,reversed,300,0.8813179230636536
any,geolife,163/20101227001934/0#0,tight,180,0.39930169814315186
any,geolife,163/20101227001934/0#1,tight,600,0.11283923186795747
any,geolife,163/20101227001934/0#2,loose,600,0.11283923186795747
any,geolife,163/20101227001934/0#3,reversed,600,0.11283923186795747
any,geolife,025/20090322070733/0#0,tight,300,0.47634836427939875
any,geolife,025/20090322070733/0#1,tight,600,0.24182139699381078
any,geolife,025/20090322070733/0#2,loose,300,0.5050839964633068
any,geolife,025/20090322070733/0#3,reversed,600,0.24182139699381078
any,geolife,068/20090315064358/2#0,tight,300,0.33290035257005013
any,geolife,068/20090315064358/2#1,tight,300,0.33290035257005013
any,geolife,068/20090315064358/2#2,loose,600,0.20300612358508072
any,geolife,068/20090315064358/2#3,reversed,600,0.1989237335312674
any,geolife,088/20081011042923/0#0,tight,600,0.2509267840593142
any,geolife,088/20081011042923/0#1,tight,600,0.24837812789620017
any,geolife,088/20081011042923/0#2,loose,600,0.24837812789620017
any,geolife,088/20081011042923/0#3,reversed,300,0.49930491195551435
any,geolife,017/20090321050356/0#0,tight,600,0.1792415563894924
any,geolife,017/20090321050356/0#1,tight,600,0.18546316413193759
any,geolife,017/20090321050356/0#2,loose,600,0.18131542563697411
any,geolife,017/20090321050356/0#3,reversed,600,0.17716768714201067
any,geolife,112/20080513163815/0#0,tight,600,0.19253490870032222
any,geolife,112/20080513163815/0#1,tight,300,0.3848012889366273
any,geolife,112/20080513163815/0#2,loose,600,0.1909237379162191
any,geolife,112/20080513163815/0#3,reversed,600,0.1909237379162191
any,geolife,014/20081029010131/0#0,tight,120,1.0345655304848775
any,geolife,014/20081029010131/0#1,tight,300,0.5199231877100337
any,geolife,014/20081029010131/0#2,loose,600,0.3470955352856457
any,geolife,014/20081029010131/0#3,reversed,60,2.101296207393183
any,geolife,003/20081207041403/2#0,tight,600,0.48254281949934125
any,geolife,003/20081207041403/2#1,tight,600,0.4772727272727273
any,geolife,003/20081207041403/2#2,loose,600,0.4720026350461133
any,geolife,003/20081207041403/2#3,reversed,600,0.4720026350461133
any,geolife,062/20081106020014/0#0,tight,600,0.2086774456205653
any,geolife,062/20081106020014/0#1,tight,600,0.2086774456205653
any,geolife,062/20081106020014/0#2,loose,600,0.2086774456205653
any,geolife,062/20081106020014/0#3,reversed,300,0.3766430150052344
any,geolife,037/20090319032436/0#0,tight,600,0.4083990980834273
any,geolife,037/20090319032436/0#1,tight,600,0.4083990980834273
any,geolife,037/20090319032436/0#2,loose,180,1.173618940248027
any,geolife,037/20090319032436/0#3,reversed,600,0.4038895152198422
any,geolife,114/20100526120934/0#0,tight,300,0.6770721205597416
any,geolife,114/20100526120934/0#1,tight,600,0.3856297093649085
any,geolife,114/20100526120934/0#2,loose,600,0.3856297093649085
any,geolife,114/20100526120934/0#3,reversed,600,0.38993541442411195
any,geolife,153/20100219023328/0#0,tight,120,0.5998687616200649
any,geolife,153/20100219023328/0#1,tight,600,0.11953629105756261
any,geolife,153/20100219023328/0#2,loose,180,0.41569756844446065
any,geolife,153/20100219023328/0#3,reversed,600,0.11804163173052386
any,geolife,153/20120525142903/2#0,tight,0,nan
any,geolife,153/20120525142903/2#1,tight,600,0.22429175144780092
any,geolife,153/20120525142903/2#2,loose,600,0.22679605572077008
any,geolife,153/20120525142903/2#3,reversed,600,0.2318046642667084
any,geolife,017/20081031091917/0#0,tight,180,0.8866374589266156
any,geolife,017/20081031091917/0#1,tight,300,0.49698795180722893
any,geolife,017/20081031091917/0#2,loose,600,0.29353778751369114
any,geolife,017/20081031091917/0#3,reversed,600,0.29353778751369114
any,geolife,112/20080607012712/0#0,tight,300,0.35496688741721855
any,geolife,112/20080607012712/0#1,tight,300,0.35496688741721855
any,geolife,112/20080607012712/0#2,loose,300,0.35496688741721855
any,geolife,112/20080607012712/0#3,reversed,600,0.23543046357615893
any,geolife,074/20120213120529/0#0,tight,300,0.2422687373396354
any,geolife,074/20120213120529/0#1,tight,300,0.2422687373396354
any,geolife,074/20120213120529/0#2,loose,120,0.562322754895341
any,geolife,074/20120213120529/0#3,reversed,600,0.14476704929101958
any,geolife,091/20080109222750/0#0,tight,600,0.9162371134020618
any,geolife,091/20080109222750/0#1,tight,300,1.8466494845360826
any,geolife,091/20080109222750/0#2,loose,300,1.8466494845360826
any,geolife,091/20080109222750/0#3,reversed,600,0.9239690721649485
any,geolife,153/20100907235334/0#0,tight,30,5.1267270128632685
any,geolife,153/20100907235334/0#1,tight,180,0.8546927108146737
any,geolife,153/20100907235334/0#2,loose,180,0.8646974749880896
any,geolife,153/20100907235334/0#3,reversed,60,2.2596474511672224
any,geolife,128/20091214121436/0#0,tight,300,0.5997498436522827
any,geolife,128/20091214121436/0#1,tight,300,0.5997498436522827
any,geolife,128/20091214121436/0#2,loose,600,0.30206378986866794
any,geolife,128/20091214121436/0#3,reversed,300,0.5997498436522827
any,geolife,138/20070526060023/0#0,tight,600,1.4620081411126187
any,geolife,138/20070526060023/0#1,tight,600,1.4620081411126187
any,geolife,138/20070526060023/0#2,loose,600,1.4972862957937585
any,geolife,138/20070526060023/0#3,reversed,600,1.4796472184531886
any,geolife,025/20090406022901/0#0,tight,300,0.7104878048780487
any,geolife,025/20090406022901/0#1,tight,600,0.3495121951219512
any,geolife,025/20090406022901/0#2,loose,300,0.7192682926829268
any,geolife,025/20090406022901/0#3,reversed,600,0.3495121951219512
any,geolife,030/20090425005728/1#0,tight,600,0.2700162886856284
any,geolife,030/20090425005728/1#1,tight,600,0.27327402581130184
any,geolife,030/20090425005728/1#2,loose,600,0.2765317629369753
any,geolife,030/20090425005728/1#3,reversed,600,0.2797895000626488
any,geolife,153/20110913231652/1#0,tight,600,0.4319985237128621
any,geolife,153/20110913231652/1#1,tight,600,0.4319985237128621
any,geolife,153/20110913231652/1#2,loose,600,0.44325521313895555
any,geolife,153/20110913231652/1#3,reversed,600,0.4319985237128621
any,geolife,020/20111011013905/0#0,tight,180,0.24621920135938827
any,geolife,020/20111011013905/0#1,tight,600,0.12081563296516568
any,geolife,020/20111011013905/0#2,loose,300,0.18402718776550553
any,geolife,020/20111011013905/0#3,reversed,120,0.36618521665250636
any,geolife,128/20081229143508/1#0,tight,600,0.24249658935879945
any,geolife,128/20081229143508/1#1,tight,300,0.3656207366984993
any,geolife,128/20081229143508/1#2,loose,600,0.24249658935879945
any,geolife,128/20081229143508/1#3,reversed,600,0.24249658935879945
any,geolife,092/20080621171637/0#0,tight,600,0.2756882512601784
any,geolife,092/20080621171637/0#1,tight,600,0.2756882512601784
any,geolife,092/20080621171637/0#2,loose,300,0.4241954245831718
any,geolife,092/20080621171637/0#3,reversed,600,0.2756882512601784
any,geolife,068/20090802072835/2#0,tight,600,0.32041460117169895
any,geolife,068/20090802072835/2#1,tight,600,0.32041460117169895
any,geolife,068/20090802072835/2#2,loose,600,0.32041460117169895
any,geolife,068/20090802072835/2#3,reversed,600,0.3231185218566922
any,geolife,144/20090628061504/1#0,tight,600,0.4575289575289575
any,geolife,144/20090628061504/1#1,tight,600,0.4575289575289575
any,geolife,144/20090628061504/1#2,loose,600,0.4575289575289575
any,geolife,144/20090628061504/1#3,reversed,600,0.4575289575289575
any,geolife,091/20071209094616/0#0,tight,600,0.9882758620689656
any,geolife,091/20071209094616/0#1,tight,60,8.824137931034484
any,geolife,091/20071209094616/0#2,loose,600,0.9993103448275862
any,geolife,091/20071209094616/0#3,reversed,600,0.9993103448275862
any,geolife,163/20120627073759/0#0,tight,30,7.8306282722513085
any,geolife,163/20120627073759/0#1,tight,180,1.1458115183246074
any,geolife,163/20120627073759/0#2,loose,600,0.375130890052356
any,geolife,163/20120627073759/0#3,reversed,600,0.375130890052356
any,geolife,062/20081017085919/1#0,tight,300,1.0156687185226636
any,geolife,062/20081017085919/1#1,tight,600,0.599888080581981
any,geolife,062/20081017085919/1#2,loose,600,0.599888080581981
any,geolife,062/20081017085919/1#3,reversed,600,0.6060436485730274
any,geolife,025/20090625034002/0#0,tight,600,0.2590933052187665
any,geolife,025/20090625034002/0#1,tight,600,0.2590933052187665
any,geolife,025/20090625034002/0#2,loose,600,0.25593041644702164
any,geolife,025/20090625034002/0#3,reversed,600,0.25276752767527677
any,geolife,128/20090329025153/1#0,tight,600,0.4338168038677643
any,geolife,128/20090329025153/1#1,tight,300,0.8639749117992944
any,geolife,128/20090329025153/1#2,loose,600,0.4284594276754214
any,geolife,128/20090329025153/1#3,reversed,600,0.4284594276754214
any,geolife,168/20110710101058/2#0,tight,600,0.1621985921821177
any,geolife,168/20110710101058/2#1,tight,180,0.4308821326943238
any,geolife,168/20110710101058/2#2,loose,600,0.1605511457241276
any,geolife,168/20110710101058/2#3,reversed,600,0.1605511457241276
any,geolife,125/20080820011704/7#0,tight,600,0.35496688741721855
any,geolife,125/20080820011704/7#1,tight,600,0.35496688741721855
any,geolife,125/20080820011704/7#2,loose,600,0.35496688741721855
any,geolife,125/20080820011704/7#3,reversed,600,0.35496688741721855
any,geolife,163/20080622005110/0#0,tight,180,1.111397627643115
any,geolife,163/20080622005110/0#1,tight,300,0.739040742650851
any,geolife,163/20080622005110/0#2,loose,600,0.369778236204229
any,geolife,163/20080622005110/0#3,reversed,600,0.3666838576585869
any,geolife,163/20110326052258/1#0,tight,600,0.4357516828721017
any,geolife,163/20110326052258/1#1,tight,60,4.93642483171279
any,geolife,163/20110326052258/1#2,loose,600,0.4357516828721017
any,geolife,163/20110326052258/1#3,reversed,600,0.45729244577412115
any,geolife,059/20110829101257/1#0,tight,600,0.21085409252669038
any,geolife,059/20110829101257/1#1,tight,600,0.21263345195729538
any,geolife,059/20110829101257/1#2,loose,600,0.21441281138790036
any,geolife,059/20110829101257/1#3,reversed,600,0.21263345195729538
any,geolife,025/20090428042346/0#0,tight,600,0.38578404774823655
any,geolife,025/20090428042346/0#1,tight,600,0.3890396093326099
any,geolife,025/20090428042346/0#2,loose,180,1.432447097124254
any,geolife,025/20090428042346/0#3,reversed,600,0.3890396093326099
any,geolife,126/20081018025031/3#0,tight,600,0.2056160458452722
any,geolife,126/20081018025031/3#1,tight,600,0.2104297994269341
any,geolife,126/20081018025031/3#2,loose,600,0.2104297994269341
any,geolife,126/20081018025031/3#3,reversed,600,0.215243553008596
any,geolife,153/20080820014736/1#0,tight,5,58.22432739674119
any,geolife,153/20080820014736/1#1,tight,600,0.22660098522167488
any,geolife,153/20080820014736/1#2,loose,600,0.22925350511557407
any,geolife,153/20080820014736/1#3,reversed,600,0.22925350511557407
any,geolife,153/20101209235727/0#0,tight,180,0.8200782268578879
any,geolife,153/20101209235727/0#1,tight,300,0.4722946544980443
any,geolife,153/20101209235727/0#2,loose,180,0.9110169491525424
any,geolife,153/20101209235727/0#3,reversed,600,0.2317470664928292
any,geolife,068/20090907000653/0#0,tight,300,0.33480907581627006
any,geolife,068/20090907000653/0#1,tight,600,0.1977494927135215
any,geolife,068/20090907000653/0#2,loose,600,0.20180778454159748
any,geolife,068/20090907000653/0#3,reversed,600,0.19977863862755948
any,geolife,167/20080601042504/0#0,tight,120,0.6030870256913651
any,geolife,167/20080601042504/0#1,tight,600,0.11515418203973869
any,geolife,167/20080601042504/0#2,loose,300,0.21957824188471042
any,geolife,167/20080601042504/0#3,reversed,600,0.11654198964221643
any,geolife,030/20090115005103/0#0,tight,600,0.22643312101910829
any,geolife,030/20090115005103/0#1,tight,600,0.22643312101910829
any,geolife,030/20090115005103/0#2,loose,180,0.6315286624203822
any,geolife,030/20090115005103/0#3,reversed,600,0.22643312101910829
any,porto,1372749323620000242#0,tight,600,0.6882865440464666
any,porto,1372749323620000242#1,tight,120,2.7850919651500483
any,porto,1372749323620000242#2,loose,600,0.6940948693126815
any,porto,1372749323620000242#3,reversed,600,0.6940948693126815
any,porto,1373044618620000682#0,tight,180,1.425531914893617
any,porto,1373044618620000682#1,tight,180,1.425531914893617
any,porto,1373044618620000682#2,loose,180,1.4840425531914894
any,porto,1373044618620000682#3,reversed,600,0.4654255319148936
any,porto,1372684696620000671#0,tight,120,2.2175525339925835
any,porto,1372684696620000671#1,tight,300,0.8788627935723115
any,porto,1372684696620000671#2,loose,180,1.3794808405438814
any,porto,1372684696620000671#3,reversed,600,0.4326328800988875
any,porto,1372840596620000268#0,tight,600,0.6776937618147448
any,porto,1372840596620000268#1,tight,60,6.019848771266541
any,porto,1372840596620000268#2,loose,600,0.6776937618147448
any,porto,1372840596620000268#3,reversed,600,0.6776937618147448
any,porto,1372725079620000671#0,tight,60,5.9863387978142075
any,porto,1372725079620000671#1,tight,120,2.948998178506375
any,porto,1372725079620000671#2,loose,60,6.612932604735883
any,porto,1372725079620000671#3,reversed,600,0.6475409836065574
any,porto,1373011085620000245#0,tight,180,1.9206349206349207
any,porto,1373011085620000245#1,tight,120,2.6624338624338626
any,porto,1373011085620000245#2,loose,300,1.1343915343915343
any,porto,1373011085620000245#3,reversed,600,0.7523809523809524
any,porto,1372963552620000527#0,tight,120,2.7082884822389666
any,porto,1372963552620000527#1,tight,600,0.7653390742734123
any,porto,1372963552620000527#2,loose,600,0.7653390742734123
any,porto,1372963552620000527#3,reversed,600,0.7653390742734123
any,porto,1372983101620000574#0,tight,300,0.8535414165666266
any,porto,1372983101620000574#1,tight,300,0.8607442977190877
any,porto,1372983101620000574#2,loose,300,0.8895558223289316
any,porto,1372983101620000574#3,reversed,600,0.42016806722689076
any,porto,1373095011620000480#0,tight,10,38.220670391061454
any,porto,1373095011620000480#1,tight,300,1.3491620111731844
any,porto,1373095011620000480#2,loose,120,3.091247672253259
any,porto,1373095011620000480#3,reversed,300,1.3640595903165735
any,porto,1372928556620000452#0,tight,300,1.2073578595317727
any,porto,1372928556620000452#1,tight,600,0.7926421404682275
any,porto,1372928556620000452#2,loose,300,1.2564102564102564
any,porto,1372928556620000452#3,reversed,600,0.7926421404682275
any,porto,1372788577620000343#0,tight,300,1.273286467486819
any,porto,1372788577620000343#1,tight,120,3.20298769771529
any,porto,1372788577620000343#2,loose,300,1.273286467486819
any,porto,1372788577620000343#3,reversed,600,0.624780316344464
any,porto,1372701247620000026#0,tight,0,nan
any,porto,1372701247620000026#1,tight,15,20.002270147559592
any,porto,1372701247620000026#2,loose,120,2.5641316685584563
any,porto,1372701247620000026#3,reversed,600,0.8070374574347332
any,porto,1373006280620000174#0,tight,300,0.8776009791921665
any,porto,1373006280620000174#1,tight,180,1.3121175030599754
any,porto,1373006280620000174#2,loose,300,0.8849449204406364
any,porto,1373006280620000174#3,reversed,600,0.4283965728274174
any,porto,1372668416620000640#0,tight,180,0.9875
any,porto,1372668416620000640#1,tight,180,0.9875
any,porto,1372668416620000640#2,loose,180,1.0625
any,porto,1372668416620000640#3,reversed,600,0.4861111111111111
any,porto,1372933141620000434#0,tight,120,2.2659176029962547
any,porto,1372933141620000434#1,tight,180,1.3383270911360798
any,porto,1372933141620000434#2,loose,300,0.8876404494382022
any,porto,1372933141620000434#3,reversed,600,0.4369538077403246
any,porto,1372954367620000676#0,tight,120,1.8070617906683482
any,porto,1372954367620000676#1,tight,15,16.52080706179067
any,porto,1372954367620000676#2,loose,180,1.3934426229508197
any,porto,1372954367620000676#3,reversed,600,0.44136191677175285
any,porto,1373067865620000105#0,tight,600,0.8144329896907216
any,porto,1373067865620000105#1,tight,600,0.8144329896907216
any,porto,1373067865620000105#2,loose,300,1.290950744558992
any,porto,1373067865620000105#3,reversed,600,0.8144329896907216
any,porto,1372640900620000572#0,tight,300,1.365296803652968
any,porto,1372640900620000572#1,tight,600,0.8158295281582952
any,porto,1372640900620000572#2,loose,60,8.149162861491629
any,porto,1372640900620000572#3,reversed,600,0.8242009132420092
any,porto,1373130356620000621#0,tight,5,48.004120879120876
any,porto,1373130356620000621#1,tight,300,0.9766483516483516
any,porto,1373130356620000621#2,loose,300,1.0178571428571428
any,porto,1373130356620000621#3,reversed,600,0.4807692307692308
any,porto,1372961085620000482#0,tight,600,0.617039586919105
any,porto,1372961085620000482#1,tight,600,0.6118760757314974
any,porto,1372961085620000482#2,loose,180,2.4053356282271947
any,porto,1372961085620000482#3,reversed,600,0.6118760757314974
any,porto,1372845560620000039#0,tight,300,0.8965952080706179
any,porto,1372845560620000039#1,tight,120,1.8070617906683482
any,porto,1372845560620000039#2,loose,300,0.9117276166456494
any,porto,1372845560620000039#3,reversed,60,3.673392181588903
any,porto,1373147601620000618#0,tight,600,0.8144329896907216
any,porto,1373147601620000618#1,tight,600,0.8144329896907216
any,porto,1373147601620000618#2,loose,600,0.8144329896907216
any,porto,1373147601620000618#3,reversed,120,2.468499427262314
any,porto,1372807681620000108#0,tight,300,0.9556451612903226
any,porto,1372807681620000108#1,tight,180,1.4408602150537635
any,porto,1372807681620000108#2,loose,300,0.9959677419354839
any,porto,1372807681620000108#3,reversed,600,0.47043010752688175
any,porto,1373057575620000435#0,tight,180,1.5975473801560758
any,porto,1373057575620000435#1,tight,120,2.402452619843924
any,porto,1373057575620000435#2,loose,120,2.5183946488294313
any,porto,1373057575620000435#3,reversed,600,0.7926421404682275
any,porto,1372707330620000502#0,tight,15,13.638736263736265
any,porto,1372707330620000502#1,tight,60,2.995879120879121
any,porto,1372707330620000502#2,loose,60,3.4601648351648353
any,porto,1372707330620000502#3,reversed,600,0.4807692307692308
any,porto,1372872941620000099#0,tight,180,1.3250927070457355
any,porto,1372872941620000099#1,tight,300,0.8788627935723115
any,porto,1372872941620000099#2,loose,120,2.3213844252163165
any,porto,1372872941620000099#3,reversed,600,0.4326328800988875
any,porto,1372669341620000388#0,tight,600,0.8819233110164334
any,porto,1372669341620000388#1,tight,600,0.8721850273889227
any,porto,1372669341620000388#2,loose,600,0.8819233110164334
any,porto,1372669341620000388#3,reversed,120,4.052951917224589
any,porto,1372666025620000495#0,tight,600,0.9009983361064892
any,porto,1372666025620000495#1,tight,120,3.2945091514143097
any,porto,1372666025620000495#2,loose,600,0.891846921797005
any,porto,1372666025620000495#3,reversed,600,0.9009983361064892
any,porto,1372667223620000499#0,tight,600,0.7102897102897103
any,porto,1372667223620000499#1,tight,300,1.0709290709290709
any,porto,1372667223620000499#2,loose,180,1.8131868131868132
any,porto,1372667223620000499#3,reversed,600,0.7102897102897103
any,porto,1373092621620000395#0,tight,300,1.3442776735459663
any,porto,1373092621620000395#1,tight,600,0.6726078799249531
any,porto,1373092621620000395#2,loose,300,1.374296435272045
any,porto,1373092621620000395#3,reversed,600,0.6726078799249531
any,porto,1373031448620000398#0,tight,180,1.4565217391304348
any,porto,1373031448620000398#1,tight,180,1.471467391304348
any,porto,1373031448620000398#2,loose,180,1.516304347826087
any,porto,1373031448620000398#3,reversed,600,0.47554347826086957
any,porto,1372655659620000663#0,tight,600,0.9415243101182654
any,porto,1372655659620000663#1,tight,30,19.9257555847569
any,porto,1372655659620000663#2,loose,600,0.9415243101182654
any,porto,1372655659620000663#3,reversed,600,0.9730617608409987
any,porto,1372929443620000662#0,tight,600,0.7719869706840391
any,porto,1372929443620000662#1,tight,300,1.1639522258414767
any,porto,1372929443620000662#2,loose,120,2.3963083604777418
any,porto,1372929443620000662#3,reversed,600,0.7719869706840391
any,porto,1373121999620000517#0,tight,60,3.79296875
any,porto,1373121999620000517#1,tight,180,1.3958333333333333
any,porto,1373121999620000517#2,loose,180,1.41015625
any,porto,1373121999620000517#3,reversed,15,14.3515625
any,porto,1372793982620000419#0,tight,10,16.738636363636363
any,porto,1372793982620000419#1,tight,120,1.5227272727272727
any,porto,1372793982620000419#2,loose,120,1.6321022727272727
any,porto,1372793982620000419#3,reversed,600,0.4971590909090909
any,porto,1372948948620000012#0,tight,300,0.9766483516483516
any,porto,1372948948620000012#1,tight,300,0.9766483516483516
any,porto,1372948948620000012#2,loose,180,1.0013736263736264
any,porto,1372948948620000012#3,reversed,600,0.4807692307692308
any,porto,1373150318620000688#0,tight,180,1.931108719052745
any,porto,1373150318620000688#1,tight,600,0.7653390742734123
any,porto,1373150318620000688#2,loose,120,2.9418729817007536
any,porto,1373150318620000688#3,reversed,600,0.7653390742734123
any,porto,1372668666620000109#0,tight,15,25.07079646017699
any,porto,1372668666620000109#1,tight,300,1.0540806293018683
any,porto,1372668666620000109#2,loose,600,0.7109144542772862
any,porto,1372668666620000109#3,reversed,600,0.6991150442477876
any,porto,1373025068620000591#0,tight,180,1.351828499369483
any,porto,1373025068620000591#1,tight,180,1.3656998738965953
any,porto,1373025068620000591#2,loose,300,0.9117276166456494
any,porto,1373025068620000591#3,reversed,600,0.44136191677175285
any,porto,1372798294620000476#0,tight,300,0.845422116527943
any,porto,1372798294620000476#1,tight,300,0.8525564803804994
any,porto,1372798294620000476#2,loose,300,0.845422116527943
any,porto,1372798294620000476#3,reversed,300,0.845422116527943
any,porto,1372957062620000377#0,tight,300,1.0099431818181819
any,porto,1372957062620000377#1,tight,300,1.0099431818181819
any,porto,1372957062620000377#2,loose,120,1.7414772727272727
any,porto,1372957062620000377#3,reversed,120,1.5227272727272727
any,porto,1373011286620000577#0,tight,300,1.2167990919409761
any,porto,1373011286620000577#1,tight,600,0.8070374574347332
any,porto,1373011286620000577#2,loose,180,1.64472190692395
any,porto,1373011286620000577#3,reversed,600,0.8070374574347332
any,porto,1373036663620000269#0,tight,180,2.1802426343154244
any,porto,1373036663620000269#1,tight,600,0.6161178509532063
any,porto,1373036663620000269#2,loose,180,2.207105719237435
any,porto,1373036663620000269#3,reversed,600,0.6161178509532063
any,porto,1372816001620000307#0,tight,300,0.8296382730455076
any,porto,1372816001620000307#1,tight,180,1.6721120186697782
any,porto,1372816001620000307#2,loose,180,1.690781796966161
any,porto,1372816001620000307#3,reversed,600,0.40840140023337224
any,porto,1372895668620000338#0,tight,120,1.488888888888889
any,porto,1372895668620000338#1,tight,300,0.9875
any,porto,1372895668620000338#2,loose,300,1.0041666666666667
any,porto,1372895668620000338#3,reversed,600,0.4861111111111111
any,porto,1372811202620000472#0,tight,180,2.210896309314587
any,porto,1372811202620000472#1,tight,30,13.35237258347979
any,porto,1372811202620000472#2,loose,300,1.3295254833040422
any,porto,1372811202620000472#3,reversed,600,0.624780316344464
any,porto,1373113907620000403#0,tight,60,3.063202247191011
any,porto,1373113907620000403#1,tight,120,1.5056179775280898
any,porto,1373113907620000403#2,loose,180,1.0070224719101124
any,porto,1373113907620000403#3,reversed,600,0.49157303370786515
any,porto,1372795663620000222#0,tight,600,0.6204188481675392
any,porto,1372795663620000222#1,tight,300,1.25043630017452
any,porto,1372795663620000222#2,loose,300,1.3202443280977312
any,porto,1372795663620000222#3,reversed,600,0.6256544502617801
any,porto,1372971098620000680#0,tight,180,1.7202881152460985
any,porto,1372971098620000680#1,tight,180,1.7202881152460985
any,porto,1372971098620000680#2,loose,180,1.7971188475390156
any,porto,1372971098620000680#3,reversed,180,1.7202881152460985
any,porto,1372858471620000668#0,tight,300,1.0709290709290709
any,porto,1372858471620000668#1,tight,120,2.874125874125874
any,porto,1372858471620000668#2,loose,180,1.876123876123876
any,porto,1372858471620000668#3,reversed,600,0.7102897102897103
any,porto,1372665577620000027#0,tight,600,0.8158295281582952
any,porto,1372665577620000027#1,tight,30,16.02130898021309
any,porto,1372665577620000027#2,loose,600,0.8158295281582952
any,porto,1372665577620000027#3,reversed,600,0.8158295281582952
any,porto,1372946149620000105#0,tight,300,1.21822272215973
any,porto,1372946149620000105#1,tight,300,1.21822272215973
any,porto,1372946149620000105#2,loose,600,0.7997750281214848
any,porto,1372946149620000105#3,reversed,600,0.7997750281214848
any,porto,1373038727620000041#0,tight,120,1.4725274725274726
any,porto,1373038727620000041#1,tight,300,0.9766483516483516
any,porto,1373038727620000041#2,loose,120,1.5782967032967032
any,porto,1373038727620000041#3,reversed,600,0.4807692307692308
any,porto,1373086305620000617#0,tight,180,1.8426395939086295
any,porto,1373086305620000617#1,tight,600,0.7279187817258883
any,porto,1373086305620000617#2,loose,600,0.7340101522842639
any,porto,1373086305620000617#3,reversed,600,0.7218274111675127
any,porto,1372705712620000126#0,tight,180,1.3255813953488371
any,porto,1372705712620000126#1,tight,10,26.09669522643819
any,porto,1372705712620000126#2,loose,180,1.3525091799265605
any,porto,1372705712620000126#3,reversed,600,0.4283965728274174
any,porto,1372775249620000408#0,tight,600,0.9029615626969124
any,porto,1372775249620000408#1,tight,600,0.9029615626969124
any,porto,1372775249620000408#2,loose,180,2.5274102079395084
any,porto,1372775249620000408#3,reversed,600,0.9231253938248267
any,porto,1373079823620000467#0,tight,180,1.882476390346275
any,porto,1373079823620000467#1,tight,180,1.882476390346275
any,porto,1373079823620000467#2,loose,300,1.1825813221406085
any,porto,1373079823620000467#3,reversed,600,0.7460650577124869
any,porto,1373148802620000136#0,tight,180,1.882476390346275
any,porto,1373148802620000136#1,tight,180,1.882476390346275
any,porto,1373148802620000136#2,loose,600,0.7586568730325288
any,porto,1373148802620000136#3,reversed,600,0.7460650577124869
any,porto,1372861612620000451#0,tight,120,2.3398479913137895
any,porto,1372861612620000451#1,tight,300,1.1758957654723128
any,porto,1372861612620000451#2,loose,300,1.1758957654723128
any,porto,1372861612620000451#3,reversed,600,0.7719869706840391
any,porto,1372731403620000678#0,tight,120,2.1331747919143877
any,porto,1372731403620000678#1,tight,120,2.1331747919143877
any,porto,1372731403620000678#2,loose,300,0.8525564803804994
any,porto,1372731403620000678#3,reversed,60,4.334126040428062
any,porto,1372883453620000388#0,tight,60,6.156424581005586
any,porto,1372883453620000388#1,tight,600,0.6620111731843575
any,porto,1372883453620000388#2,loose,600,0.6620111731843575
any,porto,1372883453620000388#3,reversed,600,0.6620111731843575
any,porto,1373147570620000345#0,tight,180,1.6721120186697782
any,porto,1373147570620000345#1,tight,180,1.6721120186697782
any,porto,1373147570620000345#2,loose,180,1.7281213535589266
any,porto,1373147570620000345#3,reversed,600,0.40840140023337224
any,porto,1373141123620000665#0,tight,600,0.7917282127031019
any,porto,1373141123620000665#1,tight,600,0.8079763663220089
any,porto,1373141123620000665#2,loose,600,0.7917282127031019
any,porto,1373141123620000665#3,reversed,600,0.7998522895125554
any,porto,1373013601620000400#0,tight,10,17.167613636363637
any,porto,1373013601620000400#1,tight,300,1.0099431818181819
any,porto,1373013601620000400#2,loose,180,1.0184659090909092
any,porto,1373013601620000400#3,reversed,600,0.4971590909090909
any,porto,1373016253620000098#0,tight,300,0.9766483516483516
any,porto,1373016253620000098#1,tight,60,2.995879120879121
any,porto,1373016253620000098#2,loose,60,3.2815934065934065
any,porto,1373016253620000098#3,reversed,600,0.4807692307692308
any,porto,1373109105620000667#0,tight,180,1.6597938144329898
any,porto,1373109105620000667#1,tight,180,1.6414662084765177
any,porto,1373109105620000667#2,loose,180,1.7147766323024054
any,porto,1373109105620000667#3,reversed,600,0.8144329896907216
any,porto,1372777463620000267#0,tight,60,3.83984375
any,porto,1372777463620000267#1,tight,180,1.3958333333333333
any,porto,1372777463620000267#2,loose,180,1.41015625
any,porto,1372777463620000267#3,reversed,600,0.4557291666666667
any,porto,1372865820620000397#0,tight,600,0.7637517630465445
any,porto,1372865820620000397#1,tight,600,0.771509167842031
any,porto,1372865820620000397#2,loose,300,1.5197461212976022
any,porto,1372865820620000397#3,reversed,600,0.7637517630465445
any,porto,1372855437620000311#0,tight,600,0.7337461300309598
any,porto,1372855437620000311#1,tight,300,1.106295149638803
any,porto,1372855437620000311#2,loose,600,0.7461300309597523
any,porto,1372855437620000311#3,reversed,600,0.7337461300309598
any,porto,1373055388620000083#0,tight,600,0.7218274111675127
any,porto,1373055388620000083#1,tight,30,12.45989847715736
any,porto,1373055388620000083#2,loose,300,1.1441624365482232
any,porto,1373055388620000083#3,reversed,600,0.7279187817258883
any,porto,1373012912620000285#0,tight,300,1.1657696447793326
any,porto,1373012912620000285#1,tight,300,1.1657696447793326
any,porto,1373012912620000285#2,loose,300,1.1776103336921422
any,porto,1373012912620000285#3,reversed,600,0.7653390742734123
any,porto,1373015175620000452#0,tight,120,1.8658854166666667
any,porto,1373015175620000452#1,tight,5,60.22265625
any,porto,1373015175620000452#2,loose,300,0.93359375
any,porto,1373015175620000452#3,reversed,600,0.4557291666666667
any,porto,1372934871620000180#0,tight,300,0.8702570379436965
any,porto,1372934871620000180#1,tight,120,2.1958384332925336
any,porto,1372934871620000180#2,loose,300,0.8702570379436965
any,porto,1372934871620000180#3,reversed,600,0.42962056303549573
any,porto,1373056224620000030#0,tight,300,1.0733399405351833
any,porto,1373056224620000030#1,tight,300,1.0733399405351833
any,porto,1373056224620000030#2,loose,600,0.7106045589692765
any,porto,1373056224620000030#3,reversed,600,0.7046580773042617
any,porto,1372670827620000409#0,tight,120,2.491329479768786
any,porto,1372670827620000409#1,tight,60,4.578034682080925
any,porto,1372670827620000409#2,loose,300,1.2647398843930635
any,porto,1372670827620000409#3,reversed,600,0.8219653179190751
any,porto,1372994981620000624#0,tight,300,0.9985955056179775
any,porto,1372994981620000624#1,tight,180,0.9985955056179775
any,porto,1372994981620000624#2,loose,120,1.6137640449438202
any,porto,1372994981620000624#3,reversed,600,0.49157303370786515
any,porto,1372833877620000435#0,tight,180,1.8984126984126983
any,porto,1372833877620000435#1,tight,600,0.7523809523809524
any,porto,1372833877620000435#2,loose,600,0.7523809523809524
any,porto,1372833877620000435#3,reversed,600,0.7523809523809524
any,porto,1372940224620000472#0,tight,120,1.9470108695652173
any,porto,1372940224620000472#1,tight,300,0.9660326086956522
any,porto,1372940224620000472#2,loose,180,1.471467391304348
any,porto,1372940224620000472#3,reversed,600,0.47554347826086957
any,porto,1372945298620000472#0,tight,180,1.351828499369483
any,porto,1372945298620000472#1,tight,180,1.351828499369483
any,porto,1372945298620000472#2,loose,300,0.9344262295081968
any,porto,1372945298620000472#3,reversed,600,0.44136191677175285
any,porto,1373104997620000589#0,tight,120,1.488888888888889
any,porto,1373104997620000589#1,tight,120,1.5041666666666667
any,porto,1373104997620000589#2,loose,120,1.55
any,porto,1373104997620000589#3,reversed,600,0.4861111111111111
any,porto,1372769041620000226#0,tight,120,1.9260752688172043
any,porto,1372769041620000226#1,tight,300,0.9637096774193549
any,porto,1372769041620000226#2,loose,60,3.5483870967741935
any,porto,1372769041620000226#3,reversed,600,0.47043010752688175
any,porto,1372923251620000483#0,tight,300,1.2469879518072289
any,porto,1372923251620000483#1,tight,180,2.1652323580034425
any,porto,1372923251620000483#2,loose,180,2.2452667814113596
any,porto,1372923251620000483#3,reversed,600,0.6118760757314974
any,porto,1373034734620000314#0,tight,300,1.3980487804878048
any,porto,1373034734620000314#1,tight,300,1.3980487804878048
any,porto,1373034734620000314#2,loose,300,1.4760975609756097
any,porto,1373034734620000314#3,reversed,600,0.6936585365853658
any,porto,1373135833620000518#0,tight,300,1.0099431818181819
any,porto,1373135833620000518#1,tight,120,1.5227272727272727
any,porto,1373135833620000518#2,loose,180,1.0184659090909092
any,porto,1373135833620000518#3,reversed,120,1.5227272727272727
any,porto,1373112041620000657#0,tight,30,8.22576530612245
any,porto,1373112041620000657#1,tight,15,15.223214285714286
any,porto,1373112041620000657#2,loose,300,0.9451530612244898
any,porto,1373112041620000657#3,reversed,600,0.44642857142857145
any,porto,1372926505620000535#0,tight,600,0.7653390742734123
any,porto,1372926505620000535#1,tight,600,0.7653390742734123
any,porto,1372926505620000535#2,loose,600,0.7782561894510226
any,porto,1372926505620000535#3,reversed,600,0.7717976318622174
any,porto,1372696773620000197#0,tight,180,1.6566473988439305
any,porto,1372696773620000197#1,tight,300,1.239306358381503
any,porto,1372696773620000197#2,loose,300,1.2520231213872832
any,porto,1372696773620000197#3,reversed,600,0.8219653179190751
any,porto,1372957491620000649#0,tight,180,1.6597938144329898
any,porto,1372957491620000649#1,tight,120,2.468499427262314
any,porto,1372957491620000649#2,loose,300,1.2279495990836198
any,porto,1372957491620000649#3,reversed,600,0.8144329896907216
any,porto,1373104198620000235#0,tight,600,0.8474275576581904
any,porto,1373104198620000235#1,tight,600,0.8663512714370195
any,porto,1373104198620000235#2,loose,300,1.7013601419278532
any,porto,1373104198620000235#3,reversed,600,0.8758131283264341
any,porto,1373016501620000174#0,tight,180,2.0701248799231506
any,porto,1373016501620000174#1,tight,600,0.6829971181556196
any,porto,1373016501620000174#2,loose,600,0.6829971181556196
any,porto,1373016501620000174#3,reversed,600,0.6829971181556196
any,porto,1372713144620000901#0,tight,300,1.239306358381503
any,porto,1372713144620000901#1,tight,15,20.11907514450867
any,porto,1372713144620000901#2,loose,300,1.3028901734104046
any,porto,1372713144620000901#3,reversed,600,0.8219653179190751
any,porto,1372763931620000697#0,tight,180,2.345410628019324
any,porto,1372763931620000697#1,tight,600,0.8719806763285024
any,porto,1372763931620000697#2,loose,600,0.8719806763285024
any,porto,1372763931620000697#3,reversed,600,0.8631239935587761
any,porto,1373021609620000619#0,tight,180,2.3016
any,porto,1373021609620000619#1,tight,600,0.8664
any,porto,1373021609620000619#2,loose,600,0.8752
any,porto,1373021609620000619#3,reversed,600,0.8576
any,porto,1372934841620000026#0,tight,600,0.7856353591160221
any,porto,1372934841620000026#1,tight,30,10.388950276243094
any,porto,1372934841620000026#2,loose,600,0.7988950276243094
any,porto,1372934841620000026#3,reversed,600,0.7856353591160221
any,porto,1372924654620000429#0,tight,0,nan
any,porto,1372924654620000429#1,tight,300,0.8788627935723115
any,porto,1372924654620000429#2,loose,180,1.338689740420272
any,porto,1372924654620000429#3,reversed,600,0.4326328800988875
any,porto,1373007999620000038#0,tight,300,0.9985955056179775
any,porto,1373007999620000038#1,tight,300,0.9985955056179775
any,porto,1373007999620000038#2,loose,300,0.9985955056179775
any,porto,1373007999620000038#3,reversed,600,0.49157303370786515
any,porto,1372668925620000344#0,tight,180,2.0009174311926605
any,porto,1372668925620000344#1,tight,600,0.6577981651376147
any,porto,1372668925620000344#2,loose,180,2.0724770642201835
any,porto,1372668925620000344#3,reversed,600,0.6522935779816513
any,porto,1372980015620000173#0,tight,120,1.8070617906683482
any,porto,1372980015620000173#1,tight,15,16.52080706179067
any,porto,1372980015620000173#2,loose,300,0.9344262295081968
any,porto,1372980015620000173#3,reversed,600,0.44136191677175285
any,porto,1372674158620000055#0,tight,600,0.624780316344464
any,porto,1372674158620000055#1,tight,600,0.624780316344464
any,porto,1372674158620000055#2,loose,600,0.6300527240773286
any,porto,1372674158620000055#3,reversed,600,0.6300527240773286
any,porto,1372868433620000257#0,tight,600,0.7102897102897103
any,porto,1372868433620000257#1,tight,180,1.7922077922077921
any,porto,1372868433620000257#2,loose,600,0.7102897102897103
any,porto,1372868433620000257#3,reversed,600,0.7162837162837162
any,porto,1373136004620000688#0,tight,60,4.093632958801498
any,porto,1373136004620000688#1,tight,180,1.3383270911360798
any,porto,1373136004620000688#2,loose,300,0.8876404494382022
any,porto,1373136004620000688#3,reversed,30,7.850187265917603
any,porto,1373072243620000173#0,tight,600,0.8144329896907216
any,porto,1373072243620000173#1,tight,180,1.6414662084765177
any,porto,1373072243620000173#2,loose,300,1.290950744558992
any,porto,1373072243620000173#3,reversed,600,0.8144329896907216
any,porto,1373058830620000542#0,tight,180,1.3673469387755102
any,porto,1373058830620000542#1,tight,300,0.9068877551020408
any,porto,1373058830620000542#2,loose,180,1.4234693877551021
any,porto,1373058830620000542#3,reversed,300,0.9068877551020408
any,porto,1373049957620000017#0,tight,30,10.143646408839778
any,porto,1373049957620000017#1,tight,180,1.6011049723756907
any,porto,1373049957620000017#2,loose,180,1.6541436464088397
any,porto,1373049957620000017#3,reversed,600,0.7856353591160221
any,porto,1372934986620000451#0,tight,300,0.93359375
any,porto,1372934986620000451#1,tight,300,0.92578125
any,porto,1372934986620000451#2,loose,300,0.94140625
any,porto,1372934986620000451#3,reversed,600,0.4557291666666667
any,porto,1373089896620000472#0,tight,600,0.778751369112815
any,porto,1373089896620000472#1,tight,300,1.1861993428258488
any,porto,1373089896620000472#2,loose,600,0.791894852135816
any,porto,1373089896620000472#3,reversed,600,0.778751369112815
any,porto,1372767475620000632#0,tight,300,0.9434210526315789
any,porto,1372767475620000632#1,tight,300,0.9355263157894737
any,porto,1372767475620000632#2,loose,300,0.9513157894736842
any,porto,1372767475620000632#3,reversed,600,0.4605263157894737
any,porto,1372766587620000217#0,tight,10,47.53517587939699
any,porto,1372766587620000217#1,tight,600,0.907035175879397
any,porto,1372766587620000217#2,loose,300,1.5025125628140703
any,porto,1372766587620000217#3,reversed,600,0.907035175879397
any,porto,1373014154620000481#0,tight,600,0.6936585365853658
any,porto,1373014154620000481#1,tight,600,0.6936585365853658
any,porto,1373014154620000481#2,loose,600,0.6995121951219512
any,porto,1373014154620000481#3,reversed,600,0.6936585365853658
any,porto,1372804631620000108#0,tight,180,1.425531914893617
any,porto,1372804631620000108#1,tight,300,0.9454787234042553
any,porto,1372804631620000108#2,loose,300,0.9454787234042553
any,porto,1372804631620000108#3,reversed,600,0.4654255319148936
any,porto,1372660168620000403#0,tight,15,11.326704545454545
any,porto,1372660168620000403#1,tight,120,1.5227272727272727
any,porto,1372660168620000403#2,loose,120,1.7414772727272727
any,porto,1372660168620000403#3,reversed,600,0.4971590909090909
any,porto,1372782785620000066#0,tight,180,1.8426395939086295
any,porto,1372782785620000066#1,tight,180,1.8213197969543147
any,porto,1372782785620000066#2,loose,300,1.0883248730964468
any,porto,1372782785620000066#3,reversed,600,0.7218274111675127
any,porto,1373030600620000271#0,tight,180,1.6721120186697782
any,porto,1373030600620000271#1,tight,180,1.6721120186697782
any,porto,1373030600620000271#2,loose,300,0.8366394399066511
any,porto,1373030600620000271#3,reversed,600,0.40840140023337224
any,porto,1373034450620000602#0,tight,300,0.8296382730455076
any,porto,1373034450620000602#1,tight,60,4.253208868144691
any,porto,1373034450620000602#2,loose,300,0.8436406067677946
any,porto,1373034450620000602#3,reversed,600,0.40840140023337224
any,porto,1372813886620000154#0,tight,60,3.46505376344086
any,porto,1372813886620000154#1,tight,180,1.4556451612903225
any,porto,1372813886620000154#2,loose,180,1.4852150537634408
any,porto,1372813886620000154#3,reversed,60,3.46505376344086
any,porto,1372940279620000257#0,tight,120,2.3398479913137895
any,porto,1372940279620000257#1,tight,600,0.7719869706840391
any,porto,1372940279620000257#2,loose,300,1.1758957654723128
any,porto,1372940279620000257#3,reversed,120,2.3398479913137895
any,porto,1373018720620000013#0,tight,300,1.0795568982880162
any,porto,1373018720620000013#1,tight,180,1.8066465256797584
any,porto,1373018720620000013#2,loose,180,1.891238670694864
any,porto,1373018720620000013#3,reversed,600,0.7220543806646526
any,porto,1372893731620000381#0,tight,180,2.102439024390244
any,porto,1372893731620000381#1,tight,120,2.9473170731707317
any,porto,1372893731620000381#2,loose,600,0.6995121951219512
any,porto,1372893731620000381#3,reversed,600,0.6936585365853658
any,porto,1373049800620000295#0,tight,300,0.8690909090909091
any,porto,1373049800620000295#1,tight,300,0.8618181818181818
any,porto,1373049800620000295#2,loose,60,4.123636363636364
any,porto,1373049800620000295#3,reversed,600,0.42424242424242425
any,porto,1372906976620000308#0,tight,180,1.3250927070457355
any,porto,1372906976620000308#1,tight,300,0.8862793572311496
any,porto,1372906976620000308#2,loose,180,1.338689740420272
any,porto,1372906976620000308#3,reversed,600,0.4326328800988875
any,porto,1372970710620000031#0,tight,180,2.0701248799231506
any,porto,1372970710620000031#1,tight,15,23.33045148895293
any,porto,1372970710620000031#2,loose,600,0.6829971181556196
any,porto,1372970710620000031#3,reversed,600,0.6829971181556196
any,porto,1372846974620000450#0,tight,300,0.8965952080706179
any,porto,1372846974620000450#1,tight,300,0.9041614123581336
any,porto,1372846974620000450#2,loose,180,1.3934426229508197
any,porto,1372846974620000450#3,reversed,600,0.44136191677175285
any,porto,1373101158620000068#0,tight,180,1.7039239001189062
any,porto,1373101158620000068#1,tight,180,1.7039239001189062
any,porto,1373101158620000068#2,loose,300,0.845422116527943
any,porto,1373101158620000068#3,reversed,600,0.4161712247324614
any,porto,1373034294620000327#0,tight,60,4.56917885264342
any,porto,1373034294620000327#1,tight,180,1.611923509561305
any,porto,1373034294620000327#2,loose,300,1.2305961754780652
any,porto,1373034294620000327#3,reversed,600,0.7997750281214848
any,porto,1373068918620000370#0,tight,15,16.5546875
any,porto,1373068918620000370#1,tight,180,1.3958333333333333
any,porto,1373068918620000370#2,loose,120,1.9075520833333333
any,porto,1373068918620000370#3,reversed,600,0.4557291666666667
any,porto,1373152822620000192#0,tight,300,0.9454787234042553
any,porto,1373152822620000192#1,tight,180,1.425531914893617
any,porto,1373152822620000192#2,loose,300,0.961436170212766
any,porto,1373152822620000192#3,reversed,600,0.4654255319148936
any,porto,1372649121620000486#0,tight,120,2.2397003745318353
any,porto,1372649121620000486#1,tight,180,1.3383270911360798
any,porto,1372649121620000486#2,loose,120,2.4232209737827715
any,porto,1372649121620000486#3,reversed,600,0.4369538077403246
any,porto,1372930466620000126#0,tight,600,0.7337461300309598
any,porto,1372930466620000126#1,tight,600,0.7337461300309598
any,porto,1372930466620000126#2,loose,300,1.128998968008256
any,porto,1372930466620000126#3,reversed,600,0.7337461300309598
any,porto,1373018167620000450#0,tight,600,0.6720226843100189
any,porto,1373018167620000450#1,tight,600,0.6720226843100189
any,porto,1373018167620000450#2,loose,300,1.38468809073724
any,porto,1373018167620000450#3,reversed,600,0.6720226843100189
any,porto,1372743985620000386#0,tight,180,1.351828499369483
any,porto,1372743985620000386#1,tight,60,3.673392181588903
any,porto,1372743985620000386#2,loose,300,0.8965952080706179
any,porto,1372743985620000386#3,reversed,600,0.44136191677175285
any,porto,1373020683620000148#0,tight,180,0.9766483516483516
any,porto,1373020683620000148#1,tight,15,12.842032967032967
any,porto,1373020683620000148#2,loose,300,0.9931318681318682
any,porto,1373020683620000148#3,reversed,600,0.4807692307692308
any,porto,1373041008620000014#0,tight,600,0.8144329896907216
any,porto,1373041008620000014#1,tight,300,1.2279495990836198
any,porto,1373041008620000014#2,loose,300,1.2531500572737686
any,porto,1373041008620000014#3,reversed,600,0.8144329896907216
any,porto,1372785972620000047#0,tight,15,26.415879017013232
any,porto,1372785972620000047#1,tight,15,28.236294896030245
any,porto,1372785972620000047#2,loose,120,3.215500945179584
any,porto,1372785972620000047#3,reversed,600,0.6720226843100189
any,porto,1372951295620000421#0,tight,30,8.255813953488373
any,porto,1372951295620000421#1,tight,300,0.8702570379436965
any,porto,1372951295620000421#2,loose,120,2.5556915544675642
any,porto,1372951295620000421#3,reversed,600,0.4283965728274174
any,porto,1372680998620000120#0,tight,300,1.1845303867403314
any,porto,1372680998620000120#1,tight,300,1.1845303867403314
any,porto,1372680998620000120#2,loose,120,2.783425414364641
any,porto,1372680998620000120#3,reversed,600,0.7856353591160221
any,porto,1372996407620000561#0,tight,60,3.7538659793814433
any,porto,1372996407620000561#1,tight,180,1.3814432989690721
any,porto,1372996407620000561#2,loose,180,1.4381443298969072
any,porto,1372996407620000561#3,reversed,600,0.45103092783505155
any,porto,1372921950620000434#0,tight,180,1.882476390346275
any,porto,1372921950620000434#1,tight,600,0.7460650577124869
any,porto,1372921950620000434#2,loose,300,1.1479538300104932
any,porto,1372921950620000434#3,reversed,600,0.7523609653725079
any,porto,1373045028620000230#0,tight,600,0.7102897102897103
any,porto,1373045028620000230#1,tight,180,1.7922077922077921
any,porto,1373045028620000230#2,loose,60,6.391608391608392
any,porto,1373045028620000230#3,reversed,600,0.7102897102897103
any,porto,1373037615620000309#0,tight,300,1.0099431818181819
any,porto,1373037615620000309#1,tight,120,1.5383522727272727
any,porto,1373037615620000309#2,loose,300,1.0269886363636365
any,porto,1373037615620000309#3,reversed,120,1.5227272727272727
any,porto,1372782899620000154#0,tight,300,0.8374558303886925
any,porto,1372782899620000154#1,tight,180,1.7067137809187278
any,porto,1372782899620000154#2,loose,300,0.872791519434629
any,porto,1372782899620000154#3,reversed,600,0.4122497055359246
any,porto,1373014923620000177#0,tight,300,1.38
any,porto,1373014923620000177#1,tight,300,1.38
any,porto,1373014923620000177#2,loose,300,1.38
any,porto,1373014923620000177#3,reversed,600,0.6771428571428572
any,porto,1372944922620000286#0,tight,180,1.6721120186697782
any,porto,1372944922620000286#1,tight,120,2.093348891481914
any,porto,1372944922620000286#2,loose,300,0.8646441073512252
any,porto,1372944922620000286#3,reversed,600,0.40840140023337224
any,porto,1373002267620000337#0,tight,600,0.6530054644808743
any,porto,1373002267620000337#1,tight,60,5.9863387978142075
any,porto,1373002267620000337#2,loose,300,1.3342440801457194
any,porto,1373002267620000337#3,reversed,600,0.6530054644808743
any,porto,1372911865620000014#0,tight,600,0.7102897102897103
any,porto,1372911865620000014#1,tight,120,2.982017982017982
any,porto,1372911865620000014#2,loose,600,0.7102897102897103
any,porto,1372911865620000014#3,reversed,600,0.7102897102897103
any,porto,1372945326620000653#0,tight,300,0.92578125
any,porto,1372945326620000653#1,tight,300,0.93359375
any,porto,1372945326620000653#2,loose,30,7.868489583333333
any,porto,1372945326620000653#3,reversed,600,0.4557291666666667
any,porto,1372896152620000235#0,tight,30,8.571603427172583
any,porto,1372896152620000235#1,tight,180,1.3121175030599754
any,porto,1372896152620000235#2,loose,180,1.3659730722154222
any,porto,1372896152620000235#3,reversed,600,0.4283965728274174
any,porto,1372639380620000201#0,tight,600,0.7218274111675127
any,porto,1372639380620000201#1,tight,600,0.7279187817258883
any,porto,1372639380620000201#2,loose,300,1.099492385786802
any,porto,1372639380620000201#3,reversed,600,0.7218274111675127
any,porto,1373030080620000503#0,tight,300,0.9145408163265306
any,porto,1373030080620000503#1,tight,180,1.3673469387755102
any,porto,1373030080620000503#2,loose,300,0.9221938775510204
any,porto,1373030080620000503#3,reversed,600,0.44642857142857145
any,porto,1373030806620000310#0,tight,30,7.878865979381444
any,porto,1373030806620000310#1,tight,300,0.9162371134020618
any,porto,1373030806620000310#2,loose,300,0.9548969072164949
any,porto,1373030806620000310#3,reversed,600,0.45103092783505155
any,porto,1373076867620000076#0,tight,300,0.9162371134020618
any,porto,1373076867620000076#1,tight,300,0.9162371134020618
any,porto,1373076867620000076#2,loose,60,4.356958762886598
any,porto,1373076867620000076#3,reversed,600,0.45103092783505155
any,porto,1373070854620000310#0,tight,600,0.7652081109925294
any,porto,1373070854620000310#1,tight,600,0.7588046958377801
any,porto,1373070854620000310#2,loose,600,0.7716115261472786
any,porto,1373070854620000310#3,reversed,600,0.7652081109925294
any,porto,1372882033620000548#0,tight,300,1.255632582322357
any,porto,1372882033620000548#1,tight,300,1.2417677642980935
any,porto,1372882033620000548#2,loose,300,1.255632582322357
any,porto,1372882033620000548#3,reversed,600,0.6161178509532063
any,porto,1372969726620000295#0,tight,60,6.784955752212389
any,porto,1372969726620000295#1,tight,600,0.6292035398230088
any,porto,1372969726620000295#2,loose,600,0.6398230088495576
any,porto,1372969726620000295#3,reversed,600,0.6345132743362832
any,porto,1373063142620000280#0,tight,600,0.7917282127031019
any,porto,1373063142620000280#1,tight,180,2.3914327917282128
any,porto,1373063142620000280#2,loose,180,2.512555391432792
any,porto,1373063142620000280#3,reversed,600,0.7917282127031019
any,porto,1372668313620000452#0,tight,600,0.8414442700156985
any,porto,1372668313620000452#1,tight,600,0.8500784929356358
any,porto,1372668313620000452#2,loose,300,1.4411302982731553
any,porto,1372668313620000452#3,reversed,600,0.8500784929356358
any,porto,1372809346620000692#0,tight,300,0.9355263157894737
any,porto,1372809346620000692#1,tight,300,0.9355263157894737
any,porto,1372809346620000692#2,loose,300,0.975
any,porto,1372809346620000692#3,reversed,600,0.4605263157894737
any,porto,1373082585620000160#0,tight,300,0.9556451612903226
any,porto,1373082585620000160#1,tight,180,1.4408602150537635
any,porto,1373082585620000160#2,loose,180,1.4556451612903225
any,porto,1373082585620000160#3,reversed,600,0.47043010752688175
any,porto,1372771306620000607#0,tight,600,0.7460650577124869
any,porto,1372771306620000607#1,tight,300,1.1364113326337881
any,porto,1372771306620000607#2,loose,600,0.7460650577124869
any,porto,1372771306620000607#3,reversed,600,0.7460650577124869
any,porto,1373035504620000197#0,tight,300,0.9985955056179775
any,porto,1373035504620000197#1,tight,180,0.9985955056179775
any,porto,1373035504620000197#2,loose,300,1.0154494382022472
any,porto,1373035504620000197#3,reversed,600,0.49157303370786515
any,porto,1373053550620000634#0,tight,5,36.872191011235955
any,porto,1373053550620000634#1,tight,180,0.9985955056179775
any,porto,1373053550620000634#2,loose,180,1.074438202247191
any,porto,1373053550620000634#3,reversed,600,0.49157303370786515
any,porto,1372772921620000314#0,tight,180,2.207105719237435
any,porto,1372772921620000314#1,tight,180,2.207105719237435
any,porto,1372772921620000314#2,loose,180,2.2608318890814556
any,porto,1372772921620000314#3,reversed,600,0.6161178509532063
any,porto,1372699885620000397#0,tight,60,7.16068515497553
any,porto,1372699885620000397#1,tight,5,117.00244698205546
any,porto,1372699885620000397#2,loose,60,6.814845024469821
any,porto,1372699885620000397#3,reversed,600,0.8743882544861338
any,porto,1373035662620000303#0,tight,120,1.8855263157894737
any,porto,1373035662620000303#1,tight,180,1.4105263157894736
any,porto,1373035662620000303#2,loose,180,1.425
any,porto,1373035662620000303#3,reversed,600,0.4605263157894737
any,porto,1372840736620000455#0,tight,180,2.3635036496350366
any,porto,1372840736620000455#1,tight,300,1.572992700729927
any,porto,1372840736620000455#2,loose,600,0.7824817518248175
any,porto,1372840736620000455#3,reversed,600,0.7824817518248175
any,porto,1372669911620000455#0,tight,180,0.9875
any,porto,1372669911620000455#1,tight,120,1.488888888888889
any,porto,1372669911620000455#2,loose,180,1.0208333333333333
any,porto,1372669911620000455#3,reversed,600,0.4861111111111111
any,porto,1373111090620000443#0,tight,5,85.2223439211391
any,porto,1373111090620000443#1,tight,120,2.360350492880613
any,porto,1373111090620000443#2,loose,120,2.7590361445783134
any,porto,1373111090620000443#3,reversed,600,0.778751369112815
any,porto,1372688095620000377#0,tight,15,24.252885624344177
any,porto,1372688095620000377#1,tight,60,5.36096537250787
any,porto,1372688095620000377#2,loose,180,1.9485834207764954
any,porto,1372688095620000377#3,reversed,600,0.7460650577124869
any,porto,1372695102620000472#0,tight,15,22.58232044198895
any,porto,1372695102620000472#1,tight,600,0.7856353591160221
any,porto,1372695102620000472#2,loose,600,0.7922651933701658
any,porto,1372695102620000472#3,reversed,600,0.7856353591160221
any,porto,1372663437620000496#0,tight,600,0.8776499091459722
any,porto,1372663437620000496#1,tight,300,1.523924894003634
any,porto,1372663437620000496#2,loose,300,1.523924894003634
any,porto,1372663437620000496#3,reversed,600,0.8679588128407026
any,porto,1372965444620000100#0,tight,120,2.1958384332925336
any,porto,1372965444620000100#1,tight,180,1.3121175030599754
any,porto,1372965444620000100#2,loose,120,2.5556915544675642
any,porto,1372965444620000100#3,reversed,120,2.1958384332925336
any,porto,1372662057620000620#0,tight,180,1.6721120186697782
any,porto,1372662057620000620#1,tight,180,1.6721120186697782
any,porto,1372662057620000620#2,loose,120,2.1423570595099184
any,porto,1372662057620000620#3,reversed,120,2.093348891481914
any,porto,1372853546620000363#0,tight,600,0.6829971181556196
any,porto,1372853546620000363#1,tight,600,0.6829971181556196
any,porto,1372853546620000363#2,loose,600,0.6829971181556196
any,porto,1372853546620000363#3,reversed,600,0.6829971181556196
any,porto,1372838086620000443#0,tight,180,2.135823429541596
any,porto,1372838086620000443#1,tight,600,0.6086587436332768
any,porto,1372838086620000443#2,loose,600,0.6035653650254669
any,porto,1372838086620000443#3,reversed,600,0.6035653650254669
any,porto,1372846561620000633#0,tight,300,0.9454787234042553
any,porto,1372846561620000633#1,tight,300,0.9454787234042553
any,porto,1372846561620000633#2,loose,180,1.4694148936170213
any,porto,1372846561620000633#3,reversed,600,0.4654255319148936
any,porto,1372714547620000603#0,tight,600,0.7926421404682275
any,porto,1372714547620000603#1,tight,300,1.1950947603121516
any,porto,1372714547620000603#2,loose,300,1.2073578595317727
any,porto,1372714547620000603#3,reversed,600,0.7926421404682275
any,porto,1373077514620000517#0,tight,300,0.8965952080706179
any,porto,1373077514620000517#1,tight,300,0.8965952080706179
any,porto,1373077514620000517#2,loose,300,0.8965952080706179
any,porto,1373077514620000517#3,reversed,600,0.44136191677175285
any,porto,1372774631620000289#0,tight,600,0.7460978147762747
any,porto,1372774631620000289#1,tight,180,1.8668054110301768
any,porto,1372774631620000289#2,loose,180,1.9542143600416233
any,porto,1372774631620000289#3,reversed,600,0.7398543184183143
any,porto,1372894448620000662#0,tight,180,1.3673469387755102
any,porto,1372894448620000662#1,tight,300,0.9068877551020408
any,porto,1372894448620000662#2,loose,60,4.082908163265306
any,porto,1372894448620000662#3,reversed,600,0.44642857142857145
any,porto,1372858751620000586#0,tight,180,1.64472190692395
any,porto,1372858751620000586#1,tight,300,1.2167990919409761
any,porto,1372858751620000586#2,loose,300,1.2167990919409761
any,porto,1372858751620000586#3,reversed,600,0.8070374574347332
any,porto,1372687520620000094#0,tight,120,2.2397003745318353
any,porto,1372687520620000094#1,tight,300,0.8876404494382022
any,porto,1372687520620000094#2,loose,60,5.526841448189763
any,porto,1372687520620000094#3,reversed,600,0.4369538077403246
any,porto,1372765936620000136#0,tight,5,38.175
any,porto,1372765936620000136#1,tight,300,0.9875
any,porto,1372765936620000136#2,loose,300,0.9958333333333333
any,porto,1372765936620000136#3,reversed,600,0.4861111111111111
any,porto,1372761336620000320#0,tight,300,1.1657696447793326
any,porto,1372761336620000320#1,tight,300,1.153928955866523
any,porto,1372761336620000320#2,loose,180,1.953713670613563
any,porto,1372761336620000320#3,reversed,180,1.931108719052745
any,porto,1372840684620000669#0,tight,300,0.9985955056179775
any,porto,1372840684620000669#1,tight,300,0.9985955056179775
any,porto,1372840684620000669#2,loose,120,1.7219101123595506
any,porto,1372840684620000669#3,reversed,600,0.49157303370786515
any,porto,1373024956620000080#0,tight,120,2.4460839954597047
any,porto,1373024956620000080#1,tight,300,1.2292849035187288
any,porto,1373024956620000080#2,loose,120,2.859250851305335
any,porto,1373024956620000080#3,reversed,600,0.8070374574347332
any,porto,1372766291620000662#0,tight,180,1.6721120186697782
any,porto,1372766291620000662#1,tight,30,9.084014002333722
any,porto,1372766291620000662#2,loose,300,0.8646441073512252
any,porto,1372766291620000662#3,reversed,600,0.40840140023337224
any,porto,1373099410620000472#0,tight,600,0.8144329896907216
any,porto,1373099410620000472#1,tight,300,1.2279495990836198
any,porto,1373099410620000472#2,loose,300,1.2531500572737686
any,porto,1373099410620000472#3,reversed,600,0.8213058419243986
any,porto,1372848773620000557#0,tight,300,0.8525564803804994
any,porto,1372848773620000557#1,tight,5,59.96313912009512
any,porto,1372848773620000557#2,loose,300,0.8810939357907254
any,porto,1372848773620000557#3,reversed,600,0.4173602853745541
any,porto,1373091147620000341#0,tight,180,1.351828499369483
any,porto,1373091147620000341#1,tight,300,0.8965952080706179
any,porto,1373091147620000341#2,loose,180,1.476670870113493
any,porto,1373091147620000341#3,reversed,600,0.44136191677175285
any,porto,1373141321620000195#0,tight,180,1.3673469387755102
any,porto,1373141321620000195#1,tight,180,1.3673469387755102
any,porto,1373141321620000195#2,loose,120,1.9706632653061225
any,porto,1373141321620000195#3,reversed,600,0.44642857142857145
any,porto,1372860747620000349#0,tight,180,2.1802426343154244
any,porto,1372860747620000349#1,tight,600,0.6161178509532063
any,porto,1372860747620000349#2,loose,180,2.2608318890814556
any,porto,1372860747620000349#3,reversed,600,0.621317157712305
any,porto,1372966694620000276#0,tight,300,0.8702570379436965
any,porto,1372966694620000276#1,tight,300,0.8702570379436965
any,porto,1372966694620000276#2,loose,120,2.298653610771114
any,porto,1372966694620000276#3,reversed,600,0.4283965728274174
any,porto,1373135560620000229#0,tight,30,11.128998968008256
any,porto,1373135560620000229#1,tight,300,1.106295149638803
any,porto,1373135560620000229#2,loose,300,1.1176470588235294
any,porto,1373135560620000229#3,reversed,600,0.7337461300309598
any,porto,1372875797620000074#0,tight,600,0.6118760757314974
any,porto,1372875797620000074#1,tight,600,0.617039586919105
any,porto,1372875797620000074#2,loose,300,1.2332185886402753
any,porto,1372875797620000074#3,reversed,600,0.617039586919105
any,porto,1373011514620000027#0,tight,120,1.5056179775280898
any,porto,1373011514620000027#1,tight,120,1.5056179775280898
any,porto,1373011514620000027#2,loose,120,1.5365168539325842
any,porto,1373011514620000027#3,reversed,600,0.49157303370786515
any,porto,1372984358620000436#0,tight,300,0.92578125
any,porto,1372984358620000436#1,tight,300,0.92578125
any,porto,1372984358620000436#2,loose,300,0.92578125
any,porto,1372984358620000436#3,reversed,600,0.4557291666666667
any,porto,1372720449620000561#0,tight,300,1.2956600361663653
any,porto,1372720449620000561#1,tight,300,1.2956600361663653
any,porto,1372720449620000561#2,loose,300,1.3101265822784811
any,porto,1372720449620000561#3,reversed,600,0.6482820976491862
any,porto,1372666507620000073#0,tight,180,1.4408602150537635
any,porto,1372666507620000073#1,tight,300,0.9556451612903226
any,porto,1372666507620000073#2,loose,60,3.756720430107527
any,porto,1372666507620000073#3,reversed,600,0.47043010752688175
any,porto,1372870023620000516#0,tight,300,0.9068877551020408
any,porto,1372870023620000516#1,tight,300,0.9068877551020408
any,porto,1372870023620000516#2,loose,300,0.9221938775510204
any,porto,1372870023620000516#3,reversed,180,1.3813775510204083
any,porto,1372931822620000329#0,tight,180,1.6878680800942285
any,porto,1372931822620000329#1,tight,300,0.8445229681978799
any,porto,1372931822620000329#2,loose,30,9.508833922261484
any,porto,1372931822620000329#3,reversed,180,1.6878680800942285
any,porto,1372892977620000308#0,tight,180,1.425
any,porto,1372892977620000308#1,tight,300,0.9434210526315789
any,porto,1372892977620000308#2,loose,300,0.9355263157894737
any,porto,1372892977620000308#3,reversed,600,0.4605263157894737
any,porto,1372948298620000572#0,tight,300,0.8965952080706179
any,porto,1372948298620000572#1,tight,5,48.65447667087011
any,porto,1372948298620000572#2,loose,300,0.8965952080706179
any,porto,1372948298620000572#3,reversed,600,0.44136191677175285
any,porto,1372776226620000198#0,tight,60,4.239104829210836
any,porto,1372776226620000198#1,tight,120,2.137809187279152
any,porto,1372776226620000198#2,loose,120,2.2120141342756185
any,porto,1372776226620000198#3,reversed,600,0.4122497055359246
any,porto,1372842044620000903#0,tight,600,0.8631239935587761
any,porto,1372842044620000903#1,tight,600,0.8631239935587761
any,porto,1372842044620000903#2,loose,300,1.461352657004831
any,porto,1372842044620000903#3,reversed,600,0.8719806763285024
any,porto,1372713659620000900#0,tight,180,1.3250927070457355
any,porto,1372713659620000900#1,tight,120,2.2175525339925835
any,porto,1372713659620000900#2,loose,120,2.580964153275649
any,porto,1372713659620000900#3,reversed,600,0.4326328800988875
any,porto,1372839803620000196#0,tight,0,nan
any,porto,1372839803620000196#1,tight,300,0.9355263157894737
any,porto,1372839803620000196#2,loose,300,0.9434210526315789
any,porto,1372839803620000196#3,reversed,600,0.4605263157894737
any,porto,1373153502620000600#0,tight,300,0.8876404494382022
any,porto,1373153502620000600#1,tight,300,0.8876404494382022
any,porto,1373153502620000600#2,loose,300,0.8951310861423221
any,porto,1373153502620000600#3,reversed,600,0.4369538077403246
any,porto,1373017275620000685#0,tight,120,1.8855263157894737
any,porto,1373017275620000685#1,tight,300,0.9355263157894737
any,porto,1373017275620000685#2,loose,180,1.425
any,porto,1373017275620000685#3,reversed,600,0.4605263157894737
any,porto,1372788084620000276#0,tight,30,9.21849710982659
any,porto,1372788084620000276#1,tight,300,1.239306358381503
any,porto,1372788084620000276#2,loose,600,0.8219653179190751
any,porto,1372788084620000276#3,reversed,600,0.8219653179190751
any,porto,1373066515620000011#0,tight,0,nan
any,porto,1373066515620000011#1,tight,300,1.1343915343915343
any,porto,1373066515620000011#2,loose,600,0.7587301587301587
any,porto,1373066515620000011#3,reversed,600,0.7587301587301587
any,porto,1372953892620000680#0,tight,300,1.239306358381503
any,porto,1372953892620000680#1,tight,300,1.2520231213872832
any,porto,1372953892620000680#2,loose,60,5.108670520231214
any,porto,1372953892620000680#3,reversed,600,0.8219653179190751
any,porto,1372665321620000192#0,tight,600,0.6161178509532063
any,porto,1372665321620000192#1,tight,180,2.1802426343154244
any,porto,1372665321620000192#2,loose,600,0.621317157712305
any,porto,1372665321620000192#3,reversed,600,0.6161178509532063
any,porto,1372802959620000254#0,tight,600,0.7993311036789298
any,porto,1372802959620000254#1,tight,180,1.5975473801560758
any,porto,1372802959620000254#2,loose,300,1.1950947603121516
any,porto,1372802959620000254#3,reversed,600,0.7993311036789298
any,porto,1372664221620000077#0,tight,180,1.8213197969543147
any,porto,1372664221620000077#1,tight,600,0.7279187817258883
any,porto,1372664221620000077#2,loose,180,1.8852791878172588
any,porto,1372664221620000077#3,reversed,600,0.7218274111675127
any,porto,1372936824620000565#0,tight,600,0.8070374574347332
any,porto,1372936824620000565#1,tight,600,0.8070374574347332
any,porto,1372936824620000565#2,loose,600,0.8070374574347332
any,porto,1372936824620000565#3,reversed,600,0.8070374574347332
any,porto,1372755330620000649#0,tight,300,1.21822272215973
any,porto,1372755330620000649#1,tight,300,1.2058492688413949
any,porto,1372755330620000649#2,loose,180,1.7739032620922384
any,porto,1372755330620000649#3,reversed,600,0.7997750281214848
any,porto,1372671068620000640#0,tight,300,0.9556451612903226
any,porto,1372671068620000640#1,tight,120,1.9475806451612903
any,porto,1372671068620000640#2,loose,300,0.9556451612903226
any,porto,1372671068620000640#3,reversed,60,3.4233870967741935
any,porto,1373145784620000658#0,tight,300,0.8618181818181818
any,porto,1373145784620000658#1,tight,300,0.8618181818181818
any,porto,1373145784620000658#2,loose,300,0.8618181818181818
any,porto,1373145784620000658#3,reversed,300,0.8690909090909091
any,porto,1372761680620000252#0,tight,180,1.3250927070457355
any,porto,1372761680620000252#1,tight,0,nan
any,porto,1372761680620000252#2,loose,180,1.338689740420272
any,porto,1372761680620000252#3,reversed,600,0.4326328800988875
any,porto,1372961204620000136#0,tight,300,1.4081632653061225
any,porto,1372961204620000136#1,tight,600,0.8414442700156985
any,porto,1372961204620000136#2,loose,600,0.8414442700156985
any,porto,1372961204620000136#3,reversed,600,0.8414442700156985
any,porto,1373137157620000903#0,tight,180,1.8668054110301768
any,porto,1373137157620000903#1,tight,600,0.7398543184183143
any,porto,1373137157620000903#2,loose,600,0.7460978147762747
any,porto,1373137157620000903#3,reversed,600,0.7398543184183143
any,porto,1373015654620000005#0,tight,600,0.6991150442477876
any,porto,1373015654620000005#1,tight,600,0.6991150442477876
any,porto,1373015654620000005#2,loose,600,0.6991150442477876
any,porto,1373015654620000005#3,reversed,600,0.6991150442477876
any,porto,1373115075620000640#0,tight,300,1.3980487804878048
any,porto,1373115075620000640#1,tight,120,2.8068292682926828
any,porto,1373115075620000640#2,loose,300,1.4760975609756097
any,porto,1373115075620000640#3,reversed,600,0.6936585365853658
any,porto,1372951671620000126#0,tight,60,6.577328646748682
any,porto,1372951671620000126#1,tight,60,6.257469244288225
any,porto,1372951671620000126#2,loose,600,0.624780316344464
any,porto,1372951671620000126#3,reversed,600,0.624780316344464
any,porto,1373032844620000229#0,tight,60,4.388822829964329
any,porto,1373032844620000229#1,tight,15,17.18311533888228
any,porto,1373032844620000229#2,loose,180,1.72294887039239
any,porto,1373032844620000229#3,reversed,600,0.4161712247324614
any,porto,1372797329620000014#0,tight,30,8.254681647940075
any,porto,1372797329620000014#1,tight,60,4.093632958801498
any,porto,1372797329620000014#2,loose,120,2.606741573033708
any,porto,1372797329620000014#3,reversed,600,0.4369538077403246
any,porto,1373080492620000012#0,tight,600,0.7653390742734123
any,porto,1373080492620000012#1,tight,60,5.1054897739504845
any,porto,1373080492620000012#2,loose,600,0.7717976318622174
any,porto,1373080492620000012#3,reversed,60,5.1054897739504845
any,porto,1373129746620000042#0,tight,0,nan
any,porto,1373129746620000042#1,tight,180,1.882476390346275
any,porto,1373129746620000042#2,loose,600,0.7460650577124869
any,porto,1373129746620000042#3,reversed,600,0.7460650577124869
any,porto,1373019854620000017#0,tight,60,4.053152039555006
any,porto,1373019854620000017#1,tight,300,0.8862793572311496
any,porto,1373019854620000017#2,loose,300,0.8936959208899876
any,porto,1373019854620000017#3,reversed,600,0.4326328800988875
any,porto,1372964278620000177#0,tight,600,0.6675977653631285
any,porto,1372964278620000177#1,tight,30,13.58193668528864
any,porto,1372964278620000177#2,loose,300,1.3342644320297952
any,porto,1372964278620000177#3,reversed,600,0.6675977653631285
any,porto,1372799913620000006#0,tight,60,3.381720430107527
any,porto,1372799913620000006#1,tight,180,1.4408602150537635
any,porto,1372799913620000006#2,loose,180,1.4852150537634408
any,porto,1372799913620000006#3,reversed,600,0.47043010752688175
any,porto,1373023199620000621#0,tight,600,0.8070374574347332
any,porto,1373023199620000621#1,tight,10,31.951191827468786
any,porto,1373023199620000621#2,loose,120,2.65266742338252
any,porto,1373023199620000621#3,reversed,600,0.8070374574347332
any,porto,1373091413620000067#0,tight,300,0.93359375
any,porto,1373091413620000067#1,tight,300,0.92578125
any,porto,1373091413620000067#2,loose,180,1.5247395833333333
any,porto,1373091413620000067#3,reversed,600,0.4557291666666667
any,porto,1372669349620000470#0,tight,600,0.6292035398230088
any,porto,1372669349620000470#1,tight,180,2.2265486725663717
any,porto,1372669349620000470#2,loose,60,6.382300884955752
any,porto,1372669349620000470#3,reversed,600,0.6292035398230088
any,porto,1372935570620000105#0,tight,300,0.8535414165666266
any,porto,1372935570620000105#1,tight,300,0.8535414165666266
any,porto,1372935570620000105#2,loose,300,0.8535414165666266
any,porto,1372935570620000105#3,reversed,600,0.42016806722689076
any,porto,1373112231620000196#0,tight,600,0.6292035398230088
any,porto,1373112231620000196#1,tight,300,1.2681415929203539
any,porto,1373112231620000196#2,loose,600,0.6345132743362832
any,porto,1373112231620000196#3,reversed,600,0.6292035398230088
any,porto,1373048498620000100#0,tight,300,1.1639522258414767
any,porto,1373048498620000100#1,tight,300,1.1758957654723128
any,porto,1373048498620000100#2,loose,600,0.7785016286644951
any,porto,1373048498620000100#3,reversed,600,0.7719869706840391
any,porto,1372875249620000452#0,tight,30,11.169907881269191
any,porto,1372875249620000452#1,tight,180,1.8362333674513818
any,porto,1372875249620000452#2,loose,300,1.119754350051177
any,porto,1372875249620000452#3,reversed,180,1.8362333674513818
any,porto,1373101583620000605#0,tight,30,9.685549132947976
any,porto,1373101583620000605#1,tight,300,1.239306358381503
any,porto,1373101583620000605#2,loose,600,0.8219653179190751
any,porto,1373101583620000605#3,reversed,600,0.8219653179190751
any,porto,1373080558620000140#0,tight,15,17.753977968176255
any,porto,1373080558620000140#1,tight,120,2.1958384332925336
any,porto,1373080558620000140#2,loose,120,2.5556915544675642
any,porto,1373080558620000140#3,reversed,600,0.4283965728274174
any,porto,1372951420620000280#0,tight,120,1.4725274725274726
any,porto,1372951420620000280#1,tight,120,1.4876373626373627
any,porto,1372951420620000280#2,loose,180,1.0508241758241759
any,porto,1372951420620000280#3,reversed,600,0.4807692307692308
any,porto,1372682438620000055#0,tight,180,2.0009174311926605
any,porto,1372682438620000055#1,tight,300,1.3146788990825689
any,porto,1372682438620000055#2,loose,300,1.388073394495413
any,porto,1372682438620000055#3,reversed,600,0.6522935779816513
any,porto,1372862943620000620#0,tight,300,0.9875
any,porto,1372862943620000620#1,tight,120,1.488888888888889
any,porto,1372862943620000620#2,loose,120,1.7027777777777777
any,porto,1372862943620000620#3,reversed,600,0.4861111111111111
any,porto,1372738424620000273#0,tight,180,2.093178036605657
any,porto,1372738424620000273#1,tight,300,1.5099833610648918
any,porto,1372738424620000273#2,loose,600,0.9101497504159733
any,porto,1372738424620000273#3,reversed,600,0.9009983361064892
any,porto,1372790068620000233#0,tight,300,0.8965952080706179
any,porto,1372790068620000233#1,tight,300,0.8965952080706179
any,porto,1372790068620000233#2,loose,300,0.9117276166456494
any,porto,1372790068620000233#3,reversed,600,0.44136191677175285
any,porto,1372676125620000030#0,tight,600,0.7218274111675127
any,porto,1372676125620000030#1,tight,180,1.8213197969543147
any,porto,1372676125620000030#2,loose,180,1.8852791878172588
any,porto,1372676125620000030#3,reversed,180,1.8213197969543147
any,porto,1372867323620000039#0,tight,180,1.8213197969543147
any,porto,1372867323620000039#1,tight,180,1.8213197969543147
any,porto,1372867323620000039#2,loose,60,5.7228426395939085
any,porto,1372867323620000039#3,reversed,600,0.7218274111675127
any,porto,1372688284620000523#0,tight,600,0.7926421404682275
any,porto,1372688284620000523#1,tight,15,19.08361204013378
any,porto,1372688284620000523#2,loose,120,2.6053511705685617
any,porto,1372688284620000523#3,reversed,600,0.7926421404682275
any,porto,1372691379620000435#0,tight,15,18.14487632508834
any,porto,1372691379620000435#1,tight,180,1.6878680800942285
any,porto,1372691379620000435#2,loose,120,2.1625441696113072
any,porto,1372691379620000435#3,reversed,600,0.4122497055359246
any,porto,1372869291620000206#0,tight,180,1.7202881152460985
any,porto,1372869291620000206#1,tight,300,0.8535414165666266
any,porto,1372869291620000206#2,loose,300,0.8895558223289316
any,porto,1372869291620000206#3,reversed,600,0.42016806722689076
any,porto,1372862487620000249#0,tight,15,27.15709156193896
any,porto,1372862487620000249#1,tight,60,5.8231597845601435
any,porto,1372862487620000249#2,loose,600,0.6436265709156194
any,porto,1372862487620000249#3,reversed,600,0.6382405745062837
any,porto,1372760481620000408#0,tight,300,1.2405498281786942
any,porto,1372760481620000408#1,tight,600,0.8144329896907216
any,porto,1372760481620000408#2,loose,120,2.8854524627720504
any,porto,1372760481620000408#3,reversed,600,0.8144329896907216
any,porto,1373042807620000172#0,tight,300,1.6543990799309949
any,porto,1373042807620000172#1,tight,15,34.56411730879816
any,porto,1373042807620000172#2,loose,600,0.8424381828637147
any,porto,1373042807620000172#3,reversed,600,0.824036802760207
any,porto,1372839306620000084#0,tight,300,1.319672131147541
any,porto,1372839306620000084#1,tight,600,0.6530054644808743
any,porto,1372839306620000084#2,loose,600,0.6584699453551912
any,porto,1372839306620000084#3,reversed,600,0.6475409836065574
any,porto,1372745762620000188#0,tight,600,0.8219653179190751
any,porto,1372745762620000188#1,tight,600,0.8219653179190751
any,porto,1372745762620000188#2,loose,600,0.8289017341040462
any,porto,1372745762620000188#3,reversed,600,0.8219653179190751
any,porto,1372653472620000403#0,tight,300,0.9556451612903226
any,porto,1372653472620000403#1,tight,300,0.9556451612903226
any,porto,1372653472620000403#2,loose,120,2.0120967741935485
any,porto,1372653472620000403#3,reversed,600,0.47043010752688175
any,porto,1373040781620000671#0,tight,30,14.267660910518053
any,porto,1373040781620000671#1,tight,600,0.8414442700156985
any,porto,1373040781620000671#2,loose,600,0.8500784929356358
any,porto,1373040781620000671#3,reversed,180,2.258241758241758
any,porto,1372672048620000617#0,tight,600,0.8664
any,porto,1372672048620000617#1,tight,600,0.8576
any,porto,1372672048620000617#2,loose,600,0.8664
any,porto,1372672048620000617#3,reversed,600,0.8576
any,porto,1373057127620000360#0,tight,120,2.628482972136223
any,porto,1373057127620000360#1,tight,10,33.470588235294116
any,porto,1373057127620000360#2,loose,60,7.179566563467493
any,porto,1373057127620000360#3,reversed,600,0.7337461300309598
any,porto,1372794762620000569#0,tight,600,0.6669793621013134
any,porto,1372794762620000569#1,tight,300,1.3442776735459663
any,porto,1372794762620000569#2,loose,300,1.4193245778611632
any,porto,1372794762620000569#3,reversed,600,0.6669793621013134
any,porto,1373045155620000198#0,tight,300,1.2167990919409761
any,porto,1373045155620000198#1,tight,600,0.8070374574347332
any,porto,1373045155620000198#2,loose,300,1.2792281498297389
any,porto,1373045155620000198#3,reversed,120,2.4460839954597047
any,porto,1372972299620000267#0,tight,300,0.8876404494382022
any,porto,1372972299620000267#1,tight,180,1.3383270911360798
any,porto,1372972299620000267#2,loose,300,0.9026217228464419
any,porto,1372972299620000267#3,reversed,600,0.4369538077403246
any,porto,1372768184620000343#0,tight,180,1.3673469387755102
any,porto,1372768184620000343#1,tight,300,0.9068877551020408
any,porto,1372768184620000343#2,loose,180,1.3813775510204083
any,porto,1372768184620000343#3,reversed,600,0.44642857142857145
any,porto,1373136541620000625#0,tight,600,0.7268456375838926
any,porto,1373136541620000625#1,tight,15,43.89664429530201
any,porto,1373136541620000625#2,loose,300,1.463758389261745
any,porto,1373136541620000625#3,reversed,600,0.7194630872483222
any,porto,1373076584620000395#0,tight,180,1.7039239001189062
any,porto,1373076584620000395#1,tight,180,1.7039239001189062
any,porto,1373076584620000395#2,loose,180,1.72294887039239
any,porto,1373076584620000395#3,reversed,180,1.7039239001189062
any,porto,1373016645620000577#0,tight,180,1.5975473801560758
any,porto,1373016645620000577#1,tight,120,2.402452619843924
any,porto,1373016645620000577#2,loose,300,1.1950947603121516
any,porto,1373016645620000577#3,reversed,600,0.7926421404682275
any,porto,1372671854620000330#0,tight,600,0.7717976318622174
any,porto,1372671854620000330#1,tight,0,nan
any,porto,1372671854620000330#2,loose,600,0.7782561894510226
any,porto,1372671854620000330#3,reversed,600,0.7653390742734123
any,porto,1372927896620000623#0,tight,600,0.7337461300309598
any,porto,1372927896620000623#1,tight,10,43.27863777089783
any,porto,1372927896620000623#2,loose,120,3.0443756449948403
any,porto,1372927896620000623#3,reversed,600,0.739938080495356
any,porto,1372783274620000001#0,tight,180,1.6011049723756907
any,porto,1372783274620000001#1,tight,300,1.196685082872928
any,porto,1372783274620000001#2,loose,600,0.7856353591160221
any,porto,1372783274620000001#3,reversed,600,0.7856353591160221
any,porto,1372897420620000621#0,tight,15,20.432727272727274
any,porto,1372897420620000621#1,tight,120,2.1745454545454543
any,porto,1372897420620000621#2,loose,120,2.2763636363636364
any,porto,1372897420620000621#3,reversed,600,0.42424242424242425
any,porto,1372704842620000621#0,tight,300,0.8876404494382022
any,porto,1372704842620000621#1,tight,300,0.8951310861423221
any,porto,1372704842620000621#2,loose,180,1.352059925093633
any,porto,1372704842620000621#3,reversed,600,0.4369538077403246
any,porto,1372786162620000158#0,tight,120,2.4099447513812153
any,porto,1372786162620000158#1,tight,600,0.7856353591160221
any,porto,1372786162620000158#2,loose,120,2.783425414364641
any,porto,1372786162620000158#3,reversed,600,0.7856353591160221
any,porto,1373047038620000611#0,tight,300,1.775657555440949
any,porto,1373047038620000611#1,tight,600,0.925219185146983
any,porto,1373047038620000611#2,loose,600,0.925219185146983
any,porto,1373047038620000611#3,reversed,600,0.925219185146983
any,porto,1373111914620000007#0,tight,600,0.8070374574347332
any,porto,1373111914620000007#1,tight,600,0.8070374574347332
any,porto,1373111914620000007#2,loose,600,0.8070374574347332
any,porto,1373111914620000007#3,reversed,600,0.8070374574347332
any,porto,1372954465620000319#0,tight,600,0.7277379733879222
any,porto,1372954465620000319#1,tight,600,0.7277379733879222
any,porto,1372954465620000319#2,loose,180,1.9007164790174003
any,porto,1372954465620000319#3,reversed,600,0.7277379733879222
any,porto,1373057742620000310#0,tight,5,97.03699421965318
any,porto,1373057742620000310#1,tight,300,1.2520231213872832
any,porto,1373057742620000310#2,loose,300,1.239306358381503
any,porto,1373057742620000310#3,reversed,600,0.8219653179190751
any,porto,1372780226620000074#0,tight,180,1.6566473988439305
any,porto,1372780226620000074#1,tight,180,1.6566473988439305
any,porto,1372780226620000074#2,loose,120,2.5514450867052023
any,porto,1372780226620000074#3,reversed,600,0.8219653179190751
any,porto,1373009616620000137#0,tight,30,7.749054224464061
any,porto,1373009616620000137#1,tight,300,0.8965952080706179
any,porto,1373009616620000137#2,loose,300,0.9041614123581336
any,porto,1373009616620000137#3,reversed,600,0.44136191677175285
any,porto,1372709745620000665#0,tight,10,16.738636363636363
any,porto,1372709745620000665#1,tight,300,1.0099431818181819
any,porto,1372709745620000665#2,loose,300,1.0269886363636365
any,porto,1372709745620000665#3,reversed,600,0.4971590909090909
any,porto,1373105777620000410#0,tight,120,1.8070617906683482
any,porto,1373105777620000410#1,tight,30,7.653215636822194
any,porto,1373105777620000410#2,loose,120,2.08953341740227
any,porto,1373105777620000410#3,reversed,600,0.44136191677175285
any,porto,1372933316620000153#0,tight,600,0.7856353591160221
any,porto,1372933316620000153#1,tight,60,4.83646408839779
any,porto,1372933316620000153#2,loose,300,1.196685082872928
any,porto,1372933316620000153#3,reversed,600,0.7856353591160221
any,porto,1372861456620000426#0,tight,300,1.3765609990393852
any,porto,1372861456620000426#1,tight,10,40.64457252641691
any,porto,1372861456620000426#2,loose,300,1.3765609990393852
any,porto,1372861456620000426#3,reversed,600,0.6887608069164265
any,porto,1373014700620000066#0,tight,300,0.8788627935723115
any,porto,1373014700620000066#1,tight,180,1.3250927070457355
any,porto,1373014700620000066#2,loose,180,1.3794808405438814
any,porto,1373014700620000066#3,reversed,600,0.4326328800988875
any,porto,1373013101620000263#0,tight,180,1.2993939393939393
any,porto,1373013101620000263#1,tight,120,2.1745454545454543
any,porto,1373013101620000263#2,loose,300,0.8618181818181818
any,porto,1373013101620000263#3,reversed,120,2.1745454545454543
any,porto,1372663807620000649#0,tight,60,6.014098690835851
any,porto,1372663807620000649#1,tight,120,2.897280966767372
any,porto,1372663807620000649#2,loose,180,1.9969788519637461
any,porto,1372663807620000649#3,reversed,600,0.7220543806646526
any,porto,1372877945620000041#0,tight,10,39.822404371584696
any,porto,1372877945620000041#1,tight,180,1.9626593806921675
any,porto,1372877945620000041#2,loose,300,1.319672131147541
any,porto,1372877945620000041#3,reversed,600,0.6475409836065574
any,porto,1373070630620000042#0,tight,600,0.6829971181556196
any,porto,1373070630620000042#1,tight,600,0.6829971181556196
any,porto,1373070630620000042#2,loose,600,0.6829971181556196
any,porto,1373070630620000042#3,reversed,600,0.6829971181556196
any,porto,1372939301620000542#0,tight,5,76.97333333333333
any,porto,1372939301620000542#1,tight,180,1.2993939393939393
any,porto,1372939301620000542#2,loose,180,1.3527272727272728
any,porto,1372939301620000542#3,reversed,30,8.28
any,porto,1372853649620000131#0,tight,300,1.2681415929203539
any,porto,1372853649620000131#1,tight,180,2.2265486725663717
any,porto,1372853649620000131#2,loose,60,6.382300884955752
any,porto,1372853649620000131#3,reversed,600,0.6292035398230088
any,porto,1372664278620000665#0,tight,180,1.4408602150537635
any,porto,1372664278620000665#1,tight,300,0.9556451612903226
any,porto,1372664278620000665#2,loose,300,0.9556451612903226
any,porto,1372664278620000665#3,reversed,600,0.47043010752688175
any,porto,1372759905620000423#0,tight,300,1.3980487804878048
any,porto,1372759905620000423#1,tight,600,0.6936585365853658
any,porto,1372759905620000423#2,loose,120,3.2985365853658535
any,porto,1372759905620000423#3,reversed,300,1.3980487804878048
any,porto,1372783426620000468#0,tight,600,0.6204188481675392
any,porto,1372783426620000468#1,tight,300,1.25043630017452
any,porto,1372783426620000468#2,loose,300,1.25043630017452
any,porto,1372783426620000468#3,reversed,600,0.6204188481675392
any,porto,1372879376620000080#0,tight,300,1.3765609990393852
any,porto,1372879376620000080#1,tight,120,2.7636887608069163
any,porto,1372879376620000080#2,loose,600,0.6945244956772334
any,porto,1372879376620000080#3,reversed,600,0.6829971181556196
any,porto,1373042024620000224#0,tight,60,9.524153074027604
any,porto,1373042024620000224#1,tight,600,1.0156838143036386
any,porto,1373042024620000224#2,loose,600,1.0156838143036386
any,porto,1373042024620000224#3,reversed,600,1.0156838143036386
any,porto,1372749709620000523#0,tight,300,1.2956600361663653
any,porto,1372749709620000523#1,tight,300,1.2956600361663653
any,porto,1372749709620000523#2,loose,600,0.6537070524412296
any,porto,1372749709620000523#3,reversed,600,0.6482820976491862
any,porto,1372889284620000216#0,tight,600,0.7277379733879222
any,porto,1372889284620000216#1,tight,600,0.7277379733879222
any,porto,1372889284620000216#2,loose,600,0.7277379733879222
any,porto,1372889284620000216#3,reversed,600,0.7277379733879222
any,porto,1372952968620000239#0,tight,30,9.452023121387283
any,porto,1372952968620000239#1,tight,30,9.685549132947976
any,porto,1372952968620000239#2,loose,180,1.730635838150289
any,porto,1372952968620000239#3,reversed,600,0.8219653179190751
any,porto,1372790581620000620#0,tight,300,0.9556451612903226
any,porto,1372790581620000620#1,tight,10,23.673387096774192
any,porto,1372790581620000620#2,loose,120,2.2271505376344085
any,porto,1372790581620000620#3,reversed,600,0.47043010752688175
any,porto,1372845583620000576#0,tight,300,1.2292849035187288
any,porto,1372845583620000576#1,tight,600,0.8070374574347332
any,porto,1372845583620000576#2,loose,300,1.2167990919409761
any,porto,1372845583620000576#3,reversed,600,0.8070374574347332
any,porto,1373112039620000044#0,tight,180,1.352059925093633
any,porto,1373112039620000044#1,tight,180,1.3383270911360798
any,porto,1373112039620000044#2,loose,60,4.247191011235955
any,porto,1373112039620000044#3,reversed,600,0.4369538077403246
any,porto,1372702855620000314#0,tight,30,8.28
any,porto,1372702855620000314#1,tight,180,1.2993939393939393
any,porto,1372702855620000314#2,loose,120,2.3527272727272726
any,porto,1372702855620000314#3,reversed,600,0.42424242424242425
any,porto,1372928327620000254#0,tight,600,0.8394844756883422
any,porto,1372928327620000254#1,tight,600,0.8394844756883422
any,porto,1372928327620000254#2,loose,600,0.8582308142940832
any,porto,1372928327620000254#3,reversed,600,0.8394844756883422
any,porto,1373034192620000409#0,tight,120,2.475595913734393
any,porto,1373034192620000409#1,tight,180,1.64472190692395
any,porto,1373034192620000409#2,loose,300,1.2417707150964812
any,porto,1373034192620000409#3,reversed,600,0.8070374574347332
any,porto,1372893738620000351#0,tight,180,0.9875
any,porto,1372893738620000351#1,tight,120,1.488888888888889
any,porto,1372893738620000351#2,loose,120,1.7027777777777777
any,porto,1372893738620000351#3,reversed,600,0.4861111111111111
any,porto,1373122849620000146#0,tight,600,0.7588046958377801
any,porto,1373122849620000146#1,tight,30,10.653148345784418
any,porto,1373122849620000146#2,loose,600,0.7652081109925294
any,porto,1373122849620000146#3,reversed,600,0.7588046958377801
any,porto,1373028145620000314#0,tight,300,0.8690909090909091
any,porto,1373028145620000314#1,tight,300,0.8690909090909091
any,porto,1373028145620000314#2,loose,120,2.2254545454545456
any,porto,1373028145620000314#3,reversed,600,0.42424242424242425
any,porto,1373001784620000360#0,tight,5,62.3183520599251
any,porto,1373001784620000360#1,tight,180,1.3383270911360798
any,porto,1373001784620000360#2,loose,300,0.8951310861423221
any,porto,1373001784620000360#3,reversed,600,0.4369538077403246
any,porto,1373027377620000341#0,tight,60,2.9930555555555554
any,porto,1373027377620000341#1,tight,120,1.488888888888889
any,porto,1373027377620000341#2,loose,300,1.0041666666666667
any,porto,1373027377620000341#3,reversed,600,0.4861111111111111
any,porto,1372819627620000268#0,tight,120,1.4725274725274726
any,porto,1372819627620000268#1,tight,180,0.9848901098901099
any,porto,1372819627620000268#2,loose,300,1.0178571428571428
any,porto,1372819627620000268#3,reversed,600,0.4807692307692308
any,porto,1372685624620000222#0,tight,120,2.491329479768786
any,porto,1372685624620000222#1,tight,180,1.6566473988439305
any,porto,1372685624620000222#2,loose,300,1.2647398843930635
any,porto,1372685624620000222#3,reversed,600,0.8219653179190751
any,porto,1373150106620000031#0,tight,180,1.6878680800942285
any,porto,1373150106620000031#1,tight,180,1.6878680800942285
any,porto,1373150106620000031#2,loose,60,4.455830388692579
any,porto,1373150106620000031#3,reversed,600,0.4122497055359246
any,porto,1372672820620000398#0,tight,180,1.4408602150537635
any,porto,1372672820620000398#1,tight,300,0.9637096774193549
any,porto,1372672820620000398#2,loose,180,1.5
any,porto,1372672820620000398#3,reversed,600,0.47043010752688175
any,porto,1372695873620000235#0,tight,180,1.3383270911360798
any,porto,1372695873620000235#1,tight,300,0.8951310861423221
any,porto,1372695873620000235#2,loose,120,2.606741573033708
any,porto,1372695873620000235#3,reversed,600,0.4369538077403246
any,porto,1372748249620000640#0,tight,15,30.86660929432014
any,porto,1372748249620000640#1,tight,180,2.1652323580034425
any,porto,1372748249620000640#2,loose,300,1.302065404475043
any,porto,1372748249620000640#3,reversed,600,0.6118760757314974
any,porto,1372767137620000163#0,tight,600,0.8144329896907216
any,porto,1372767137620000163#1,tight,600,0.8144329896907216
any,porto,1372767137620000163#2,loose,180,1.6964490263459335
any,porto,1372767137620000163#3,reversed,600,0.8144329896907216
any,porto,1372765627620000031#0,tight,30,13.481515711645102
any,porto,1372765627620000031#1,tight,0,nan
any,porto,1372765627620000031#2,loose,180,2.063770794824399
any,porto,1372765627620000031#3,reversed,600,0.6571164510166358
any,porto,1373030003620000480#0,tight,600,0.7398543184183143
any,porto,1373030003620000480#1,tight,60,5.797086368366285
any,porto,1373030003620000480#2,loose,180,2.063475546305931
any,porto,1373030003620000480#3,reversed,600,0.7398543184183143
any,porto,1372790554620000123#0,tight,120,2.402452619843924
any,porto,1372790554620000123#1,tight,180,1.5975473801560758
any,porto,1372790554620000123#2,loose,300,1.2196209587513935
any,porto,1372790554620000123#3,reversed,600,0.7926421404682275
any,porto,1372846274620000618#0,tight,300,0.9985955056179775
any,porto,1372846274620000618#1,tight,300,0.9985955056179775
any,porto,1372846274620000618#2,loose,120,1.5365168539325842
any,porto,1372846274620000618#3,reversed,600,0.49157303370786515
any,porto,1372883059620000051#0,tight,300,0.9985955056179775
any,porto,1372883059620000051#1,tight,180,0.9985955056179775
any,porto,1372883059620000051#2,loose,120,1.6137640449438202
any,porto,1372883059620000051#3,reversed,600,0.49157303370786515
any,porto,1373063240620000160#0,tight,5,93.55132743362832
any,porto,1373063240620000160#1,tight,5,184.72300884955752
any,porto,1373063240620000160#2,loose,600,0.6345132743362832
any,porto,1373063240620000160#3,reversed,600,0.6292035398230088
any,porto,1373015408620000039#0,tight,15,16.389369592089
any,porto,1373015408620000039#1,tight,120,2.2175525339925835
any,porto,1373015408620000039#2,loose,300,0.9159456118665018
any,porto,1373015408620000039#3,reversed,600,0.4326328800988875
any,porto,1372923708620000353#0,tight,600,0.7460650577124869
any,porto,1372923708620000353#1,tight,600,0.7460650577124869
any,porto,1372923708620000353#2,loose,600,0.7523609653725079
any,porto,1372923708620000353#3,reversed,600,0.7460650577124869
any,porto,1372889109620000276#0,tight,10,29.702002355712604
any,porto,1372889109620000276#1,tight,300,0.8374558303886925
any,porto,1372889109620000276#2,loose,180,1.8574793875147233
any,porto,1372889109620000276#3,reversed,600,0.4122497055359246
any,porto,1372890248620000426#0,tight,180,1.6878680800942285
any,porto,1372890248620000426#1,tight,300,0.8374558303886925
any,porto,1372890248620000426#2,loose,60,5.810365135453475
any,porto,1372890248620000426#3,reversed,600,0.4122497055359246
any,porto,1372719807620000308#0,tight,120,1.8278061224489797
any,porto,1372719807620000308#1,tight,60,3.669642857142857
any,porto,1372719807620000308#2,loose,180,1.4936224489795917
any,porto,1372719807620000308#3,reversed,600,0.44642857142857145
any,porto,1372859161620000653#0,tight,180,1.7039239001189062
any,porto,1372859161620000653#1,tight,5,58.64090368608799
any,porto,1372859161620000653#2,loose,300,0.845422116527943
any,porto,1372859161620000653#3,reversed,600,0.4161712247324614
any,porto,1372820563620000263#0,tight,10,72.65114235500879
any,porto,1372820563620000263#1,tight,600,0.6300527240773286
any,porto,1372820563620000263#2,loose,600,0.6300527240773286
any,porto,1372820563620000263#3,reversed,600,0.624780316344464
any,porto,1373065375620000496#0,tight,120,2.8289085545722714
any,porto,1373065375620000496#1,tight,300,1.0540806293018683
any,porto,1373065375620000496#2,loose,300,1.064896755162242
any,porto,1373065375620000496#3,reversed,600,0.6991150442477876
any,porto,1373143399620000057#0,tight,0,nan
any,porto,1373143399620000057#1,tight,60,5.302475780409042
any,porto,1373143399620000057#2,loose,300,1.1657696447793326
any,porto,1373143399620000057#3,reversed,600,0.7653390742734123
any,porto,1373007088620000904#0,tight,600,0.9421326397919376
any,porto,1373007088620000904#1,tight,600,0.9317295188556567
any,porto,1373007088620000904#2,loose,600,0.9421326397919376
any,porto,1373007088620000904#3,reversed,600,0.9421326397919376
any,porto,1372749911620000089#0,tight,600,0.8780841799709724
any,porto,1372749911620000089#1,tight,600,0.8679245283018868
any,porto,1372749911620000089#2,loose,300,1.741170778906628
any,porto,1372749911620000089#3,reversed,600,0.8679245283018868
any,porto,1373050757620000364#0,tight,600,0.7460650577124869
any,porto,1373050757620000364#1,tight,600,0.7460650577124869
any,porto,1373050757620000364#2,loose,300,1.1364113326337881
any,porto,1373050757620000364#3,reversed,600,0.7460650577124869
any,porto,1373035706620000535#0,tight,300,0.9534574468085106
any,porto,1373035706620000535#1,tight,300,0.9454787234042553
any,porto,1373035706620000535#2,loose,180,1.4694148936170213
any,porto,1373035706620000535#3,reversed,600,0.4654255319148936
any,porto,1372709468620000326#0,tight,10,45.73065015479876
any,porto,1372709468620000326#1,tight,300,1.1176470588235294
any,porto,1372709468620000326#2,loose,300,1.1630546955624355
any,porto,1372709468620000326#3,reversed,600,0.7337461300309598
any,porto,1372874753620000488#0,tight,600,0.966824644549763
any,porto,1372874753620000488#1,tight,600,0.9557661927330173
any,porto,1372874753620000488#2,loose,300,1.705107951553449
any,porto,1372874753620000488#3,reversed,600,0.966824644549763
any,porto,1372672380620000206#0,tight,300,1.099492385786802
any,porto,1372672380620000206#1,tight,300,1.0883248730964468
any,porto,1372672380620000206#2,loose,300,1.0883248730964468
any,porto,1372672380620000206#3,reversed,600,0.7218274111675127
any,porto,1372941603620000594#0,tight,120,2.2397003745318353
any,porto,1372941603620000594#1,tight,300,0.8876404494382022
any,porto,1372941603620000594#2,loose,180,1.3932584269662922
any,porto,1372941603620000594#3,reversed,600,0.4369538077403246
any,porto,1372689562620000108#0,tight,300,0.8951310861423221
any,porto,1372689562620000108#1,tight,180,1.3383270911360798
any,porto,1372689562620000108#2,loose,300,0.8876404494382022
any,porto,1372689562620000108#3,reversed,600,0.4369538077403246
any,porto,1372928870620000320#0,tight,180,1.882476390346275
any,porto,1372928870620000320#1,tight,180,1.882476390346275
any,porto,1372928870620000320#2,loose,600,0.7586568730325288
any,porto,1372928870620000320#3,reversed,600,0.7460650577124869
any,porto,1372755643620000334#0,tight,300,1.2332185886402753
any,porto,1372755643620000334#1,tight,600,0.617039586919105
any,porto,1372755643620000334#2,loose,300,1.2332185886402753
any,porto,1372755643620000334#3,reversed,600,0.617039586919105
any,porto,1372737505620000688#0,tight,300,0.92578125
any,porto,1372737505620000688#1,tight,300,0.93359375
any,porto,1372737505620000688#2,loose,180,1.41015625
any,porto,1372737505620000688#3,reversed,600,0.4557291666666667
any,porto,1372890858620000598#0,tight,300,1.2863554757630162
any,porto,1372890858620000598#1,tight,60,6.05475763016158
any,porto,1372890858620000598#2,loose,120,3.1642728904847397
any,porto,1372890858620000598#3,reversed,600,0.6382405745062837
any,porto,1372721303620000178#0,tight,180,1.7202881152460985
any,porto,1372721303620000178#1,tight,180,1.7202881152460985
any,porto,1372721303620000178#2,loose,300,0.8535414165666266
any,porto,1372721303620000178#3,reversed,600,0.42016806722689076
any,porto,1373072532620000458#0,tight,120,1.5227272727272727
any,porto,1373072532620000458#1,tight,120,1.5227272727272727
any,porto,1373072532620000458#2,loose,300,1.0269886363636365
any,porto,1373072532620000458#3,reversed,600,0.4971590909090909
any,porto,1373055290620000243#0,tight,30,6.444293478260869
any,porto,1373055290620000243#1,tight,300,0.9660326086956522
any,porto,1373055290620000243#2,loose,180,1.516304347826087
any,porto,1373055290620000243#3,reversed,600,0.47554347826086957
any,porto,1372927898620000328#0,tight,180,0.9875
any,porto,1372927898620000328#1,tight,180,0.9958333333333333
any,porto,1372927898620000328#2,loose,180,1.0208333333333333
any,porto,1372927898620000328#3,reversed,600,0.4861111111111111
any,porto,1372691421620000050#0,tight,180,1.583425414364641
any,porto,1372691421620000050#1,tight,15,19.8353591160221
any,porto,1372691421620000050#2,loose,300,1.208839779005525
any,porto,1372691421620000050#3,reversed,600,0.7922651933701658
any,porto,1373045549620000680#0,tight,180,1.351828499369483
any,porto,1373045549620000680#1,tight,300,0.8965952080706179
any,porto,1373045549620000680#2,loose,300,0.9041614123581336
any,porto,1373045549620000680#3,reversed,600,0.44136191677175285
any,porto,1373035297620000518#0,tight,120,1.488888888888889
any,porto,1373035297620000518#1,tight,120,1.488888888888889
any,porto,1373035297620000518#2,loose,120,1.5958333333333334
any,porto,1373035297620000518#3,reversed,600,0.4861111111111111
any,porto,1372800875620000252#0,tight,180,1.3250927070457355
any,porto,1372800875620000252#1,tight,0,nan
any,porto,1372800875620000252#2,loose,300,0.9159456118665018
any,porto,1372800875620000252#3,reversed,600,0.4326328800988875
any,porto,1373043214620000157#0,tight,600,0.8292496171516079
any,porto,1373043214620000157#1,tight,600,0.8208269525267994
any,porto,1373043214620000157#2,loose,300,1.389739663093415
any,porto,1373043214620000157#3,reversed,600,0.8208269525267994
any,porto,1372694357620000419#0,tight,30,6.375
any,porto,1372694357620000419#1,tight,300,0.9556451612903226
any,porto,1372694357620000419#2,loose,180,1.5
any,porto,1372694357620000419#3,reversed,600,0.47043010752688175
any,porto,1372845641620000030#0,tight,600,0.6829971181556196
any,porto,1372845641620000030#1,tight,600,0.6829971181556196
any,porto,1372845641620000030#2,loose,120,3.2478386167146973
any,porto,1372845641620000030#3,reversed,600,0.6829971181556196
any,porto,1372922037620000074#0,tight,600,0.7997750281214848
any,porto,1372922037620000074#1,tight,180,1.611923509561305
any,porto,1372922037620000074#2,loose,300,1.2058492688413949
any,porto,1372922037620000074#3,reversed,600,0.7997750281214848
any,porto,1372861182620000065#0,tight,60,3.7155612244897958
any,porto,1372861182620000065#1,tight,300,0.9068877551020408
any,porto,1372861182620000065#2,loose,60,4.082908163265306
any,porto,1372861182620000065#3,reversed,600,0.44642857142857145
any,porto,1373042554620000513#0,tight,600,0.9734129137276181
any,porto,1373042554620000513#1,tight,600,0.9734129137276181
any,porto,1373042554620000513#2,loose,600,0.9734129137276181
any,porto,1373042554620000513#3,reversed,180,2.7362995116657625
any,porto,1373028134620000409#0,tight,60,3.6279949558638083
any,porto,1373028134620000409#1,tight,300,0.8965952080706179
any,porto,1373028134620000409#2,loose,300,0.8965952080706179
any,porto,1373028134620000409#3,reversed,600,0.44136191677175285
any,porto,1372720548620000454#0,tight,180,1.4105263157894736
any,porto,1372720548620000454#1,tight,60,3.432894736842105
any,porto,1372720548620000454#2,loose,60,3.8815789473684212
any,porto,1372720548620000454#3,reversed,600,0.4605263157894737
any,porto,1372969372620000649#0,tight,180,1.6878680800942285
any,porto,1372969372620000649#1,tight,180,1.6878680800942285
any,porto,1372969372620000649#2,loose,180,1.8574793875147233
any,porto,1372969372620000649#3,reversed,600,0.4122497055359246
any,porto,1372851371620000095#0,tight,60,5.406349206349207
any,porto,1372851371620000095#1,tight,15,20.26772486772487
any,porto,1372851371620000095#2,loose,180,2.0984126984126985
any,porto,1372851371620000095#3,reversed,600,0.7523809523809524
any,porto,1372712937620000436#0,tight,120,2.1331747919143877
any,porto,1372712937620000436#1,tight,180,1.7039239001189062
any,porto,1372712937620000436#2,loose,300,0.8810939357907254
any,porto,1372712937620000436#3,reversed,600,0.4161712247324614
any,porto,1372675335620000451#0,tight,120,2.8513379583746286
any,porto,1372675335620000451#1,tight,180,1.777998017839445
any,porto,1372675335620000451#2,loose,300,1.0842418235877107
any,porto,1372675335620000451#3,reversed,600,0.7046580773042617
any,porto,1372861267620000397#0,tight,180,1.0099431818181819
any,porto,1372861267620000397#1,tight,300,1.0184659090909092
any,porto,1372861267620000397#2,loose,180,1.0355113636363635
any,porto,1372861267620000397#3,reversed,600,0.4971590909090909
any,porto,1372660219620000663#0,tight,600,0.624780316344464
any,porto,1372660219620000663#1,tight,15,27.042179261862916
any,porto,1372660219620000663#2,loose,600,0.624780316344464
any,porto,1372660219620000663#3,reversed,600,0.624780316344464
any,porto,1373071549620000671#0,tight,300,0.8788627935723115
any,porto,1373071549620000671#1,tight,15,19.262051915945612
any,porto,1373071549620000671#2,loose,60,4.458590852904821
any,porto,1373071549620000671#3,reversed,600,0.4326328800988875
any,porto,1373109185620000658#0,tight,300,1.2520231213872832
any,porto,1373109185620000658#1,tight,180,1.6751445086705203
any,porto,1373109185620000658#2,loose,300,1.239306358381503
any,porto,1373109185620000658#3,reversed,600,0.8219653179190751
any,porto,1372662052620000560#0,tight,180,1.611923509561305
any,porto,1372662052620000560#1,tight,300,1.21822272215973
any,porto,1372662052620000560#2,loose,120,2.482564679415073
any,porto,1372662052620000560#3,reversed,600,0.7997750281214848
any,porto,1372699908620000391#0,tight,30,15.324161073825504
any,porto,1372699908620000391#1,tight,180,2.415436241610738
any,porto,1372699908620000391#2,loose,180,2.5389261744966443
any,porto,1372699908620000391#3,reversed,600,0.7268456375838926
any,porto,1372944939620000473#0,tight,180,2.242424242424242
any,porto,1372944939620000473#1,tight,600,0.6336898395721925
any,porto,1372944939620000473#2,loose,600,0.6336898395721925
any,porto,1372944939620000473#3,reversed,600,0.6336898395721925
any,porto,1372721896620000632#0,tight,10,29.702002355712604
any,porto,1372721896620000632#1,tight,30,8.943462897526501
any,porto,1372721896620000632#2,loose,300,0.8515901060070671
any,porto,1372721896620000632#3,reversed,600,0.4122497055359246
any,porto,1372672674620000686#0,tight,120,2.874125874125874
any,porto,1372672674620000686#1,tight,15,26.62037962037962
any,porto,1372672674620000686#2,loose,180,1.981018981018981
any,porto,1372672674620000686#3,reversed,600,0.7102897102897103
any,porto,1372776169620000324#0,tight,120,1.8855263157894737
any,porto,1372776169620000324#1,tight,300,0.9355263157894737
any,porto,1372776169620000324#2,loose,300,0.975
any,porto,1372776169620000324#3,reversed,600,0.4605263157894737
any,porto,1372829190620000529#0,tight,180,1.4105263157894736
any,porto,1372829190620000529#1,tight,180,1.4105263157894736
any,porto,1372829190620000529#2,loose,180,1.4684210526315788
any,porto,1372829190620000529#3,reversed,600,0.4605263157894737
any,porto,1373054933620000199#0,tight,600,0.7926421404682275
any,porto,1373054933620000199#1,tight,15,21.0546265328874
any,porto,1373054933620000199#2,loose,300,1.2196209587513935
any,porto,1373054933620000199#3,reversed,60,4.879598662207358
any,porto,1372948330620000664#0,tight,300,1.2681415929203539
any,porto,1372948330620000664#1,tight,180,2.2265486725663717
any,porto,1372948330620000664#2,loose,600,0.6345132743362832
any,porto,1372948330620000664#3,reversed,600,0.6292035398230088
any,porto,1372762810620000084#0,tight,600,0.778751369112815
any,porto,1372762810620000084#1,tight,300,1.1861993428258488
any,porto,1372762810620000084#2,loose,600,0.778751369112815
any,porto,1372762810620000084#3,reversed,600,0.778751369112815
any,porto,1372722307620000472#0,tight,300,0.8876404494382022
any,porto,1372722307620000472#1,tight,300,0.8876404494382022
any,porto,1372722307620000472#2,loose,300,0.9250936329588015
any,porto,1372722307620000472#3,reversed,600,0.4369538077403246
any,porto,1372964280620000077#0,tight,300,0.9454787234042553
any,porto,1372964280620000077#1,tight,180,1.425531914893617
any,porto,1372964280620000077#2,loose,300,0.9534574468085106
any,porto,1372964280620000077#3,reversed,600,0.4654255319148936
any,porto,1372765910620000256#0,tight,600,0.9711581793600721
any,porto,1372765910620000256#1,tight,600,0.9711581793600721
any,porto,1372765910620000256#2,loose,600,0.9828751689950428
any,porto,1372765910620000256#3,reversed,600,0.9945921586300135
any,porto,1373117447620000073#0,tight,600,0.7856353591160221
any,porto,1373117447620000073#1,tight,120,2.4099447513812153
any,porto,1373117447620000073#2,loose,180,1.6364640883977901
any,porto,1373117447620000073#3,reversed,120,2.3812154696132595
any,porto,1372832538620000424#0,tight,5,40.93333333333333
any,porto,1372832538620000424#1,tight,120,1.488888888888889
any,porto,1372832538620000424#2,loose,60,4.040277777777778
any,porto,1372832538620000424#3,reversed,600,0.4861111111111111
any,porto,1372760778620000361#0,tight,10,36.96416938110749
any,porto,1372760778620000361#1,tight,600,0.7719869706840391
any,porto,1372760778620000361#2,loose,600,0.7850162866449512
any,porto,1372760778620000361#3,reversed,600,0.7719869706840391
any,porto,1372708068620000426#0,tight,120,1.5056179775280898
any,porto,1372708068620000426#1,tight,60,3.063202247191011
any,porto,1372708068620000426#2,loose,300,1.0154494382022472
any,porto,1372708068620000426#3,reversed,600,0.49157303370786515
any,porto,1372955653620000006#0,tight,600,0.9009983361064892
any,porto,1372955653620000006#1,tight,600,0.891846921797005
any,porto,1372955653620000006#2,loose,600,0.9009983361064892
any,porto,1372955653620000006#3,reversed,600,0.891846921797005
any,porto,1372927941620000472#0,tight,300,0.8618181818181818
any,porto,1372927941620000472#1,tight,300,0.8618181818181818
any,porto,1372927941620000472#2,loose,120,2.2254545454545456
any,porto,1372927941620000472#3,reversed,600,0.42424242424242425
any,porto,1373031985620000503#0,tight,300,0.8776009791921665
any,porto,1373031985620000503#1,tight,15,17.12607099143207
any,porto,1373031985620000503#2,loose,120,2.375764993880049
any,porto,1373031985620000503#3,reversed,600,0.4283965728274174
any,porto,1372860562620000331#0,tight,180,2.4684499314128945
any,porto,1372860562620000331#1,tight,600,0.7352537722908093
any,porto,1372860562620000331#2,loose,600,0.7352537722908093
any,porto,1372860562620000331#3,reversed,60,7.559670781893004
any,porto,1373035291620000008#0,tight,300,0.8296382730455076
any,porto,1373035291620000008#1,tight,5,101.66044340723454
any,porto,1373035291620000008#2,loose,180,1.7281213535589266
any,porto,1373035291620000008#3,reversed,180,1.6721120186697782
any,porto,1372839796620000534#0,tight,120,1.4725274725274726
any,porto,1372839796620000534#1,tight,300,0.9848901098901099
any,porto,1372839796620000534#2,loose,120,1.5782967032967032
any,porto,1372839796620000534#3,reversed,600,0.4807692307692308
any,porto,1373141328620000276#0,tight,180,1.9146211312700108
any,porto,1373141328620000276#1,tight,180,1.9370330843116328
any,porto,1373141328620000276#2,loose,600,0.7716115261472786
any,porto,1373141328620000276#3,reversed,600,0.7588046958377801
any,porto,1372988744620000388#0,tight,600,0.8144329896907216
any,porto,1372988744620000388#1,tight,10,27.027491408934708
any,porto,1372988744620000388#2,loose,300,1.290950744558992
any,porto,1372988744620000388#3,reversed,600,0.8144329896907216
any,porto,1372871152620000608#0,tight,180,1.0184659090909092
any,porto,1372871152620000608#1,tight,300,1.0099431818181819
any,porto,1372871152620000608#2,loose,300,1.0525568181818181
any,porto,1372871152620000608#3,reversed,600,0.4971590909090909
any,porto,1372705809620000372#0,tight,180,1.7067137809187278
any,porto,1372705809620000372#1,tight,300,0.8515901060070671
any,porto,1372705809620000372#2,loose,180,1.7632508833922262
any,porto,1372705809620000372#3,reversed,600,0.4122497055359246
any,porto,1372787463620000658#0,tight,180,1.6878680800942285
any,porto,1372787463620000658#1,tight,120,2.1130742049469964
any,porto,1372787463620000658#2,loose,300,0.8515901060070671
any,porto,1372787463620000658#3,reversed,600,0.4122497055359246
any,porto,1373095467620000174#0,tight,300,1.2058492688413949
any,porto,1373095467620000174#1,tight,600,0.7997750281214848
any,porto,1373095467620000174#2,loose,300,1.21822272215973
any,porto,1373095467620000174#3,reversed,600,0.7997750281214848
any,porto,1372672508620000315#0,tight,600,0.6382405745062837
any,porto,1372672508620000315#1,tight,180,1.9578096947935368
any,porto,1372672508620000315#2,loose,120,3.421903052064632
any,porto,1372672508620000315#3,reversed,600,0.6382405745062837
any,porto,1372667938620000480#0,tight,180,0.9766483516483516
any,porto,1372667938620000480#1,tight,300,0.9766483516483516
any,porto,1372667938620000480#2,loose,60,3.995879120879121
any,porto,1372667938620000480#3,reversed,600,0.4807692307692308
any,porto,1372657532620000073#0,tight,60,5.269613259668509
any,porto,1372657532620000073#1,tight,300,1.196685082872928
any,porto,1372657532620000073#2,loose,600,0.7856353591160221
any,porto,1372657532620000073#3,reversed,600,0.7856353591160221
any,porto,1373150726620000002#0,tight,300,0.8445229681978799
any,porto,1373150726620000002#1,tight,300,0.8374558303886925
any,porto,1373150726620000002#2,loose,300,0.8374558303886925
any,porto,1373150726620000002#3,reversed,300,0.8445229681978799
any,porto,1373061237620000260#0,tight,180,1.4565217391304348
any,porto,1373061237620000260#1,tight,300,0.9660326086956522
any,porto,1373061237620000260#2,loose,120,2.251358695652174
any,porto,1373061237620000260#3,reversed,600,0.47554347826086957
any,tdrive,6790/11#0,tight,300,2.9272665764546684
any,tdrive,6790/11#1,tight,600,1.5564952638700946
any,tdrive,6790/11#2,loose,600,1.4617726657645467
any,tdrive,6790/11#3,reversed,600,1.537550744248985
any,tdrive,6789/13#0,tight,600,6.288793103448276
any,tdrive,6789/13#1,tight,30,140.4698275862069
any,tdrive,6789/13#2,loose,600,6.208333333333333
any,tdrive,6789/13#3,reversed,600,6.288793103448276
any,tdrive,476/3#0,tight,60,62.46291208791209
any,tdrive,476/3#1,tight,600,6.6826923076923075
any,tdrive,476/3#2,loose,600,6.5151098901098905
any,tdrive,476/3#3,reversed,600,6.850274725274725
any,tdrive,6916/16#0,tight,120,27.510882016036657
any,tdrive,6916/16#1,tight,600,5.206185567010309
any,tdrive,6916/16#2,loose,300,10.0446735395189
any,tdrive,6916/16#3,reversed,600,4.949599083619702
any,tdrive,2835/5#0,tight,300,9.953461975028377
any,tdrive,2835/5#1,tight,180,17.26901248581158
any,tdrive,2835/5#2,loose,600,5.031782065834279
any,tdrive,2835/5#3,reversed,600,5.095346197502837
any,tdrive,5556/28#0,tight,600,5.78479381443299
any,tdrive,5556/28#1,tight,60,72.70747422680412
any,tdrive,5556/28#2,loose,600,5.712628865979381
any,tdrive,5556/28#3,reversed,600,5.568298969072165
any,tdrive,7192/34#0,tight,120,26.176878612716763
any,tdrive,7192/34#1,tight,600,5.1895953757225435
any,tdrive,7192/34#2,loose,600,4.995375722543352
any,tdrive,7192/34#3,reversed,600,5.383815028901734
any,tdrive,8925/42#0,tight,600,7.170454545454546
any,tdrive,8925/42#1,tight,600,6.910511363636363
any,tdrive,8925/42#2,loose,600,6.823863636363637
any,tdrive,8925/42#3,reversed,600,7.083806818181818
any,tdrive,1981/67#0,tight,600,6.089285714285714
any,tdrive,1981/67#1,tight,30,130.49587912087912
any,tdrive,1981/67#2,loose,600,5.93543956043956
any,tdrive,1981/67#3,reversed,600,6.243131868131868
any,tdrive,6627/11#0,tight,600,4.5022900763358775
any,tdrive,6627/11#1,tight,300,8.917557251908397
any,tdrive,6627/11#2,loose,300,9.381679389312977
any,tdrive,6627/11#3,reversed,600,4.5022900763358775
any,tdrive,6140/16#0,tight,600,6.444293478260869
any,tdrive,6140/16#1,tight,600,6.610054347826087
any,tdrive,6140/16#2,loose,600,6.361413043478261
any,tdrive,6140/16#3,reversed,600,6.444293478260869
any,tdrive,3566/0#0,tight,180,11.240770465489566
any,tdrive,3566/0#1,tight,60,33.40128410914928
any,tdrive,3566/0#2,loose,600,3.4590690208667736
any,tdrive,3566/0#3,reversed,600,3.5425361155698236
any,tdrive,1981/44#0,tight,600,6.5151098901098905
any,tdrive,1981/44#1,tight,600,6.934065934065934
any,tdrive,1981/44#2,loose,600,6.5151098901098905
any,tdrive,1981/44#3,reversed,600,6.766483516483516
any,tdrive,7091/2#0,tight,120,11.142194744976816
any,tdrive,7091/2#1,tight,180,7.613601236476043
any,tdrive,7091/2#2,loose,300,4.557959814528593
any,tdrive,7091/2#3,reversed,600,2.21483771251932
any,tdrive,6510/34#0,tight,600,4.978094194961665
any,tdrive,6510/34#1,tight,600,5.039430449069004
any,tdrive,6510/34#2,loose,600,4.855421686746988
any,tdrive,6510/34#3,reversed,600,4.794085432639649
any,tdrive,26/22#0,tight,600,6.156944444444444
any,tdrive,26/22#1,tight,300,12.179166666666667
any,tdrive,26/22#2,loose,600,6.001388888888889
any,tdrive,26/22#3,reversed,600,6.468055555555556
any,tdrive,5276/8#0,tight,600,4.3870481927710845
any,tdrive,5276/8#1,tight,600,4.3870481927710845
any,tdrive,5276/8#2,loose,600,4.441265060240964
any,tdrive,5276/8#3,reversed,600,4.495481927710843
any,tdrive,8067/0#0,tight,600,5.066889632107023
any,tdrive,8067/0#1,tight,600,4.81716833890747
any,tdrive,8067/0#2,loose,600,4.81716833890747
any,tdrive,8067/0#3,reversed,600,5.254180602006689
any,tdrive,8725/30#0,tight,300,11.184948979591837
any,tdrive,8725/30#1,tight,600,5.582908163265306
any,tdrive,8725/30#2,loose,120,28.637755102040817
any,tdrive,8725/30#3,reversed,600,5.79719387755102
any,tdrive,1769/21#0,tight,600,6.5151098901098905
any,tdrive,1769/21#1,tight,600,6.6826923076923075
any,tdrive,1769/21#2,loose,600,6.431318681318682
any,tdrive,1769/21#3,reversed,600,6.5151098901098905
any,tdrive,342/19#0,tight,30,134.1638888888889
any,tdrive,342/19#1,tight,600,6.502777777777778
any,tdrive,342/19#2,loose,600,6.5875
any,tdrive,342/19#3,reversed,600,6.841666666666667
any,tdrive,622/55#0,tight,600,5.958333333333333
any,tdrive,622/55#1,tight,600,6.108870967741935
any,tdrive,622/55#2,loose,600,5.807795698924731
any,tdrive,622/55#3,reversed,600,5.883064516129032
any,tdrive,5586/7#0,tight,600,5.883064516129032
any,tdrive,5586/7#1,tight,120,33.125
any,tdrive,5586/7#2,loose,300,11.443548387096774
any,tdrive,5586/7#3,reversed,600,5.883064516129032
any,tdrive,8850/26#0,tight,600,6.431318681318682
any,tdrive,8850/26#1,tight,600,6.5151098901098905
any,tdrive,8850/26#2,loose,600,6.431318681318682
any,tdrive,8850/26#3,reversed,600,6.6826923076923075
any,tdrive,8973/1#0,tight,600,6.288793103448276
any,tdrive,8973/1#1,tight,600,6.530172413793103
any,tdrive,8973/1#2,loose,600,6.288793103448276
any,tdrive,8973/1#3,reversed,600,6.530172413793103
any,tdrive,1538/0#0,tight,120,34.09233176838811
any,tdrive,1538/0#1,tight,600,6.937402190923318
any,tdrive,1538/0#2,loose,600,6.762128325508607
any,tdrive,1538/0#3,reversed,600,6.849765258215962
any,tdrive,10035/2#0,tight,120,35.40948275862069
any,tdrive,10035/2#1,tight,600,6.530172413793103
any,tdrive,10035/2#2,loose,600,6.369252873563219
any,tdrive,10035/2#3,reversed,600,6.449712643678161
any,tdrive,2593/33#0,tight,10,401.446273830156
any,tdrive,2593/33#1,tight,30,89.85875216637781
any,tdrive,2593/33#2,loose,600,3.744367417677643
any,tdrive,2593/33#3,reversed,600,3.744367417677643
any,tdrive,5685/30#0,tight,30,129.1513888888889
any,tdrive,5685/30#1,tight,600,6.2347222222222225
any,tdrive,5685/30#2,loose,600,6.079166666666667
any,tdrive,5685/30#3,reversed,600,6.468055555555556
any,tdrive,5255/0#0,tight,600,6.849765258215962
any,tdrive,5255/0#1,tight,600,7.112676056338028
any,tdrive,5255/0#2,loose,600,6.849765258215962
any,tdrive,5255/0#3,reversed,600,7.287949921752738
any,tdrive,151/34#0,tight,600,5.410383189122373
any,tdrive,151/34#1,tight,180,18.80593325092707
any,tdrive,151/34#2,loose,300,10.695920889987638
any,tdrive,151/34#3,reversed,600,5.825710754017305
any,tdrive,6387/17#0,tight,600,6.226123595505618
any,tdrive,6387/17#1,tight,600,6.383426966292135
any,tdrive,6387/17#2,loose,600,6.068820224719101
any,tdrive,6387/17#3,reversed,600,6.226123595505618
any,tdrive,342/35#0,tight,600,6.068820224719101
any,tdrive,342/35#1,tight,60,63.33848314606742
any,tdrive,342/35#2,loose,600,6.147471910112359
any,tdrive,342/35#3,reversed,600,6.383426966292135
any,tdrive,778/1#0,tight,15,235.3114956736712
any,tdrive,778/1#1,tight,600,5.548825710754017
any,tdrive,778/1#2,loose,600,5.410383189122373
any,tdrive,778/1#3,reversed,600,5.687268232385661
any,tdrive,1253/47#0,tight,600,6.048529411764706
any,tdrive,1253/47#1,tight,600,6.048529411764706
any,tdrive,1253/47#2,loose,300,12.44264705882353
any,tdrive,1253/47#3,reversed,600,6.198529411764706
any,tdrive,3269/11#0,tight,600,6.356340288924558
any,tdrive,3269/11#1,tight,15,347.97110754414126
any,tdrive,3269/11#2,loose,600,6.356340288924558
any,tdrive,3269/11#3,reversed,600,6.438202247191011
any,tdrive,8067/36#0,tight,600,5.470868014268728
any,tdrive,8067/36#1,tight,60,55.25921521997622
any,tdrive,8067/36#2,loose,600,5.271105826397147
any,tdrive,8067/36#3,reversed,600,5.4042806183115335
any,tdrive,8189/25#0,tight,300,10.80274656679151
any,tdrive,8189/25#1,tight,600,5.464419475655431
any,tdrive,8189/25#2,loose,600,5.534332084893883
any,tdrive,8189/25#3,reversed,600,5.7440699126092385
any,tdrive,26/37#0,tight,600,6.079166666666667
any,tdrive,26/37#1,tight,600,6.3125
any,tdrive,26/37#2,loose,600,6.001388888888889
any,tdrive,26/37#3,reversed,600,6.3125
any,tdrive,7365/11#0,tight,30,103.86363636363636
any,tdrive,7365/11#1,tight,600,3.6619318181818183
any,tdrive,7365/11#2,loose,600,3.5738636363636362
any,tdrive,7365/11#3,reversed,600,3.6619318181818183
any,tdrive,622/27#0,tight,600,6.610054347826087
any,tdrive,622/27#1,tight,600,6.444293478260869
any,tdrive,622/27#2,loose,600,6.444293478260869
any,tdrive,622/27#3,reversed,600,6.610054347826087
any,tdrive,4851/20#0,tight,600,3.8954305799648505
any,tdrive,4851/20#1,tight,120,19.02372583479789
any,tdrive,4851/20#2,loose,600,3.84622144112478
any,tdrive,4851/20#3,reversed,600,3.84622144112478
any,tdrive,4881/16#0,tight,600,6.610054347826087
any,tdrive,4881/16#1,tight,600,6.361413043478261
any,tdrive,4881/16#2,loose,600,6.5271739130434785
any,tdrive,4881/16#3,reversed,600,6.444293478260869
any,tdrive,10030/36#0,tight,120,21.41767955801105
any,tdrive,10030/36#1,tight,600,4.488397790055249
any,tdrive,10030/36#2,loose,600,4.375690607734807
any,tdrive,10030/36#3,reversed,600,4.432044198895028
any,tdrive,5055/11#0,tight,60,60.654545454545456
any,tdrive,5055/11#1,tight,300,10.488484848484848
any,tdrive,5055/11#2,loose,10,696.1345454545454
any,tdrive,5055/11#3,reversed,600,5.712727272727273
any,tdrive,274/1#0,tight,600,6.650568181818182
any,tdrive,274/1#1,tight,600,6.823863636363637
any,tdrive,274/1#2,loose,600,6.737215909090909
any,tdrive,274/1#3,reversed,600,6.823863636363637
any,tdrive,3476/36#0,tight,600,6.456989247311828
any,tdrive,3476/36#1,tight,600,6.375
any,tdrive,3476/36#2,loose,600,6.456989247311828
any,tdrive,3476/36#3,reversed,600,6.293010752688172
any,tdrive,4772/53#0,tight,600,6.5989010989010985
any,tdrive,4772/53#1,tight,600,6.766483516483516
any,tdrive,4772/53#2,loose,600,6.431318681318682
any,tdrive,4772/53#3,reversed,600,6.766483516483516
any,tdrive,9686/65#0,tight,600,6.089285714285714
any,tdrive,9686/65#1,tight,600,5.93543956043956
any,tdrive,9686/65#2,loose,600,6.012362637362638
any,tdrive,9686/65#3,reversed,600,6.089285714285714
any,tdrive,5976/7#0,tight,600,5.685526315789474
any,tdrive,5976/7#1,tight,180,21.275
any,tdrive,5976/7#2,loose,600,5.685526315789474
any,tdrive,5976/7#3,reversed,600,5.75921052631579
any,tdrive,3440/14#0,tight,300,11.41711956521739
any,tdrive,3440/14#1,tight,600,6.099184782608695
any,tdrive,3440/14#2,loose,600,5.8709239130434785
any,tdrive,3440/14#3,reversed,600,5.947010869565218
any,tdrive,3269/38#0,tight,600,6.937402190923318
any,tdrive,3269/38#1,tight,600,7.287949921752738
any,tdrive,3269/38#2,loose,180,22.887323943661972
any,tdrive,3269/38#3,reversed,600,7.025039123630673
any,tdrive,9719/25#0,tight,15,259.7443519619501
any,tdrive,9719/25#1,tight,600,5.470868014268728
any,tdrive,9719/25#2,loose,600,5.204518430439952
any,tdrive,9719/25#3,reversed,600,5.204518430439952
any,tdrive,2049/5#0,tight,600,5.845801526717557
any,tdrive,2049/5#1,tight,600,5.705343511450382
any,tdrive,2049/5#2,loose,600,5.4946564885496185
any,tdrive,2049/5#3,reversed,600,5.4946564885496185
any,tdrive,3762/20#0,tight,600,5.424107142857143
any,tdrive,3762/20#1,tight,600,5.424107142857143
any,tdrive,3762/20#2,loose,600,5.355654761904762
any,tdrive,3762/20#3,reversed,600,5.424107142857143
any,tdrive,7883/35#0,tight,180,5.718985334918748
any,tdrive,7883/35#1,tight,300,3.6135552913198574
any,tdrive,7883/35#2,loose,600,1.7126436781609196
any,tdrive,7883/35#3,reversed,600,1.845818470075307
any,tdrive,4656/28#0,tight,180,18.299157303370787
any,tdrive,4656/28#1,tight,600,5.11938202247191
any,tdrive,4656/28#2,loose,600,5.183988764044944
any,tdrive,4656/28#3,reversed,600,5.11938202247191
any,tdrive,9031/68#0,tight,600,6.444293478260869
any,tdrive,9031/68#1,tight,600,6.444293478260869
any,tdrive,9031/68#2,loose,600,6.444293478260869
any,tdrive,9031/68#3,reversed,600,6.775815217391305
any,tdrive,6774/15#0,tight,180,21.337078651685392
any,tdrive,6774/15#1,tight,600,7.004213483146067
any,tdrive,6774/15#2,loose,600,6.747191011235955
any,tdrive,6774/15#3,reversed,600,6.661516853932584
any,tdrive,8819/18#0,tight,30,121.56599286563615
any,tdrive,8819/18#1,tight,300,10.426872770511297
any,tdrive,8819/18#2,loose,600,5.137931034482759
any,tdrive,8819/18#3,reversed,600,5.204518430439952
any,tdrive,642/23#0,tight,600,6.610054347826087
any,tdrive,642/23#1,tight,600,6.5271739130434785
any,tdrive,642/23#2,loose,600,6.5271739130434785
any,tdrive,642/23#3,reversed,600,6.610054347826087
any,tdrive,4851/57#0,tight,600,3.913170731707317
any,tdrive,4851/57#1,tight,60,49.990243902439026
any,tdrive,4851/57#2,loose,600,3.8634146341463413
any,tdrive,4851/57#3,reversed,600,3.913170731707317
any,tdrive,622/42#0,tight,600,6.5151098901098905
any,tdrive,622/42#1,tight,600,6.5151098901098905
any,tdrive,622/42#2,loose,300,12.381868131868131
any,tdrive,622/42#3,reversed,600,6.5151098901098905
any,tdrive,5556/29#0,tight,600,5.590163934426229
any,tdrive,5556/29#1,tight,600,5.731399747793191
any,tdrive,5556/29#2,loose,600,5.448928121059269
any,tdrive,5556/29#3,reversed,600,5.5195460277427495
any,tdrive,7094/20#0,tight,15,131.6195826645265
any,tdrive,7094/20#1,tight,600,2.947030497592295
any,tdrive,7094/20#2,loose,600,2.947030497592295
any,tdrive,7094/20#3,reversed,600,2.913322632423756
any,tdrive,532/57#0,tight,600,5.947010869565218
any,tdrive,532/57#1,tight,600,6.175271739130435
any,tdrive,532/57#2,loose,600,5.8709239130434785
any,tdrive,532/57#3,reversed,600,6.099184782608695
any,tdrive,6982/3#0,tight,600,3.5805555555555557
any,tdrive,6982/3#1,tight,600,3.5375
any,tdrive,6982/3#2,loose,600,3.4944444444444445
any,tdrive,6982/3#3,reversed,600,3.623611111111111
any,tdrive,7091/34#0,tight,300,10.551839464882944
any,tdrive,7091/34#1,tight,600,4.879598662207358
any,tdrive,7091/34#2,loose,600,4.942028985507246
any,tdrive,7091/34#3,reversed,600,4.879598662207358
any,tdrive,8296/18#0,tight,600,4.376302083333333
any,tdrive,8296/18#1,tight,300,8.55859375
any,tdrive,8296/18#2,loose,600,4.216145833333333
any,tdrive,8296/18#3,reversed,600,4.483072916666667
any,tdrive,465/34#0,tight,600,5.93543956043956
any,tdrive,465/34#1,tight,600,6.243131868131868
any,tdrive,465/34#2,loose,600,5.93543956043956
any,tdrive,465/34#3,reversed,600,6.012362637362638
any,tdrive,503/37#0,tight,600,6.5151098901098905
any,tdrive,503/37#1,tight,600,6.5989010989010985
any,tdrive,503/37#2,loose,600,6.431318681318682
any,tdrive,503/37#3,reversed,600,6.5151098901098905
any,tdrive,6790/53#0,tight,600,1.1362916006339143
any,tdrive,6790/53#1,tight,60,9.464342313787638
any,tdrive,6790/53#2,loose,600,1.1458003169572109
any,tdrive,6790/53#3,reversed,600,1.126782884310618
any,tdrive,5370/4#0,tight,600,6.524709302325581
any,tdrive,5370/4#1,tight,15,318.1918604651163
any,tdrive,5370/4#2,loose,600,6.280523255813954
any,tdrive,5370/4#3,reversed,600,6.280523255813954
any,tdrive,8725/24#0,tight,600,4.455163043478261
any,tdrive,8725/24#1,tight,600,4.510869565217392
any,tdrive,8725/24#2,loose,180,14.400815217391305
any,tdrive,8725/24#3,reversed,600,4.399456521739131
any,tdrive,2180/36#0,tight,15,192.53299492385787
any,tdrive,2180/36#1,tight,600,4.614213197969543
any,tdrive,2180/36#2,loose,300,9.02030456852792
any,tdrive,2180/36#3,reversed,600,4.443654822335025
any,tdrive,4234/52#0,tight,60,9.969088098918084
any,tdrive,4234/52#1,tight,300,2.21483771251932
any,tdrive,4234/52#2,loose,600,1.1174652241112828
any,tdrive,4234/52#3,reversed,600,1.0989180834621328
any,tdrive,1709/33#0,tight,300,11.66090425531915
any,tdrive,1709/33#1,tight,600,5.969414893617022
any,tdrive,1709/33#2,loose,300,11.66090425531915
any,tdrive,1709/33#3,reversed,600,5.894946808510638
any,tdrive,503/7#0,tight,60,63.866573033707866
any,tdrive,503/7#1,tight,600,6.661516853932584
any,tdrive,503/7#2,loose,600,6.575842696629214
any,tdrive,503/7#3,reversed,600,6.661516853932584
any,tdrive,5055/18#0,tight,600,4.305851063829787
any,tdrive,5055/18#1,tight,600,4.414893617021277
any,tdrive,5055/18#2,loose,600,4.414893617021277
any,tdrive,5055/18#3,reversed,600,4.360372340425532
any,tdrive,8279/47#0,tight,600,7.517996870109546
any,tdrive,8279/47#1,tight,600,7.899843505477309
any,tdrive,8279/47#2,loose,600,7.327073552425665
any,tdrive,8279/47#3,reversed,600,7.708920187793427
any,tdrive,35/28#0,tight,600,1.752988047808765
any,tdrive,35/28#1,tight,600,1.7324037184594954
any,tdrive,35/28#2,loose,300,3.3924302788844622
any,tdrive,35/28#3,reversed,600,1.6706507304116867
any,tdrive,7531/9#0,tight,60,80.70921052631579
any,tdrive,7531/9#1,tight,600,5.980263157894737
any,tdrive,7531/9#2,loose,600,5.685526315789474
any,tdrive,7531/9#3,reversed,600,5.75921052631579
any,tdrive,6790/13#0,tight,600,1.4777701778385772
any,tdrive,6790/13#1,tight,600,1.5352257181942544
any,tdrive,6790/13#2,loose,300,3.1576607387140903
any,tdrive,6790/13#3,reversed,300,2.9593023255813953
any,tdrive,4153/37#0,tight,600,5.383815028901734
any,tdrive,4153/37#1,tight,300,10.13757225433526
any,tdrive,4153/37#2,loose,0,nan
any,tdrive,4153/37#3,reversed,600,4.995375722543352
any,tdrive,5255/20#0,tight,600,7.708920187793427
any,tdrive,5255/20#1,tight,600,7.422535211267606
any,tdrive,5255/20#2,loose,600,7.517996870109546
any,tdrive,5255/20#3,reversed,600,7.899843505477309
any,tdrive,459/21#0,tight,600,4.9235095613048365
any,tdrive,459/21#1,tight,120,26.68278965129359
any,tdrive,459/21#2,loose,600,4.986501687289089
any,tdrive,459/21#3,reversed,600,5.049493813273341
any,tdrive,3284/43#0,tight,600,7.004213483146067
any,tdrive,3284/43#1,tight,600,6.575842696629214
any,tdrive,3284/43#2,loose,600,6.661516853932584
any,tdrive,3284/43#3,reversed,600,6.832865168539326
any,tdrive,1932/2#0,tight,300,11.924744897959183
any,tdrive,1932/2#1,tight,30,135.65433673469389
any,tdrive,1932/2#2,loose,10,592.093112244898
any,tdrive,1932/2#3,reversed,600,5.725765306122449
any,tdrive,1675/41#0,tight,600,6.327445652173913
any,tdrive,1675/41#1,tight,600,6.099184782608695
any,tdrive,1675/41#2,loose,600,5.8709239130434785
any,tdrive,1675/41#3,reversed,600,5.8709239130434785
any,tdrive,1981/3#0,tight,60,48.76598837209303
any,tdrive,1981/3#1,tight,600,4.443313953488372
any,tdrive,1981/3#2,loose,600,4.181686046511628
any,tdrive,1981/3#3,reversed,600,4.286337209302325
any,tdrive,7094/16#0,tight,30,133.03058510638297
any,tdrive,7094/16#1,tight,60,66.46010638297872
any,tdrive,7094/16#2,loose,600,5.820478723404255
any,tdrive,7094/16#3,reversed,600,6.0438829787234045
any,tdrive,5331/39#0,tight,600,7.708920187793427
any,tdrive,5331/39#1,tight,600,7.613458528951487
any,tdrive,5331/39#2,loose,600,7.422535211267606
any,tdrive,5331/39#3,reversed,600,7.422535211267606
any,tdrive,10035/61#0,tight,180,21.099719101123597
any,tdrive,10035/61#1,tight,600,6.383426966292135
any,tdrive,10035/61#2,loose,600,6.226123595505618
any,tdrive,10035/61#3,reversed,600,6.226123595505618
any,tdrive,8418/22#0,tight,600,6.930059523809524
any,tdrive,8418/22#1,tight,600,6.680059523809524
any,tdrive,8418/22#2,loose,600,6.596726190476191
any,tdrive,8418/22#3,reversed,600,6.596726190476191
any,tdrive,8725/26#0,tight,600,5.548825710754017
any,tdrive,8725/26#1,tight,600,5.410383189122373
any,tdrive,8725/26#2,loose,600,5.341161928306551
any,tdrive,8725/26#3,reversed,600,5.341161928306551
any,tdrive,9677/16#0,tight,600,2.6379310344827585
any,tdrive,9677/16#1,tight,60,27.5933908045977
any,tdrive,9677/16#2,loose,600,2.5775862068965516
any,tdrive,9677/16#3,reversed,600,2.668103448275862
any,tdrive,6287/8#0,tight,600,3.510783200908059
any,tdrive,6287/8#1,tight,30,79.95686719636777
any,tdrive,6287/8#2,loose,600,3.3064699205448354
any,tdrive,6287/8#3,reversed,600,3.388195232690125
any,tdrive,9339/16#0,tight,600,6.001388888888889
any,tdrive,9339/16#1,tight,600,6.001388888888889
any,tdrive,9339/16#2,loose,600,6.001388888888889
any,tdrive,9339/16#3,reversed,600,6.468055555555556
any,tdrive,3749/14#0,tight,600,5.5195460277427495
any,tdrive,3749/14#1,tight,60,60.62673392181589
any,tdrive,3749/14#2,loose,600,5.448928121059269
any,tdrive,3749/14#3,reversed,600,5.731399747793191
any,tdrive,293/20#0,tight,600,3.8736702127659575
any,tdrive,293/20#1,tight,600,3.8736702127659575
any,tdrive,293/20#2,loose,180,13.434840425531915
any,tdrive,293/20#3,reversed,600,3.8257978723404253
any,tdrive,9719/0#0,tight,600,5.568298969072165
any,tdrive,9719/0#1,tight,600,5.568298969072165
any,tdrive,9719/0#2,loose,600,5.568298969072165
any,tdrive,9719/0#3,reversed,600,5.712628865979381
any,tdrive,5634/13#0,tight,600,5.4042806183115335
any,tdrive,5634/13#1,tight,600,5.137931034482759
any,tdrive,5634/13#2,loose,600,5.204518430439952
any,tdrive,5634/13#3,reversed,600,5.204518430439952
any,tdrive,9117/49#0,tight,600,6.361413043478261
any,tdrive,9117/49#1,tight,600,6.610054347826087
any,tdrive,9117/49#2,loose,600,6.444293478260869
any,tdrive,9117/49#3,reversed,600,6.9415760869565215
any,tdrive,2118/50#0,tight,600,6.910511363636363
any,tdrive,2118/50#1,tight,600,6.997159090909091
any,tdrive,2118/50#2,loose,600,6.823863636363637
any,tdrive,2118/50#3,reversed,600,6.737215909090909
any,tdrive,5451/18#0,tight,15,72.98234349919743
any,tdrive,5451/18#1,tight,600,1.738362760834671
any,tdrive,5451/18#2,loose,600,1.7207062600321028
any,tdrive,5451/18#3,reversed,600,1.7207062600321028
any,tdrive,7302/21#0,tight,600,6.918539325842697
any,tdrive,7302/21#1,tight,300,12.660112359550562
any,tdrive,7302/21#2,loose,600,6.747191011235955
any,tdrive,7302/21#3,reversed,600,7.089887640449438
any,tdrive,274/46#0,tight,60,65.32201086956522
any,tdrive,274/46#1,tight,600,5.8709239130434785
any,tdrive,274/46#2,loose,600,5.947010869565218
any,tdrive,274/46#3,reversed,600,6.023097826086956
any,tdrive,10207/28#0,tight,600,6.462078651685394
any,tdrive,10207/28#1,tight,600,6.147471910112359
any,tdrive,10207/28#2,loose,600,6.068820224719101
any,tdrive,10207/28#3,reversed,300,13.945224719101123
any,tdrive,9344/29#0,tight,600,1.738362760834671
any,tdrive,9344/29#1,tight,15,79.4975922953451
any,tdrive,9344/29#2,loose,600,1.7207062600321028
any,tdrive,9344/29#3,reversed,600,1.738362760834671
any,tdrive,2792/32#0,tight,600,6.089285714285714
any,tdrive,2792/32#1,tight,600,6.243131868131868
any,tdrive,2792/32#2,loose,600,6.089285714285714
any,tdrive,2792/32#3,reversed,600,6.089285714285714
any,tdrive,7946/37#0,tight,600,6.304775280898877
any,tdrive,7946/37#1,tight,600,6.068820224719101
any,tdrive,7946/37#2,loose,600,6.226123595505618
any,tdrive,7946/37#3,reversed,600,6.540730337078652
any,tdrive,388/23#0,tight,600,6.156944444444444
any,tdrive,388/23#1,tight,600,6.2347222222222225
any,tdrive,388/23#2,loose,600,6.079166666666667
any,tdrive,388/23#3,reversed,600,6.001388888888889
any,tdrive,5644/72#0,tight,600,6.320054945054945
any,tdrive,5644/72#1,tight,600,6.166208791208791
any,tdrive,5644/72#2,loose,600,6.012362637362638
any,tdrive,5644/72#3,reversed,600,6.320054945054945
any,tdrive,3657/18#0,tight,180,22.315159574468087
any,tdrive,3657/18#1,tight,120,33.51196808510638
any,tdrive,3657/18#2,loose,180,19.44813829787234
any,tdrive,3657/18#3,reversed,600,6.0438829787234045
any,tdrive,6071/34#0,tight,600,5.049493813273341
any,tdrive,6071/34#1,tight,60,55.34083239595051
any,tdrive,6071/34#2,loose,300,9.733408323959505
any,tdrive,6071/34#3,reversed,600,5.049493813273341
any,tdrive,3284/0#0,tight,180,20.111263736263737
any,tdrive,3284/0#1,tight,600,6.012362637362638
any,tdrive,3284/0#2,loose,600,6.012362637362638
any,tdrive,3284/0#3,reversed,600,6.166208791208791
any,tdrive,10074/10#0,tight,60,77.43682795698925
any,tdrive,10074/10#1,tight,600,6.259408602150538
any,tdrive,10074/10#2,loose,600,5.807795698924731
any,tdrive,10074/10#3,reversed,600,6.259408602150538
any,tdrive,239/13#0,tight,600,3.4131455399061035
any,tdrive,239/13#1,tight,300,6.762128325508607
any,tdrive,239/13#2,loose,600,3.37245696400626
any,tdrive,239/13#3,reversed,600,3.4945226917057903
any,tdrive,417/10#0,tight,600,6.369252873563219
any,tdrive,417/10#1,tight,600,6.288793103448276
any,tdrive,417/10#2,loose,600,6.208333333333333
any,tdrive,417/10#3,reversed,600,6.288793103448276
any,tdrive,3284/46#0,tight,30,134.1638888888889
any,tdrive,3284/46#1,tight,600,6.5875
any,tdrive,3284/46#2,loose,600,6.502777777777778
any,tdrive,3284/46#3,reversed,600,7.095833333333333
any,tdrive,8067/52#0,tight,600,4.898342541436464
any,tdrive,8067/52#1,tight,600,4.774585635359116
any,tdrive,8067/52#2,loose,600,4.774585635359116
any,tdrive,8067/52#3,reversed,600,4.774585635359116
any,tdrive,2118/17#0,tight,600,6.610632183908046
any,tdrive,2118/17#1,tight,30,136.48563218390805
any,tdrive,2118/17#2,loose,600,6.288793103448276
any,tdrive,2118/17#3,reversed,600,6.208333333333333
any,tdrive,5644/39#0,tight,600,6.079166666666667
any,tdrive,5644/39#1,tight,600,6.3125
any,tdrive,5644/39#2,loose,600,6.156944444444444
any,tdrive,5644/39#3,reversed,600,6.079166666666667
any,tdrive,35/5#0,tight,120,11.090474119182254
any,tdrive,35/5#1,tight,300,3.763810352327099
any,tdrive,35/5#2,loose,600,1.8795128316659417
any,tdrive,35/5#3,reversed,600,1.903871248368856
any,tdrive,622/40#0,tight,600,6.502777777777778
any,tdrive,622/40#1,tight,600,6.502777777777778
any,tdrive,622/40#2,loose,600,6.502777777777778
any,tdrive,622/40#3,reversed,600,6.6722222222222225
any,tdrive,6032/20#0,tight,30,133.69221260815823
any,tdrive,6032/20#1,tight,600,5.410383189122373
any,tdrive,6032/20#2,loose,30,194.3053152039555
any,tdrive,6032/20#3,reversed,600,5.410383189122373
any,tdrive,6032/35#0,tight,600,5.464419475655431
any,tdrive,6032/35#1,tight,600,5.674157303370786
any,tdrive,6032/35#2,loose,600,5.534332084893883
any,tdrive,6032/35#3,reversed,600,5.604244694132334
any,tdrive,6790/40#0,tight,5,209.00487804878048
any,tdrive,6790/40#1,tight,600,1.7502439024390244
any,tdrive,6790/40#2,loose,600,1.7707317073170732
any,tdrive,6790/40#3,reversed,600,1.8117073170731708
any,tdrive,532/17#0,tight,600,6.2347222222222225
any,tdrive,532/17#1,tight,30,128.59444444444443
any,tdrive,532/17#2,loose,600,6.001388888888889
any,tdrive,532/17#3,reversed,600,6.079166666666667
any,tdrive,2400/24#0,tight,600,6.444293478260869
any,tdrive,2400/24#1,tight,600,6.692934782608695
any,tdrive,2400/24#2,loose,600,6.361413043478261
any,tdrive,2400/24#3,reversed,600,6.692934782608695
any,tdrive,4135/34#0,tight,600,4.829022988505747
any,tdrive,4135/34#1,tight,300,10.185344827586206
any,tdrive,4135/34#2,loose,600,4.652298850574713
any,tdrive,4135/34#3,reversed,600,4.711206896551724
any,tdrive,9187/24#0,tight,600,2.3420107719928187
any,tdrive,9187/24#1,tight,600,2.286355475763016
any,tdrive,9187/24#2,loose,300,4.526929982046679
any,tdrive,9187/24#3,reversed,600,2.3141831238779176
any,tdrive,3081/24#0,tight,60,64.18669778296383
any,tdrive,3081/24#1,tight,600,5.30338389731622
any,tdrive,3081/24#2,loose,600,5.042007001166861
any,tdrive,3081/24#3,reversed,600,5.042007001166861
any,tdrive,579/36#0,tight,600,5.883064516129032
any,tdrive,579/36#1,tight,120,31.741935483870968
any,tdrive,579/36#2,loose,600,5.958333333333333
any,tdrive,579/36#3,reversed,600,6.108870967741935
any,tdrive,532/30#0,tight,600,6.5151098901098905
any,tdrive,532/30#1,tight,600,6.6826923076923075
any,tdrive,532/30#2,loose,600,6.431318681318682
any,tdrive,532/30#3,reversed,600,6.431318681318682
any,tdrive,2593/0#0,tight,30,56.184822521419825
any,tdrive,2593/0#1,tight,10,186.06976744186048
any,tdrive,2593/0#2,loose,300,5.357405140758874
any,tdrive,2593/0#3,reversed,600,2.6376988984088126
any,tdrive,342/47#0,tight,600,6.001388888888889
any,tdrive,342/47#1,tight,600,6.079166666666667
any,tdrive,342/47#2,loose,600,6.079166666666667
any,tdrive,342/47#3,reversed,600,6.3902777777777775
any,tdrive,5201/50#0,tight,600,6.099184782608695
any,tdrive,5201/50#1,tight,600,5.8709239130434785
any,tdrive,5201/50#2,loose,600,5.947010869565218
any,tdrive,5201/50#3,reversed,600,5.947010869565218
any,tdrive,9084/12#0,tight,120,32.453658536585365
any,tdrive,9084/12#1,tight,600,6.001626016260163
any,tdrive,9084/12#2,loose,15,582.1349593495935
any,tdrive,9084/12#3,reversed,600,6.076422764227642
any,tdrive,5846/37#0,tight,60,67.11263736263736
any,tdrive,5846/37#1,tight,180,22.51236263736264
any,tdrive,5846/37#2,loose,15,623.0947802197802
any,tdrive,5846/37#3,reversed,600,6.089285714285714
any,tdrive,7738/18#0,tight,600,7.291600633914421
any,tdrive,7738/18#1,tight,600,7.114104595879557
any,tdrive,7738/18#2,loose,600,6.847860538827258
any,tdrive,7738/18#3,reversed,600,7.2028526148969885
any,tdrive,9977/41#0,tight,600,6.226123595505618
any,tdrive,9977/41#1,tight,600,6.068820224719101
any,tdrive,9977/41#2,loose,600,6.226123595505618
any,tdrive,9977/41#3,reversed,600,6.147471910112359
any,tdrive,6774/56#0,tight,600,6.775815217391305
any,tdrive,6774/56#1,tight,600,6.361413043478261
any,tdrive,6774/56#2,loose,600,6.5271739130434785
any,tdrive,6774/56#3,reversed,600,6.858695652173913
any,tdrive,476/2#0,tight,600,5.93543956043956
any,tdrive,476/2#1,tight,600,6.243131868131868
any,tdrive,476/2#2,loose,600,6.012362637362638
any,tdrive,476/2#3,reversed,600,6.012362637362638
any,tdrive,2792/21#0,tight,600,6.431318681318682
any,tdrive,2792/21#1,tight,600,6.5151098901098905
any,tdrive,2792/21#2,loose,600,6.431318681318682
any,tdrive,2792/21#3,reversed,600,6.431318681318682
any,tdrive,3269/39#0,tight,15,406.98904538341156
any,tdrive,3269/39#1,tight,600,7.613458528951487
any,tdrive,3269/39#2,loose,600,7.422535211267606
any,tdrive,3269/39#3,reversed,600,7.517996870109546
any,tdrive,465/14#0,tight,600,6.079166666666667
any,tdrive,465/14#1,tight,600,6.156944444444444
any,tdrive,465/14#2,loose,600,6.001388888888889
any,tdrive,465/14#3,reversed,600,6.2347222222222225
any,tdrive,532/51#0,tight,600,6.535511363636363
any,tdrive,532/51#1,tight,600,6.535511363636363
any,tdrive,532/51#2,loose,600,6.137784090909091
any,tdrive,532/51#3,reversed,600,6.137784090909091
any,tdrive,8584/30#0,tight,60,33.25954198473283
any,tdrive,8584/30#1,tight,60,35.006106870229004
any,tdrive,8584/30#2,loose,600,3.2900763358778624
any,tdrive,8584/30#3,reversed,600,3.4091603053435113
any,tdrive,1711/15#0,tight,600,6.156944444444444
any,tdrive,1711/15#1,tight,600,6.468055555555556
any,tdrive,1711/15#2,loose,600,6.079166666666667
any,tdrive,1711/15#3,reversed,600,6.079166666666667
any,tdrive,3845/8#0,tight,600,6.217329545454546
any,tdrive,3845/8#1,tight,600,6.615056818181818
any,tdrive,3845/8#2,loose,600,6.296875
any,tdrive,3845/8#3,reversed,600,6.217329545454546
any,tdrive,1711/52#0,tight,600,6.3902777777777775
any,tdrive,1711/52#1,tight,600,6.468055555555556
any,tdrive,1711/52#2,loose,600,6.156944444444444
any,tdrive,1711/52#3,reversed,600,6.156944444444444
any,tdrive,3615/15#0,tight,30,133.28382352941176
any,tdrive,3615/15#1,tight,600,5.898529411764706
any,tdrive,3615/15#2,loose,600,5.973529411764706
any,tdrive,3615/15#3,reversed,600,5.898529411764706
any,tdrive,465/2#0,tight,600,6.3125
any,tdrive,465/2#1,tight,600,6.3125
any,tdrive,465/2#2,loose,600,6.156944444444444
any,tdrive,465/2#3,reversed,600,6.2347222222222225
any,tdrive,10074/28#0,tight,600,2.3560975609756096
any,tdrive,10074/28#1,tight,600,2.330081300813008
any,tdrive,10074/28#2,loose,600,2.3821138211382116
any,tdrive,10074/28#3,reversed,600,2.3560975609756096
any,tdrive,6982/6#0,tight,600,5.674157303370786
any,tdrive,6982/6#1,tight,600,5.394506866416979
any,tdrive,6982/6#2,loose,300,11.044943820224718
any,tdrive,6982/6#3,reversed,600,5.604244694132334
any,tdrive,8124/4#0,tight,600,6.217329545454546
any,tdrive,8124/4#1,tight,15,307.38210227272725
any,tdrive,8124/4#2,loose,600,6.137784090909091
any,tdrive,8124/4#3,reversed,600,6.455965909090909
any,tdrive,1364/1#0,tight,600,6.383426966292135
any,tdrive,1364/1#1,tight,600,6.147471910112359
any,tdrive,1364/1#2,loose,600,6.226123595505618
any,tdrive,1364/1#3,reversed,600,6.068820224719101
any,tdrive,3476/39#0,tight,600,6.012362637362638
any,tdrive,3476/39#1,tight,600,6.089285714285714
any,tdrive,3476/39#2,loose,600,6.012362637362638
any,tdrive,3476/39#3,reversed,600,6.243131868131868
any,tdrive,9230/1#0,tight,600,3.2846385542168677
any,tdrive,9230/1#1,tight,600,3.2454819277108435
any,tdrive,9230/1#2,loose,600,3.3237951807228914
any,tdrive,9230/1#3,reversed,600,3.3629518072289155
any,tdrive,7073/18#0,tight,600,3.3930232558139535
any,tdrive,7073/18#1,tight,600,3.3930232558139535
any,tdrive,7073/18#2,loose,120,17.24108527131783
any,tdrive,7073/18#3,reversed,600,3.5232558139534884
any,tdrive,9256/10#0,tight,600,4.83646408839779
any,tdrive,9256/10#1,tight,10,317.6508287292818
any,tdrive,9256/10#2,loose,600,4.774585635359116
any,tdrive,9256/10#3,reversed,600,5.083977900552486
any,tdrive,476/22#0,tight,120,29.641483516483518
any,tdrive,476/22#1,tight,600,6.320054945054945
any,tdrive,476/22#2,loose,600,5.93543956043956
any,tdrive,476/22#3,reversed,600,6.243131868131868
any,tdrive,8182/10#0,tight,600,6.3125
any,tdrive,8182/10#1,tight,600,6.079166666666667
any,tdrive,8182/10#2,loose,600,6.079166666666667
any,tdrive,8182/10#3,reversed,600,6.3125
any,tdrive,6387/59#0,tight,600,3.330757341576507
any,tdrive,6387/59#1,tight,600,3.3709428129829986
any,tdrive,6387/59#2,loose,600,3.3709428129829986
any,tdrive,6387/59#3,reversed,600,3.491499227202473
any,tdrive,5112/8#0,tight,600,6.444293478260869
any,tdrive,5112/8#1,tight,600,6.5271739130434785
any,tdrive,5112/8#2,loose,600,6.361413043478261
any,tdrive,5112/8#3,reversed,600,6.361413043478261
any,tdrive,4851/31#0,tight,600,3.8682373472949387
any,tdrive,4851/31#1,tight,15,188.04101221640488
any,tdrive,4851/31#2,loose,180,14.130017452006982
any,tdrive,4851/31#3,reversed,600,4.014834205933682
any,tdrive,3372/16#0,tight,600,3.1013888888888888
any,tdrive,3372/16#1,tight,60,32.6625
any,tdrive,3372/16#2,loose,600,3.029166666666667
any,tdrive,3372/16#3,reversed,600,2.9930555555555554
any,tdrive,2060/5#0,tight,300,13.169943820224718
any,tdrive,2060/5#1,tight,600,6.661516853932584
any,tdrive,2060/5#2,loose,600,6.575842696629214
any,tdrive,2060/5#3,reversed,600,6.918539325842697
any,tdrive,7946/13#0,tight,600,5.947010869565218
any,tdrive,7946/13#1,tight,600,6.175271739130435
any,tdrive,7946/13#2,loose,600,6.023097826086956
any,tdrive,7946/13#3,reversed,600,6.023097826086956
any,tdrive,6032/10#0,tight,600,5.5195460277427495
any,tdrive,6032/10#1,tight,15,263.2156368221942
any,tdrive,6032/10#2,loose,600,5.5195460277427495
any,tdrive,6032/10#3,reversed,600,5.5195460277427495
any,tdrive,7302/11#0,tight,600,6.747191011235955
any,tdrive,7302/11#1,tight,600,6.575842696629214
any,tdrive,7302/11#2,loose,600,6.747191011235955
any,tdrive,7302/11#3,reversed,600,6.661516853932584
any,tdrive,10216/46#0,tight,600,6.3902777777777775
any,tdrive,10216/46#1,tight,600,6.001388888888889
any,tdrive,10216/46#2,loose,600,6.156944444444444
any,tdrive,10216/46#3,reversed,600,6.2347222222222225
any,tdrive,9435/14#0,tight,600,6.766483516483516
any,tdrive,9435/14#1,tight,60,78.14835164835165
any,tdrive,9435/14#2,loose,600,6.5151098901098905
any,tdrive,9435/14#3,reversed,600,6.6826923076923075
any,tdrive,8584/36#0,tight,600,4.7264472190692395
any,tdrive,8584/36#1,tight,180,17.203178206583427
any,tdrive,8584/36#2,loose,600,4.494892167990919
any,tdrive,8584/36#3,reversed,600,4.552780930760499
any,tdrive,6230/10#0,tight,600,3.5008025682182984
any,tdrive,6230/10#1,tight,30,80.2215088282504
any,tdrive,6230/10#2,loose,600,3.5425361155698236
any,tdrive,6230/10#3,reversed,600,3.5008025682182984
any,tdrive,8823/10#0,tight,180,3.5016207455429496
any,tdrive,8823/10#1,tight,600,1.1612641815235007
any,tdrive,8823/10#2,loose,600,1.1612641815235007
any,tdrive,8823/10#3,reversed,600,1.187196110210697
any,tdrive,4881/22#0,tight,60,56.4375
any,tdrive,4881/22#1,tight,600,5.820478723404255
any,tdrive,4881/22#2,loose,600,5.894946808510638
any,tdrive,4881/22#3,reversed,600,6.19281914893617
any,tdrive,2180/27#0,tight,600,1.738362760834671
any,tdrive,2180/27#1,tight,600,1.7207062600321028
any,tdrive,2180/27#2,loose,120,9.47191011235955
any,tdrive,2180/27#3,reversed,600,1.7207062600321028
any,tdrive,5685/10#0,tight,180,21.58477011494253
any,tdrive,5685/10#1,tight,600,6.288793103448276
any,tdrive,5685/10#2,loose,600,6.208333333333333
any,tdrive,5685/10#3,reversed,600,6.449712643678161
any,tdrive,4367/27#0,tight,600,3.533707865168539
any,tdrive,4367/27#1,tight,600,3.577247191011236
any,tdrive,4367/27#2,loose,600,3.533707865168539
any,tdrive,4367/27#3,reversed,600,3.7514044943820224
any,tdrive,3783/30#0,tight,600,3.392105263157895
any,tdrive,3783/30#1,tight,600,3.3513157894736842
any,tdrive,3783/30#2,loose,600,3.3513157894736842
any,tdrive,3783/30#3,reversed,600,3.3105263157894735
any,tdrive,8992/8#0,tight,600,6.217329545454546
any,tdrive,8992/8#1,tight,600,6.217329545454546
any,tdrive,8992/8#2,loose,600,6.217329545454546
any,tdrive,8992/8#3,reversed,600,6.376420454545454
any,tdrive,7939/0#0,tight,600,5.263242375601926
any,tdrive,7939/0#1,tight,60,56.42857142857143
any,tdrive,7939/0#2,loose,300,10.68860353130016
any,tdrive,7939/0#3,reversed,600,5.197431781701445
any,tdrive,9686/25#0,tight,15,267.1617647058824
any,tdrive,9686/25#1,tight,600,6.048529411764706
any,tdrive,9686/25#2,loose,600,5.973529411764706
any,tdrive,9686/25#3,reversed,600,6.048529411764706
any,tdrive,6916/25#0,tight,600,5.4561824729891955
any,tdrive,6916/25#1,tight,600,5.187274909963985
any,tdrive,6916/25#2,loose,600,5.254501800720288
any,tdrive,6916/25#3,reversed,600,5.254501800720288
any,tdrive,7033/28#0,tight,600,6.3125
any,tdrive,7033/28#1,tight,600,6.468055555555556
any,tdrive,7033/28#2,loose,600,6.001388888888889
any,tdrive,7033/28#3,reversed,600,6.001388888888889
any,tdrive,2049/13#0,tight,600,6.089285714285714
any,tdrive,2049/13#1,tight,600,6.396978021978022
any,tdrive,2049/13#2,loose,300,12.682692307692308
any,tdrive,2049/13#3,reversed,600,6.089285714285714
any,tdrive,7033/15#0,tight,600,6.108870967741935
any,tdrive,7033/15#1,tight,600,6.108870967741935
any,tdrive,7033/15#2,loose,600,5.807795698924731
any,tdrive,7033/15#3,reversed,600,5.883064516129032
any,tdrive,1932/16#0,tight,30,96.99335106382979
any,tdrive,1932/16#1,tight,600,4.847074468085107
any,tdrive,1932/16#2,loose,600,4.785904255319149
any,tdrive,1932/16#3,reversed,600,4.969414893617022
any,tdrive,2763/5#0,tight,600,5.479604449938195
any,tdrive,2763/5#1,tight,15,463.6860321384425
any,tdrive,2763/5#2,loose,600,5.341161928306551
any,tdrive,2763/5#3,reversed,600,5.548825710754017
any,tdrive,4857/19#0,tight,300,12.123670212765957
any,tdrive,4857/19#1,tight,120,30.63031914893617
any,tdrive,4857/19#2,loose,300,11.506648936170214
any,tdrive,4857/19#3,reversed,600,6.118351063829787
any,tdrive,3719/21#0,tight,600,3.4538341158059467
any,tdrive,3719/21#1,tight,600,3.4538341158059467
any,tdrive,3719/21#2,loose,600,3.37245696400626
any,tdrive,3719/21#3,reversed,600,3.37245696400626
any,tdrive,8289/7#0,tight,600,6.438202247191011
any,tdrive,8289/7#1,tight,600,6.438202247191011
any,tdrive,8289/7#2,loose,300,12.150882825040128
any,tdrive,8289/7#3,reversed,600,6.520064205457464
any,tdrive,5020/16#0,tight,600,6.156944444444444
any,tdrive,5020/16#1,tight,600,6.3902777777777775
any,tdrive,5020/16#2,loose,600,6.001388888888889
any,tdrive,5020/16#3,reversed,600,6.156944444444444
any,tdrive,2180/25#0,tight,300,6.375
any,tdrive,2180/25#1,tight,180,11.65725806451613
any,tdrive,2180/25#2,loose,60,43.35618279569893
any,tdrive,2180/25#3,reversed,600,3.4233870967741935
any,tdrive,7302/1#0,tight,600,6.766483516483516
any,tdrive,7302/1#1,tight,120,33.127747252747255
any,tdrive,7302/1#2,loose,300,12.548076923076923
any,tdrive,7302/1#3,reversed,600,6.431318681318682
any,tdrive,9686/18#0,tight,600,6.462078651685394
any,tdrive,9686/18#1,tight,600,6.383426966292135
any,tdrive,9686/18#2,loose,600,6.068820224719101
any,tdrive,9686/18#3,reversed,600,6.540730337078652
any,tdrive,7551/1#0,tight,600,6.304775280898877
any,tdrive,7551/1#1,tight,600,6.147471910112359
any,tdrive,7551/1#2,loose,600,6.226123595505618
any,tdrive,7551/1#3,reversed,600,6.61938202247191
any,tdrive,9029/19#0,tight,180,16.454545454545453
any,tdrive,9029/19#1,tight,600,4.978094194961665
any,tdrive,9029/19#2,loose,600,4.732749178532311
any,tdrive,9029/19#3,reversed,600,4.732749178532311
any,tdrive,8260/9#0,tight,600,1.0906344410876132
any,tdrive,8260/9#1,tight,600,1.0906344410876132
any,tdrive,8260/9#2,loose,120,4.090634441087613
any,tdrive,8260/9#3,reversed,600,1.1017119838872105
any,tdrive,2904/2#0,tight,600,4.83646408839779
any,tdrive,2904/2#1,tight,15,235.6243093922652
any,tdrive,2904/2#2,loose,600,4.774585635359116
any,tdrive,2904/2#3,reversed,600,4.83646408839779
any,tdrive,5085/13#0,tight,600,4.898342541436464
any,tdrive,5085/13#1,tight,60,58.71270718232044
any,tdrive,5085/13#2,loose,600,4.898342541436464
any,tdrive,5085/13#3,reversed,600,4.774585635359116
any,tdrive,10338/39#0,tight,600,4.761764705882353
any,tdrive,10338/39#1,tight,120,23.523529411764706
any,tdrive,10338/39#2,loose,300,9.604411764705882
any,tdrive,10338/39#3,reversed,600,4.761764705882353
any,tdrive,579/46#0,tight,600,6.320054945054945
any,tdrive,579/46#1,tight,600,6.166208791208791
any,tdrive,579/46#2,loose,600,6.012362637362638
any,tdrive,579/46#3,reversed,600,6.243131868131868
any,tdrive,3111/34#0,tight,600,4.879598662207358
any,tdrive,3111/34#1,tight,600,4.879598662207358
any,tdrive,3111/34#2,loose,300,9.64659977703456
any,tdrive,3111/34#3,reversed,600,5.1293199554069115
any,tdrive,8850/50#0,tight,30,136.6434659090909
any,tdrive,8850/50#1,tight,600,6.217329545454546
any,tdrive,8850/50#2,loose,600,6.217329545454546
any,tdrive,8850/50#3,reversed,600,6.615056818181818
any,tdrive,9576/18#0,tight,600,6.327445652173913
any,tdrive,9576/18#1,tight,600,5.8709239130434785
any,tdrive,9576/18#2,loose,600,5.8709239130434785
any,tdrive,9576/18#3,reversed,600,6.099184782608695
any,tdrive,8871/40#0,tight,600,6.849765258215962
any,tdrive,8871/40#1,tight,600,6.762128325508607
any,tdrive,8871/40#2,loose,600,6.937402190923318
any,tdrive,8871/40#3,reversed,600,7.112676056338028
any,tdrive,2835/26#0,tight,600,4.130102040816326
any,tdrive,2835/26#1,tight,600,4.130102040816326
any,tdrive,2835/26#2,loose,0,nan
any,tdrive,2835/26#3,reversed,600,4.130102040816326
any,tdrive,3549/32#0,tight,120,34.80337078651685
any,tdrive,3549/32#1,tight,600,6.226123595505618
any,tdrive,3549/32#2,loose,600,6.068820224719101
any,tdrive,3549/32#3,reversed,600,6.304775280898877
any,tdrive,9834/19#0,tight,600,6.137784090909091
any,tdrive,9834/19#1,tight,600,6.376420454545454
any,tdrive,9834/19#2,loose,0,nan
any,tdrive,9834/19#3,reversed,600,6.455965909090909
any,tdrive,8850/47#0,tight,600,6.850274725274725
any,tdrive,8850/47#1,tight,30,132.68956043956044
any,tdrive,8850/47#2,loose,600,6.5989010989010985
any,tdrive,8850/47#3,reversed,600,6.431318681318682
any,tdrive,4367/37#0,tight,600,5.039430449069004
any,tdrive,4367/37#1,tight,600,4.855421686746988
any,tdrive,4367/37#2,loose,600,4.855421686746988
any,tdrive,4367/37#3,reversed,600,4.794085432639649
any,tdrive,3426/2#0,tight,600,6.201315789473684
any,tdrive,3426/2#1,tight,600,5.832894736842105
any,tdrive,3426/2#2,loose,600,5.832894736842105
any,tdrive,3426/2#3,reversed,600,5.906578947368421
any,tdrive,1794/18#0,tight,600,1.5739831697054698
any,tdrive,1794/18#1,tight,60,14.624474053295932
any,tdrive,1794/18#2,loose,600,1.5150771388499298
any,tdrive,1794/18#3,reversed,600,1.5150771388499298
any,tdrive,5664/36#0,tight,600,3.5805555555555557
any,tdrive,5664/36#1,tight,600,3.5805555555555557
any,tdrive,5664/36#2,loose,300,6.926388888888889
any,tdrive,5664/36#3,reversed,600,3.5805555555555557
any,tdrive,8260/38#0,tight,180,8.182226660009984
any,tdrive,8260/38#1,tight,600,2.1852221667498752
any,tdrive,8260/38#2,loose,180,7.301547678482277
any,tdrive,8260/38#3,reversed,600,2.1572641038442337
any,tdrive,8296/23#0,tight,600,3.096264367816092
any,tdrive,8296/23#1,tight,600,3.096264367816092
any,tdrive,8296/23#2,loose,600,3.1336206896551726
any,tdrive,8296/23#3,reversed,600,3.170977011494253
any,tdrive,7939/47#0,tight,600,6.519117647058824
any,tdrive,7939/47#1,tight,600,6.601470588235294
any,tdrive,7939/47#2,loose,300,13.066176470588236
any,tdrive,7939/47#3,reversed,600,6.6838235294117645
any,tdrive,4234/48#0,tight,30,26.851190476190474
any,tdrive,4234/48#1,tight,600,1.6116071428571428
any,tdrive,4234/48#2,loose,600,1.5952380952380953
any,tdrive,4234/48#3,reversed,600,1.5952380952380953
any,tdrive,8067/35#0,tight,600,5.618046971569839
any,tdrive,8067/35#1,tight,600,5.341161928306551
any,tdrive,8067/35#2,loose,600,5.341161928306551
any,tdrive,8067/35#3,reversed,600,5.410383189122373
any,tdrive,1200/4#0,tight,600,6.243131868131868
any,tdrive,1200/4#1,tight,600,6.320054945054945
any,tdrive,1200/4#2,loose,600,5.93543956043956
any,tdrive,1200/4#3,reversed,600,6.396978021978022
any,tdrive,94/24#0,tight,600,6.288793103448276
any,tdrive,94/24#1,tight,600,6.208333333333333
any,tdrive,94/24#2,loose,600,6.288793103448276
any,tdrive,94/24#3,reversed,600,6.610632183908046
any,tdrive,6627/4#0,tight,300,12.984722222222222
any,tdrive,6627/4#1,tight,600,6.079166666666667
any,tdrive,6627/4#2,loose,600,6.001388888888889
any,tdrive,6627/4#3,reversed,600,6.2347222222222225
any,tdrive,1159/11#0,tight,600,6.396978021978022
any,tdrive,1159/11#1,tight,600,6.396978021978022
any,tdrive,1159/11#2,loose,600,5.93543956043956
any,tdrive,1159/11#3,reversed,600,6.089285714285714
any,tdrive,3367/3#0,tight,600,5.685526315789474
any,tdrive,3367/3#1,tight,30,121.88421052631578
any,tdrive,3367/3#2,loose,600,5.832894736842105
any,tdrive,3367/3#3,reversed,600,5.75921052631579
any,tdrive,2118/25#0,tight,300,13.049202127659575
any,tdrive,2118/25#1,tight,300,11.66090425531915
any,tdrive,2118/25#2,loose,600,5.894946808510638
any,tdrive,2118/25#3,reversed,600,5.746010638297872
any,tdrive,6140/4#0,tight,600,5.561797752808989
any,tdrive,6140/4#1,tight,600,5.848314606741573
any,tdrive,6140/4#2,loose,600,5.705056179775281
any,tdrive,6140/4#3,reversed,600,5.919943820224719
any,tdrive,10312/6#0,tight,600,6.449712643678161
any,tdrive,10312/6#1,tight,600,6.288793103448276
any,tdrive,10312/6#2,loose,600,6.288793103448276
any,tdrive,10312/6#3,reversed,600,6.691091954022989
any,tdrive,2616/17#0,tight,600,4.138041733547351
any,tdrive,2616/17#1,tight,60,42.79935794542536
any,tdrive,2616/17#2,loose,300,7.613162118780096
any,tdrive,2616/17#3,reversed,600,4.03852327447833
any,tdrive,6387/23#0,tight,600,6.068820224719101
any,tdrive,6387/23#1,tight,600,6.147471910112359
any,tdrive,6387/23#2,loose,300,12.15308988764045
any,tdrive,6387/23#3,reversed,600,6.462078651685394
any,tdrive,4772/13#0,tight,600,5.883064516129032
any,tdrive,4772/13#1,tight,600,5.958333333333333
any,tdrive,4772/13#2,loose,600,5.807795698924731
any,tdrive,4772/13#3,reversed,600,6.033602150537634
any,tdrive,7531/53#0,tight,600,6.431318681318682
any,tdrive,7531/53#1,tight,600,6.431318681318682
any,tdrive,7531/53#2,loose,600,6.5151098901098905
any,tdrive,7531/53#3,reversed,600,6.5151098901098905
any,tdrive,3854/8#0,tight,600,4.9235095613048365
any,tdrive,3854/8#1,tight,600,5.175478065241845
any,tdrive,3854/8#2,loose,300,9.733408323959505
any,tdrive,3854/8#3,reversed,600,5.175478065241845
any,tdrive,8358/1#0,tight,600,3.6
any,tdrive,8358/1#1,tight,120,20.225396825396825
any,tdrive,8358/1#2,loose,600,3.4264550264550264
any,tdrive,8358/1#3,reversed,600,3.4264550264550264
any,tdrive,5426/0#0,tight,60,59.43524096385542
any,tdrive,5426/0#1,tight,600,5.061746987951807
any,tdrive,5426/0#2,loose,60,48.15813253012048
any,tdrive,5426/0#3,reversed,600,4.938253012048193
any,tdrive,5255/31#0,tight,600,7.517996870109546
any,tdrive,5255/31#1,tight,600,7.899843505477309
any,tdrive,5255/31#2,loose,600,7.517996870109546
any,tdrive,5255/31#3,reversed,600,7.517996870109546
any,tdrive,6287/2#0,tight,600,3.906871609403255
any,tdrive,6287/2#1,tight,600,4.05877034358047
any,tdrive,6287/2#2,loose,600,4.008137432188065
any,tdrive,6287/2#3,reversed,600,3.906871609403255
any,tdrive,5634/36#0,tight,600,5.373333333333333
any,tdrive,5634/36#1,tight,600,5.441212121212121
any,tdrive,5634/36#2,loose,600,5.305454545454546
any,tdrive,5634/36#3,reversed,600,5.373333333333333
any,tdrive,2904/18#0,tight,600,4.986501687289089
any,tdrive,2904/18#1,tight,600,4.986501687289089
any,tdrive,2904/18#2,loose,600,4.9235095613048365
any,tdrive,2904/18#3,reversed,600,4.986501687289089
any,tdrive,6790/43#0,tight,600,1.7829249617151608
any,tdrive,6790/43#1,tight,600,1.7186064318529861
any,tdrive,6790/43#2,loose,600,1.6757274119448697
any,tdrive,6790/43#3,reversed,600,1.6542879019908117
any,tdrive,7551/28#0,tight,600,4.791332263242376
any,tdrive,7551/28#1,tight,300,9.357945425361155
any,tdrive,7551/28#2,loose,600,4.617977528089888
any,tdrive,7551/28#3,reversed,600,4.675762439807384
any,tdrive,9230/11#0,tight,180,16.0718085106383
any,tdrive,9230/11#1,tight,600,5.091755319148936
any,tdrive,9230/11#2,loose,600,4.908244680851064
any,tdrive,9230/11#3,reversed,600,4.785904255319149
any,tdrive,7091/43#0,tight,600,2.242566510172144
any,tdrive,7091/43#1,tight,120,9.735524256651017
any,tdrive,7091/43#2,loose,600,2.267605633802817
any,tdrive,7091/43#3,reversed,600,2.242566510172144
any,tdrive,622/43#0,tight,600,3.626003210272873
any,tdrive,622/43#1,tight,600,3.4590690208667736
any,tdrive,622/43#2,loose,600,3.5008025682182984
any,tdrive,622/43#3,reversed,600,3.5008025682182984
any,tdrive,2049/1#0,tight,600,6.012362637362638
any,tdrive,2049/1#1,tight,600,6.012362637362638
any,tdrive,2049/1#2,loose,180,20.111263736263737
any,tdrive,2049/1#3,reversed,600,5.93543956043956
any,tdrive,3585/17#0,tight,60,45.17774343122102
any,tdrive,3585/17#1,tight,600,4.502318392581143
any,tdrive,3585/17#2,loose,600,4.502318392581143
any,tdrive,3585/17#3,reversed,600,4.446676970633694
any,tdrive,7298/9#0,tight,600,4.082942097026604
any,tdrive,7298/9#1,tight,120,17.732394366197184
any,tdrive,7298/9#2,loose,600,4.034428794992175
any,tdrive,7298/9#3,reversed,600,3.9859154929577465
any,tdrive,2755/21#0,tight,600,6.841666666666667
any,tdrive,2755/21#1,tight,600,6.6722222222222225
any,tdrive,2755/21#2,loose,600,6.6722222222222225
any,tdrive,2755/21#3,reversed,600,6.502777777777778
any,tdrive,3284/9#0,tight,180,23.504464285714285
any,tdrive,3284/9#1,tight,600,7.239583333333333
any,tdrive,3284/9#2,loose,600,6.967261904761905
any,tdrive,3284/9#3,reversed,600,7.330357142857143
any,tdrive,10035/18#0,tight,600,6.068820224719101
any,tdrive,10035/18#1,tight,600,6.068820224719101
any,tdrive,10035/18#2,loose,0,nan
any,tdrive,10035/18#3,reversed,600,6.068820224719101
any,tdrive,8296/34#0,tight,600,5.254501800720288
any,tdrive,8296/34#1,tight,120,28.476590636254503
any,tdrive,8296/34#2,loose,600,5.321728691476591
any,tdrive,8296/34#3,reversed,600,5.254501800720288
any,tdrive,7302/33#0,tight,600,4.447328244274809
any,tdrive,7302/33#1,tight,300,8.358778625954198
any,tdrive,7302/33#2,loose,300,8.79236641221374
any,tdrive,7302/33#3,reversed,600,4.447328244274809
any,tdrive,9686/36#0,tight,600,6.243131868131868
any,tdrive,9686/36#1,tight,600,6.012362637362638
any,tdrive,9686/36#2,loose,0,nan
any,tdrive,9686/36#3,reversed,600,6.243131868131868
any,tdrive,5685/34#0,tight,600,6.4739010989010985
any,tdrive,5685/34#1,tight,300,13.160714285714286
any,tdrive,5685/34#2,loose,600,5.93543956043956
any,tdrive,5685/34#3,reversed,600,6.089285714285714
any,tdrive,1155/5#0,tight,600,5.725765306122449
any,tdrive,1155/5#1,tight,600,5.79719387755102
any,tdrive,1155/5#2,loose,300,11.184948979591837
any,tdrive,1155/5#3,reversed,600,5.654336734693878
any,tdrive,3854/17#0,tight,600,2.2395672333848533
any,tdrive,3854/17#1,tight,600,2.2395672333848533
any,tdrive,3854/17#2,loose,0,nan
any,tdrive,3854/17#3,reversed,600,2.2395672333848533
any,tdrive,1794/3#0,tight,600,1.6982097186700766
any,tdrive,1794/3#1,tight,0,nan
any,tdrive,1794/3#2,loose,60,16.797442455242965
any,tdrive,1794/3#3,reversed,120,7.565217391304348
any,tdrive,7883/45#0,tight,600,1.7405971306708026
any,tdrive,7883/45#1,tight,600,1.7405971306708026
any,tdrive,7883/45#2,loose,600,1.69716944552152
any,tdrive,7883/45#3,reversed,600,1.69716944552152
any,tdrive,7690/35#0,tight,600,2.0123626373626373
any,tdrive,7690/35#1,tight,300,3.951923076923077
any,tdrive,7690/35#2,loose,600,1.9684065934065933
any,tdrive,7690/35#3,reversed,600,1.9684065934065933
any,tdrive,10030/24#0,tight,300,11.556242274412856
any,tdrive,10030/24#1,tight,600,5.479604449938195
any,tdrive,10030/24#2,loose,300,11.412855377008652
any,tdrive,10030/24#3,reversed,600,5.687268232385661
any,tdrive,4182/41#0,tight,600,1.743089430894309
any,tdrive,4182/41#1,tight,30,33.18373983739838
any,tdrive,4182/41#2,loose,5,615.5853658536586
any,tdrive,4182/41#3,reversed,600,1.7609756097560976
any,tdrive,1417/23#0,tight,600,4.557251908396947
any,tdrive,1417/23#1,tight,600,4.447328244274809
any,tdrive,1417/23#2,loose,300,8.917557251908397
any,tdrive,1417/23#3,reversed,600,4.447328244274809
any,tdrive,476/1#0,tight,600,5.501436781609195
any,tdrive,476/1#1,tight,600,5.237068965517241
any,tdrive,476/1#2,loose,600,5.170977011494253
any,tdrive,476/1#3,reversed,600,5.237068965517241
any,tdrive,8819/20#0,tight,300,10.539015606242497
any,tdrive,8819/20#1,tight,60,51.93877551020408
any,tdrive,8819/20#2,loose,300,9.521008403361344
any,tdrive,8819/20#3,reversed,600,5.182472989195678
any,tdrive,9031/59#0,tight,600,5.947010869565218
any,tdrive,9031/59#1,tight,600,6.175271739130435
any,tdrive,9031/59#2,loose,600,5.8709239130434785
any,tdrive,9031/59#3,reversed,600,5.8709239130434785
any,tdrive,6510/35#0,tight,60,56.57220412595005
any,tdrive,6510/35#1,tight,600,4.813246471226927
any,tdrive,6510/35#2,loose,60,54.67969598262758
any,tdrive,6510/35#3,reversed,600,4.995656894679696
any,tdrive,1932/18#0,tight,600,5.674157303370786
any,tdrive,1932/18#1,tight,600,5.674157303370786
any,tdrive,1932/18#2,loose,300,10.80274656679151
any,tdrive,1932/18#3,reversed,600,5.464419475655431
any,tdrive,1159/1#0,tight,600,6.099184782608695
any,tdrive,1159/1#1,tight,600,6.099184782608695
any,tdrive,1159/1#2,loose,600,5.947010869565218
any,tdrive,1159/1#3,reversed,600,6.099184782608695
any,tdrive,4412/6#0,tight,30,131.5967261904762
any,tdrive,4412/6#1,tight,600,5.355654761904762
any,tdrive,4412/6#2,loose,600,5.355654761904762
any,tdrive,4412/6#3,reversed,600,5.629464285714286
any,tdrive,274/16#0,tight,15,293.9574175824176
any,tdrive,274/16#1,tight,600,6.243131868131868
any,tdrive,274/16#2,loose,600,5.93543956043956
any,tdrive,274/16#3,reversed,600,6.012362637362638
any,tdrive,2400/6#0,tight,600,6.296875
any,tdrive,2400/6#1,tight,600,6.137784090909091
any,tdrive,2400/6#2,loose,600,6.137784090909091
any,tdrive,2400/6#3,reversed,600,6.615056818181818
any,tdrive,8973/50#0,tight,600,2.9170731707317072
any,tdrive,8973/50#1,tight,600,2.951219512195122
any,tdrive,8973/50#2,loose,600,2.9853658536585366
any,tdrive,8973/50#3,reversed,600,2.9170731707317072
any,tdrive,1782/0#0,tight,300,7.654895666131621
any,tdrive,1782/0#1,tight,180,13.112359550561798
any,tdrive,1782/0#2,loose,600,3.4590690208667736
any,tdrive,1782/0#3,reversed,600,3.4590690208667736
any,tdrive,8182/27#0,tight,600,6.756944444444445
any,tdrive,8182/27#1,tight,600,6.502777777777778
any,tdrive,8182/27#2,loose,600,6.502777777777778
any,tdrive,8182/27#3,reversed,600,6.6722222222222225
any,tdrive,274/36#0,tight,180,21.696428571428573
any,tdrive,274/36#1,tight,600,6.766483516483516
any,tdrive,274/36#2,loose,600,6.5989010989010985
any,tdrive,274/36#3,reversed,600,6.5151098901098905
any,tdrive,1711/18#0,tight,600,5.8709239130434785
any,tdrive,1711/18#1,tight,600,6.099184782608695
any,tdrive,1711/18#2,loose,600,5.8709239130434785
any,tdrive,1711/18#3,reversed,600,5.947010869565218
any,tdrive,10035/24#0,tight,600,6.012362637362638
any,tdrive,10035/24#1,tight,600,6.089285714285714
any,tdrive,10035/24#2,loose,600,5.93543956043956
any,tdrive,10035/24#3,reversed,600,6.089285714285714
any,tdrive,5634/4#0,tight,120,17.535714285714285
any,tdrive,5634/4#1,tight,600,3.8363095238095237
any,tdrive,5634/4#2,loose,600,3.744047619047619
any,tdrive,5634/4#3,reversed,600,3.7901785714285716
any,tdrive,2781/28#0,tight,30,114.51658163265306
any,tdrive,2781/28#1,tight,180,19.144132653061224
any,tdrive,2781/28#2,loose,600,5.511479591836735
any,tdrive,2781/28#3,reversed,600,5.582908163265306
any,tdrive,1675/51#0,tight,600,6.997159090909091
any,tdrive,1675/51#1,tight,60,64.59232954545455
any,tdrive,1675/51#2,loose,600,6.650568181818182
any,tdrive,1675/51#3,reversed,600,6.823863636363637
any,tdrive,8182/47#0,tight,15,290.76222826086956
any,tdrive,8182/47#1,tight,600,5.947010869565218
any,tdrive,8182/47#2,loose,600,5.8709239130434785
any,tdrive,8182/47#3,reversed,600,6.175271739130435
any,tdrive,1501/38#0,tight,600,6.5875
any,tdrive,1501/38#1,tight,600,6.5875
any,tdrive,1501/38#2,loose,600,6.5875
any,tdrive,1501/38#3,reversed,600,6.756944444444445
any,tdrive,1364/48#0,tight,600,6.5151098901098905
any,tdrive,1364/48#1,tight,600,6.431318681318682
any,tdrive,1364/48#2,loose,600,6.5989010989010985
any,tdrive,1364/48#3,reversed,600,6.6826923076923075
any,tdrive,2137/10#0,tight,120,28.094760312151617
any,tdrive,2137/10#1,tight,15,217.12709030100334
any,tdrive,2137/10#2,loose,600,4.81716833890747
any,tdrive,2137/10#3,reversed,600,5.254180602006689
any,tdrive,713/5#0,tight,300,13.320054945054945
any,tdrive,713/5#1,tight,300,12.04532967032967
any,tdrive,713/5#2,loose,60,70.95192307692308
any,tdrive,713/5#3,reversed,600,6.396978021978022
any,tdrive,6230/2#0,tight,600,5.762931034482759
any,tdrive,6230/2#1,tight,30,137.2543103448276
any,tdrive,6230/2#2,loose,300,12.156609195402298
any,tdrive,6230/2#3,reversed,600,6.056034482758621
any,tdrive,3426/7#0,tight,600,6.147471910112359
any,tdrive,3426/7#1,tight,600,6.304775280898877
any,tdrive,3426/7#2,loose,600,6.226123595505618
any,tdrive,3426/7#3,reversed,600,6.147471910112359
any,tdrive,4180/10#0,tight,600,4.949599083619702
any,tdrive,4180/10#1,tight,600,5.142038946162658
any,tdrive,4180/10#2,loose,600,5.0778923253150055
any,tdrive,4180/10#3,reversed,600,5.270332187857961
any,tdrive,503/14#0,tight,600,6.5875
any,tdrive,503/14#1,tight,600,6.756944444444445
any,tdrive,503/14#2,loose,600,6.502777777777778
any,tdrive,503/14#3,reversed,600,6.756944444444445
any,tdrive,6071/7#0,tight,600,5.410383189122373
any,tdrive,6071/7#1,tight,600,5.618046971569839
any,tdrive,6071/7#2,loose,600,5.479604449938195
any,tdrive,6071/7#3,reversed,600,5.756489493201483
any,tdrive,8418/16#0,tight,600,5.96875
any,tdrive,8418/16#1,tight,300,12.166666666666666
any,tdrive,8418/16#2,loose,600,5.892857142857143
any,tdrive,8418/16#3,reversed,600,5.96875
any,tdrive,8182/17#0,tight,600,6.012362637362638
any,tdrive,8182/17#1,tight,15,293.9574175824176
any,tdrive,8182/17#2,loose,600,5.93543956043956
any,tdrive,8182/17#3,reversed,600,6.4739010989010985
any,tdrive,4367/12#0,tight,600,2.212213740458015
any,tdrive,4367/12#1,tight,600,2.187786259541985
any,tdrive,4367/12#2,loose,120,11.010687022900763
any,tdrive,4367/12#3,reversed,600,2.187786259541985
any,tdrive,9834/26#0,tight,600,5.9147727272727275
any,tdrive,9834/26#1,tight,600,5.769886363636363
any,tdrive,9834/26#2,loose,600,5.697443181818182
any,tdrive,9834/26#3,reversed,600,5.625
any,tdrive,3762/46#0,tight,600,6.243131868131868
any,tdrive,3762/46#1,tight,600,5.93543956043956
any,tdrive,3762/46#2,loose,600,6.089285714285714
any,tdrive,3762/46#3,reversed,600,6.166208791208791
any,tdrive,6214/46#0,tight,600,6.3125
any,tdrive,6214/46#1,tight,600,6.2347222222222225
any,tdrive,6214/46#2,loose,600,6.001388888888889
any,tdrive,6214/46#3,reversed,600,6.001388888888889
any,tdrive,4392/17#0,tight,300,3.835843373493976
any,tdrive,4392/17#1,tight,600,2.158132530120482
any,tdrive,4392/17#2,loose,120,9.140060240963855
any,tdrive,4392/17#3,reversed,600,2.158132530120482
any,tdrive,642/27#0,tight,600,6.243131868131868
any,tdrive,642/27#1,tight,600,6.396978021978022
any,tdrive,642/27#2,loose,600,6.089285714285714
any,tdrive,642/27#3,reversed,600,6.396978021978022
any,tdrive,2755/20#0,tight,600,6.455965909090909
any,tdrive,2755/20#1,tight,600,6.217329545454546
any,tdrive,2755/20#2,loose,600,6.296875
any,tdrive,2755/20#3,reversed,600,6.217329545454546
any,tdrive,3693/5#0,tight,600,3.7455882352941177
any,tdrive,3693/5#1,tight,60,38.26764705882353
any,tdrive,3693/5#2,loose,600,3.791176470588235
any,tdrive,3693/5#3,reversed,600,3.7455882352941177
any,tdrive,6510/24#0,tight,120,24.48729281767956
any,tdrive,6510/24#1,tight,600,5.083977900552486
any,tdrive,6510/24#2,loose,300,9.817679558011049
any,tdrive,6510/24#3,reversed,600,5.083977900552486
any,tdrive,4367/9#0,tight,600,2.7966867469879517
any,tdrive,4367/9#1,tight,600,2.733433734939759
any,tdrive,4367/9#2,loose,600,2.733433734939759
any,tdrive,4367/9#3,reversed,600,2.8283132530120483
any,tdrive,388/60#0,tight,600,6.5989010989010985
any,tdrive,388/60#1,tight,600,6.5989010989010985
any,tdrive,388/60#2,loose,600,6.5989010989010985
any,tdrive,388/60#3,reversed,600,6.5151098901098905
any,tdrive,9339/46#0,tight,600,6.243131868131868
any,tdrive,9339/46#1,tight,600,6.012362637362638
any,tdrive,9339/46#2,loose,600,6.089285714285714
any,tdrive,9339/46#3,reversed,600,6.089285714285714
any,tdrive,7883/8#0,tight,300,1.9706840390879479
any,tdrive,7883/8#1,tight,600,1.1639522258414767
any,tdrive,7883/8#2,loose,600,1.1758957654723128
any,tdrive,7883/8#3,reversed,600,1.1758957654723128
any,tdrive,9651/31#0,tight,600,5.631578947368421
any,tdrive,9651/31#1,tight,30,117.7172582619339
any,tdrive,9651/31#2,loose,600,5.4259485924112605
any,tdrive,9651/31#3,reversed,600,5.288861689106487
any,tdrive,476/51#0,tight,600,6.850274725274725
any,tdrive,476/51#1,tight,600,6.5151098901098905
any,tdrive,476/51#2,loose,600,6.431318681318682
any,tdrive,476/51#3,reversed,600,7.017857142857143
any,tdrive,8289/2#0,tight,600,6.437400950871632
any,tdrive,8289/2#1,tight,120,32.73692551505547
any,tdrive,8289/2#2,loose,600,6.356576862123613
any,tdrive,8289/2#3,reversed,600,6.59904912836767
any,tdrive,9339/29#0,tight,60,62.74005681818182
any,tdrive,9339/29#1,tight,600,6.217329545454546
any,tdrive,9339/29#2,loose,300,13.115056818181818
any,tdrive,9339/29#3,reversed,600,6.535511363636363
any,tdrive,3111/2#0,tight,600,4.794085432639649
any,tdrive,3111/2#1,tight,30,100.17415115005477
any,tdrive,3111/2#2,loose,600,4.794085432639649
any,tdrive,3111/2#3,reversed,180,15.408543263964951
any,tdrive,5020/12#0,tight,120,17.09951845906902
any,tdrive,5020/12#1,tight,600,3.5008025682182984
any,tdrive,5020/12#2,loose,600,3.4590690208667736
any,tdrive,5020/12#3,reversed,600,3.5425361155698236
any,tdrive,4825/5#0,tight,180,11.96941489361702
any,tdrive,4825/5#1,tight,15,199.0718085106383
any,tdrive,4825/5#2,loose,600,3.345744680851064
any,tdrive,4825/5#3,reversed,600,3.4281914893617023
any,tdrive,9256/16#0,tight,600,5.254501800720288
any,tdrive,9256/16#1,tight,600,5.523409363745499
any,tdrive,9256/16#2,loose,300,10.666266506602641
any,tdrive,9256/16#3,reversed,600,5.590636254501801
any,tdrive,417/11#0,tight,600,3.5008025682182984
any,tdrive,417/11#1,tight,600,3.5842696629213484
any,tdrive,417/11#2,loose,600,3.4590690208667736
any,tdrive,417/11#3,reversed,600,3.5008025682182984
any,tdrive,2414/7#0,tight,120,17.483695652173914
any,tdrive,2414/7#1,tight,15,159.82065217391303
any,tdrive,2414/7#2,loose,600,3.5027173913043477
any,tdrive,2414/7#3,reversed,600,3.5448369565217392
any,tdrive,274/28#0,tight,600,6.832865168539326
any,tdrive,274/28#1,tight,600,6.575842696629214
any,tdrive,274/28#2,loose,600,6.575842696629214
any,tdrive,274/28#3,reversed,600,6.661516853932584
any,tdrive,9117/9#0,tight,300,13.967647058823529
any,tdrive,9117/9#1,tight,180,25.001470588235293
any,tdrive,9117/9#2,loose,600,6.885294117647059
any,tdrive,9117/9#3,reversed,600,7.333823529411765
any,tdrive,4180/46#0,tight,30,109.22015334063526
any,tdrive,4180/46#1,tight,30,97.57831325301204
any,tdrive,4180/46#2,loose,120,25.008762322015333
any,tdrive,4180/46#3,reversed,600,4.9167579408543265
any,tdrive,1253/57#0,tight,600,6.175271739130435
any,tdrive,1253/57#1,tight,60,61.27309782608695
any,tdrive,1253/57#2,loose,600,6.023097826086956
any,tdrive,1253/57#3,reversed,600,6.251358695652174
any,tdrive,9059/32#0,tight,300,8.834677419354838
any,tdrive,9059/32#1,tight,10,270.0793010752688
any,tdrive,9059/32#2,loose,30,93.79704301075269
any,tdrive,9059/32#3,reversed,600,4.627688172043011
any,tdrive,94/4#0,tight,600,5.836206896551724
any,tdrive,94/4#1,tight,300,11.395114942528735
any,tdrive,94/4#2,loose,600,5.689655172413793
any,tdrive,94/4#3,reversed,600,5.9094827586206895
any,tdrive,388/56#0,tight,600,6.2347222222222225
any,tdrive,388/56#1,tight,600,6.079166666666667
any,tdrive,388/56#2,loose,600,6.001388888888889
any,tdrive,388/56#3,reversed,600,6.079166666666667
any,tdrive,8850/51#0,tight,600,6.661516853932584
any,tdrive,8850/51#1,tight,600,6.661516853932584
any,tdrive,8850/51#2,loose,600,6.575842696629214
any,tdrive,8850/51#3,reversed,600,6.832865168539326
any,tdrive,1981/19#0,tight,600,6.226123595505618
any,tdrive,1981/19#1,tight,600,6.304775280898877
any,tdrive,1981/19#2,loose,600,6.068820224719101
any,tdrive,1981/19#3,reversed,600,6.540730337078652
any,tdrive,7523/18#0,tight,120,24.464882943143813
any,tdrive,7523/18#1,tight,600,4.942028985507246
any,tdrive,7523/18#2,loose,600,4.81716833890747
any,tdrive,7523/18#3,reversed,600,5.1293199554069115
any,tdrive,579/6#0,tight,600,6.540730337078652
any,tdrive,579/6#1,tight,600,6.068820224719101
any,tdrive,579/6#2,loose,600,6.068820224719101
any,tdrive,579/6#3,reversed,600,6.226123595505618
any,tdrive,2616/14#0,tight,60,40.63252032520325
any,tdrive,2616/14#1,tight,600,4.242276422764228
any,tdrive,2616/14#2,loose,600,4.191869918699187
any,tdrive,2616/14#3,reversed,600,4.0910569105691055
any,tdrive,4089/9#0,tight,300,8.096671949286847
any,tdrive,4089/9#1,tight,600,4.183835182250396
any,tdrive,4089/9#2,loose,600,3.987321711568938
any,tdrive,4089/9#3,reversed,600,4.23296354992076
any,tdrive,6916/19#0,tight,600,5.576969696969697
any,tdrive,6916/19#1,tight,15,229.36848484848485
any,tdrive,6916/19#2,loose,600,5.237575757575757
any,tdrive,6916/19#3,reversed,600,5.441212121212121
any,tdrive,2683/15#0,tight,600,1.738362760834671
any,tdrive,2683/15#1,tight,30,34.04494382022472
any,tdrive,2683/15#2,loose,600,1.7207062600321028
any,tdrive,2683/15#3,reversed,600,1.738362760834671
any,tdrive,6387/46#0,tight,600,6.304775280898877
any,tdrive,6387/46#1,tight,600,6.304775280898877
any,tdrive,6387/46#2,loose,600,6.147471910112359
any,tdrive,6387/46#3,reversed,600,6.383426966292135
any,tdrive,8464/2#0,tight,600,1.8609314359637774
any,tdrive,8464/2#1,tight,600,1.8609314359637774
any,tdrive,8464/2#2,loose,300,3.9747736093143597
any,tdrive,8464/2#3,reversed,600,1.8609314359637774
any,tdrive,282/39#0,tight,600,6.383426966292135
any,tdrive,282/39#1,tight,600,6.147471910112359
any,tdrive,282/39#2,loose,600,6.226123595505618
any,tdrive,282/39#3,reversed,600,6.226123595505618
any,tdrive,10030/22#0,tight,600,4.766632548618219
any,tdrive,10030/22#1,tight,600,4.59467758444217
any,tdrive,10030/22#2,loose,600,4.4227226202661205
any,tdrive,10030/22#3,reversed,600,4.480040941658137
any,tdrive,6790/9#0,tight,180,7.2325814536340856
any,tdrive,6790/9#1,tight,120,13.522305764411028
any,tdrive,6790/9#2,loose,600,2.1659147869674187
any,tdrive,6790/9#3,reversed,600,2.1659147869674187
any,tdrive,10312/3#0,tight,600,6.3125
any,tdrive,10312/3#1,tight,600,6.2347222222222225
any,tdrive,10312/3#2,loose,600,6.156944444444444
any,tdrive,10312/3#3,reversed,600,6.001388888888889
any,tdrive,9395/21#0,tight,180,4.352150537634409
any,tdrive,9395/21#1,tight,30,28.295698924731184
any,tdrive,9395/21#2,loose,120,6.866935483870968
any,tdrive,9395/21#3,reversed,600,1.4408602150537635
any,tdrive,7073/0#0,tight,600,3.7538659793814433
any,tdrive,7073/0#1,tight,600,3.893041237113402
any,tdrive,7073/0#2,loose,600,3.707474226804124
any,tdrive,7073/0#3,reversed,600,3.7538659793814433
any,tdrive,1364/60#0,tight,600,6.444293478260869
any,tdrive,1364/60#1,tight,600,6.775815217391305
any,tdrive,1364/60#2,loose,600,6.361413043478261
any,tdrive,1364/60#3,reversed,600,6.858695652173913
any,tdrive,1200/68#0,tight,600,6.444293478260869
any,tdrive,1200/68#1,tight,600,6.444293478260869
any,tdrive,1200/68#2,loose,600,6.444293478260869
any,tdrive,1200/68#3,reversed,600,6.444293478260869
any,tdrive,6819/1#0,tight,600,3.5886178861788616
any,tdrive,6819/1#1,tight,600,3.546341463414634
any,tdrive,6819/1#2,loose,600,3.5886178861788616
any,tdrive,6819/1#3,reversed,600,3.7154471544715446
any,tdrive,3762/27#0,tight,600,4.822058823529412
any,tdrive,3762/27#1,tight,300,9.919117647058824
any,tdrive,3762/27#2,loose,600,4.882352941176471
any,tdrive,3762/27#3,reversed,600,5.002941176470588
any,tdrive,3111/10#0,tight,600,5.013745704467354
any,tdrive,3111/10#1,tight,600,5.270332187857961
any,tdrive,3111/10#2,loose,600,5.0778923253150055
any,tdrive,3111/10#3,reversed,600,5.142038946162658
any,tdrive,8279/2#0,tight,600,6.226016260162601
any,tdrive,8279/2#1,tight,600,6.076422764227642
any,tdrive,8279/2#2,loose,600,5.926829268292683
any,tdrive,8279/2#3,reversed,600,5.926829268292683
any,tdrive,2180/14#0,tight,600,4.006993006993007
any,tdrive,2180/14#1,tight,120,19.765234765234766
any,tdrive,2180/14#2,loose,600,4.057942057942058
any,tdrive,2180/14#3,reversed,600,3.956043956043956
any,tdrive,5556/16#0,tight,30,131.52933673469389
any,tdrive,5556/16#1,tight,600,5.582908163265306
any,tdrive,5556/16#2,loose,600,5.654336734693878
any,tdrive,5556/16#3,reversed,600,5.654336734693878
any,tdrive,5556/33#0,tight,600,3.2846385542168677
any,tdrive,5556/33#1,tight,600,3.2846385542168677
any,tdrive,5556/33#2,loose,600,3.2846385542168677
any,tdrive,5556/33#3,reversed,600,3.4021084337349397
any,tdrive,8206/9#0,tight,300,10.015873015873016
any,tdrive,8206/9#1,tight,120,23.22222222222222
any,tdrive,8206/9#2,loose,600,4.572486772486773
any,tdrive,8206/9#3,reversed,600,4.868783068783069
any,tdrive,5644/15#0,tight,600,6.079166666666667
any,tdrive,5644/15#1,tight,600,6.001388888888889
any,tdrive,5644/15#2,loose,600,6.156944444444444
any,tdrive,5644/15#3,reversed,600,6.001388888888889
any,tdrive,6774/10#0,tight,600,6.361918604651163
any,tdrive,6774/10#1,tight,120,36.19912790697674
any,tdrive,6774/10#2,loose,600,6.443313953488372
any,tdrive,6774/10#3,reversed,600,6.6875
any,tdrive,6774/38#0,tight,600,6.369252873563219
any,tdrive,6774/38#1,tight,600,6.288793103448276
any,tdrive,6774/38#2,loose,600,6.369252873563219
any,tdrive,6774/38#3,reversed,600,6.288793103448276
any,tdrive,5331/7#0,tight,600,7.422535211267606
any,tdrive,5331/7#1,tight,600,7.613458528951487
any,tdrive,5331/7#2,loose,600,7.517996870109546
any,tdrive,5331/7#3,reversed,600,7.517996870109546
any,tdrive,3046/3#0,tight,180,16.280882352941177
any,tdrive,3046/3#1,tight,30,87.21323529411765
any,tdrive,3046/3#2,loose,300,8.051470588235293
any,tdrive,3046/3#3,reversed,600,4.230882352941176
any,tdrive,9953/7#0,tight,180,20.063802083333332
any,tdrive,9953/7#1,tight,300,12.475260416666666
any,tdrive,9953/7#2,loose,300,11.569010416666666
any,tdrive,9953/7#3,reversed,600,5.990885416666667
any,tdrive,8296/7#0,tight,600,5.353356890459364
any,tdrive,8296/7#1,tight,600,5.287396937573616
any,tdrive,8296/7#2,loose,600,5.221436984687868
any,tdrive,8296/7#3,reversed,600,5.353356890459364
any,tdrive,9031/36#0,tight,600,6.5989010989010985
any,tdrive,9031/36#1,tight,600,6.766483516483516
any,tdrive,9031/36#2,loose,600,6.431318681318682
any,tdrive,9031/36#3,reversed,600,6.6826923076923075
any,tdrive,2218/9#0,tight,600,4.0364500792393025
any,tdrive,2218/9#1,tight,600,3.987321711568938
any,tdrive,2218/9#2,loose,600,4.085578446909667
any,tdrive,2218/9#3,reversed,600,3.987321711568938
any,tdrive,3657/17#0,tight,600,5.813982521847691
any,tdrive,3657/17#1,tight,600,5.534332084893883
any,tdrive,3657/17#2,loose,600,5.394506866416979
any,tdrive,3657/17#3,reversed,600,5.604244694132334
any,tdrive,2180/21#0,tight,300,4.28125
any,tdrive,2180/21#1,tight,600,2.1324404761904763
any,tdrive,2180/21#2,loose,600,2.1800595238095237
any,tdrive,2180/21#3,reversed,600,2.1324404761904763
any,tdrive,1253/51#0,tight,600,6.431318681318682
any,tdrive,1253/51#1,tight,600,6.6826923076923075
any,tdrive,1253/51#2,loose,600,6.5151098901098905
any,tdrive,1253/51#3,reversed,600,7.017857142857143
any,tdrive,5451/20#0,tight,600,4.960220994475138
any,tdrive,5451/20#1,tight,600,5.083977900552486
any,tdrive,5451/20#2,loose,600,4.774585635359116
any,tdrive,5451/20#3,reversed,600,5.083977900552486
any,tdrive,8871/24#0,tight,600,7.327073552425665
any,tdrive,8871/24#1,tight,600,7.899843505477309
any,tdrive,8871/24#2,loose,600,7.517996870109546
any,tdrive,8871/24#3,reversed,600,7.422535211267606
any,tdrive,7869/27#0,tight,600,6.001388888888889
any,tdrive,7869/27#1,tight,600,6.079166666666667
any,tdrive,7869/27#2,loose,600,6.156944444444444
any,tdrive,7869/27#3,reversed,600,6.079166666666667
any,tdrive,4135/7#0,tight,600,6.156944444444444
any,tdrive,4135/7#1,tight,600,6.079166666666667
any,tdrive,4135/7#2,loose,600,6.156944444444444
any,tdrive,4135/7#3,reversed,600,6.001388888888889
any,tdrive,7033/17#0,tight,600,6.166208791208791
any,tdrive,7033/17#1,tight,600,6.243131868131868
any,tdrive,7033/17#2,loose,300,12.04532967032967
any,tdrive,7033/17#3,reversed,600,6.012362637362638
any,tdrive,2811/67#0,tight,600,5.947010869565218
any,tdrive,2811/67#1,tight,15,290.76222826086956
any,tdrive,2811/67#2,loose,600,5.8709239130434785
any,tdrive,2811/67#3,reversed,600,6.327445652173913
any,tdrive,8338/3#0,tight,600,5.511479591836735
any,tdrive,8338/3#1,tight,120,33.25892857142857
any,tdrive,8338/3#2,loose,300,11.184948979591837
any,tdrive,8338/3#3,reversed,60,54.13392857142857
any,tdrive,920/2#0,tight,15,271.4145408163265
any,tdrive,920/2#1,tight,600,5.654336734693878
any,tdrive,920/2#2,loose,600,5.582908163265306
any,tdrive,920/2#3,reversed,600,5.582908163265306
any,tdrive,5586/0#0,tight,600,6.848529411764706
any,tdrive,5586/0#1,tight,600,6.436764705882353
any,tdrive,5586/0#2,loose,600,6.436764705882353
any,tdrive,5586/0#3,reversed,600,6.766176470588236
any,tdrive,4367/34#0,tight,300,7.144946808510638
any,tdrive,4367/34#1,tight,180,10.6875
any,tdrive,4367/34#2,loose,300,6.7938829787234045
any,tdrive,4367/34#3,reversed,600,3.345744680851064
any,tdrive,3275/15#0,tight,600,6.226123595505618
any,tdrive,3275/15#1,tight,600,6.304775280898877
any,tdrive,3275/15#2,loose,10,493.74016853932585
any,tdrive,3275/15#3,reversed,600,6.226123595505618
any,tdrive,7531/37#0,tight,15,293.9574175824176
any,tdrive,7531/37#1,tight,600,6.089285714285714
any,tdrive,7531/37#2,loose,600,5.93543956043956
any,tdrive,7531/37#3,reversed,600,6.166208791208791
any,tdrive,1200/33#0,tight,600,6.001388888888889
any,tdrive,1200/33#1,tight,180,20.856944444444444
any,tdrive,1200/33#2,loose,600,6.079166666666667
any,tdrive,1200/33#3,reversed,600,6.079166666666667
any,tdrive,5552/23#0,tight,600,5.353356890459364
any,tdrive,5552/23#1,tight,600,5.287396937573616
any,tdrive,5552/23#2,loose,600,5.089517078916372
any,tdrive,5552/23#3,reversed,600,5.287396937573616
any,tdrive,1417/21#0,tight,180,13.666131621187802
any,tdrive,1417/21#1,tight,600,4.287319422150883
any,tdrive,1417/21#2,loose,600,4.088282504012841
any,tdrive,1417/21#3,reversed,600,4.237560192616372
any,tdrive,5444/5#0,tight,600,1.69716944552152
any,tdrive,5444/5#1,tight,600,1.8057386583947266
any,tdrive,5444/5#2,loose,120,8.853431562621171
any,tdrive,5444/5#3,reversed,600,1.8057386583947266
any,tdrive,3804/0#0,tight,600,1.8672680412371134
any,tdrive,3804/0#1,tight,300,3.707474226804124
any,tdrive,3804/0#2,loose,600,1.8466494845360826
any,tdrive,3804/0#3,reversed,600,1.8466494845360826
any,tdrive,7690/28#0,tight,180,14.806193806193805
any,tdrive,7690/28#1,tight,600,4.372627372627373
any,tdrive,7690/28#2,loose,600,4.428571428571429
any,tdrive,7690/28#3,reversed,600,4.484515484515485
any,tdrive,6449/17#0,tight,60,64.75290697674419
any,tdrive,6449/17#1,tight,600,6.361918604651163
any,tdrive,6449/17#2,loose,600,6.280523255813954
any,tdrive,6449/17#3,reversed,600,6.524709302325581
any,tdrive,2118/39#0,tight,600,6.369252873563219
any,tdrive,2118/39#1,tight,600,6.691091954022989
any,tdrive,2118/39#2,loose,600,6.288793103448276
any,tdrive,2118/39#3,reversed,600,6.610632183908046
any,tdrive,9651/5#0,tight,60,73.88144329896907
any,tdrive,9651/5#1,tight,600,5.712628865979381
any,tdrive,9651/5#2,loose,600,5.712628865979381
any,tdrive,9651/5#3,reversed,600,5.78479381443299
any,tdrive,8067/19#0,tight,600,4.81716833890747
any,tdrive,8067/19#1,tight,600,5.1293199554069115
any,tdrive,8067/19#2,loose,600,4.81716833890747
any,tdrive,8067/19#3,reversed,600,4.879598662207358
any,tdrive,1139/16#0,tight,10,126.75421348314607
any,tdrive,1139/16#1,tight,120,9.231741573033707
any,tdrive,1139/16#2,loose,600,2.057584269662921
any,tdrive,1139/16#3,reversed,600,2.080056179775281
any,tdrive,5426/19#0,tight,600,3.5040650406504064
any,tdrive,5426/19#1,tight,180,10.967479674796747
any,tdrive,5426/19#2,loose,300,6.6048780487804875
any,tdrive,5426/19#3,reversed,600,3.5040650406504064
any,tdrive,9435/35#0,tight,600,6.661516853932584
any,tdrive,9435/35#1,tight,600,6.918539325842697
any,tdrive,9435/35#2,loose,600,6.661516853932584
any,tdrive,9435/35#3,reversed,600,6.747191011235955
any,tdrive,6220/66#0,tight,600,6.012362637362638
any,tdrive,6220/66#1,tight,600,6.166208791208791
any,tdrive,6220/66#2,loose,600,5.93543956043956
any,tdrive,6220/66#3,reversed,600,6.166208791208791
any,tdrive,1034/18#0,tight,600,5.598373983739838
any,tdrive,1034/18#1,tight,600,5.3983739837398375
any,tdrive,1034/18#2,loose,600,5.331707317073171
any,tdrive,1034/18#3,reversed,600,5.53170731707317
any,tdrive,8819/15#0,tight,30,116.60242424242425
any,tdrive,8819/15#1,tight,600,5.305454545454546
any,tdrive,8819/15#2,loose,600,5.373333333333333
any,tdrive,8819/15#3,reversed,600,5.305454545454546
any,tdrive,9576/14#0,tight,600,6.3125
any,tdrive,9576/14#1,tight,600,6.2347222222222225
any,tdrive,9576/14#2,loose,600,6.001388888888889
any,tdrive,9576/14#3,reversed,600,6.001388888888889
any,tdrive,5789/44#0,tight,300,9.366176470588234
any,tdrive,5789/44#1,tight,60,50.680882352941175
any,tdrive,5789/44#2,loose,600,4.761764705882353
any,tdrive,5789/44#3,reversed,600,4.761764705882353
any,tdrive,1981/17#0,tight,600,6.431318681318682
any,tdrive,1981/17#1,tight,600,6.766483516483516
any,tdrive,1981/17#2,loose,600,6.431318681318682
any,tdrive,1981/17#3,reversed,600,6.5151098901098905
any,tdrive,417/19#0,tight,600,6.273529411764706
any,tdrive,417/19#1,tight,300,11.280882352941177
any,tdrive,417/19#2,loose,0,nan
any,tdrive,417/19#3,reversed,600,6.123529411764705
any,tdrive,10030/15#0,tight,600,4.633434038267875
any,tdrive,10030/15#1,tight,600,4.40785498489426
any,tdrive,10030/15#2,loose,600,4.351460221550856
any,tdrive,10030/15#3,reversed,600,4.689828801611279
any,tdrive,3491/20#0,tight,600,6.692934782608695
any,tdrive,3491/20#1,tight,600,6.9415760869565215
any,tdrive,3491/20#2,loose,600,6.5271739130434785
any,tdrive,3491/20#3,reversed,600,6.858695652173913
any,tdrive,10207/30#0,tight,600,5.947010869565218
any,tdrive,10207/30#1,tight,600,6.099184782608695
any,tdrive,10207/30#2,loose,600,6.023097826086956
any,tdrive,10207/30#3,reversed,600,6.099184782608695
any,tdrive,622/5#0,tight,600,2.9170731707317072
any,tdrive,622/5#1,tight,600,2.9170731707317072
any,tdrive,622/5#2,loose,600,2.951219512195122
any,tdrive,622/5#3,reversed,600,2.951219512195122
any,tdrive,3426/16#0,tight,300,11.385526315789473
any,tdrive,3426/16#1,tight,600,5.832894736842105
any,tdrive,3426/16#2,loose,600,5.685526315789474
any,tdrive,3426/16#3,reversed,600,5.832894736842105
any,tdrive,6140/6#0,tight,600,6.156944444444444
any,tdrive,6140/6#1,tight,30,131.94583333333333
any,tdrive,6140/6#2,loose,600,6.001388888888889
any,tdrive,6140/6#3,reversed,600,6.3902777777777775
