dataset,scope,history_trips,candidates,pool,zone_side_m,attacker,queries,median_remaining,p10_remaining,p90_remaining,mean_remaining,share_identified
porto,city,27941,2000,popular,250,random,0,2000.0,2000.0,2000.0,2000.0,0.0
porto,city,27941,2000,popular,250,random,1,1960.0,1736.5,2000.0,1845.4,0.0
porto,city,27941,2000,popular,250,random,2,1910.0,1684.5,1996.1,1758.925,0.0
porto,city,27941,2000,popular,250,random,3,1866.0,1637.7,1984.5,1724.325,0.0
porto,city,27941,2000,popular,250,random,4,1823.5,1451.3,1945.2,1672.3,0.0
porto,city,27941,2000,popular,250,random,5,1764.5,1288.8000000000004,1912.3,1592.775,0.0
porto,city,27941,2000,popular,250,random,6,1677.0,292.1,1830.9,1500.725,0.0
porto,city,27941,2000,popular,250,random,7,1651.5,292.1,1799.7,1456.625,0.0
porto,city,27941,2000,popular,250,random,8,1605.0,202.00000000000003,1767.2,1377.575,0.0
porto,city,27941,2000,popular,250,random,9,1504.5,172.3,1762.1,1310.1,0.0
porto,city,27941,2000,popular,250,random,10,1440.0,110.2,1710.2,1239.7,0.0
porto,city,27941,2000,popular,250,random,11,1420.0,93.4,1706.1000000000001,1182.775,0.0
porto,city,27941,2000,popular,250,random,12,1333.0,88.9,1656.3000000000002,1145.125,0.0
porto,city,27941,2000,popular,250,random,13,1290.0,68.3,1651.7,1052.475,0.0
porto,city,27941,2000,popular,250,random,14,1213.5,68.3,1628.3,995.125,0.0
porto,city,27941,2000,popular,250,random,15,1155.0,65.6,1597.0,949.025,0.0
porto,city,27941,2000,popular,250,random,16,1133.5,65.5,1542.2,892.95,0.0
porto,city,27941,2000,popular,250,random,17,1086.0,56.300000000000004,1468.4,833.525,0.0
porto,city,27941,2000,popular,250,random,18,1029.0,56.300000000000004,1446.4,784.0,0.0
porto,city,27941,2000,popular,250,random,19,1015.0,50.0,1446.2,739.9,0.0
porto,city,27941,2000,popular,250,random,20,977.5,50.0,1337.2,690.35,0.0
porto,city,27941,2000,popular,250,random,21,971.5,49.2,1337.2,673.75,0.0
porto,city,27941,2000,popular,250,random,22,815.0,49.2,1330.0,634.5,0.0
porto,city,27941,2000,popular,250,random,23,243.5,39.9,1305.7,562.95,0.0
porto,city,27941,2000,popular,250,random,24,233.5,39.9,1223.0000000000002,550.225,0.0
porto,city,27941,2000,popular,250,random,25,169.5,39.9,1180.7,494.1,0.025
porto,city,27941,2000,popular,250,random,26,168.0,33.60000000000001,1135.1000000000001,483.2,0.025
porto,city,27941,2000,popular,250,random,27,160.5,11.9,1114.6,468.85,0.025
porto,city,27941,2000,popular,250,random,28,160.0,11.9,1114.5,458.2,0.025
porto,city,27941,2000,popular,250,random,29,130.0,10.500000000000002,1067.4,427.8,0.05
porto,city,27941,2000,popular,250,random,30,130.0,10.500000000000002,1015.8,419.5,0.05
porto,city,27941,2000,popular,250,random,31,100.5,10.500000000000002,997.2,390.05,0.05
porto,city,27941,2000,popular,250,random,32,100.5,10.500000000000002,997.2,377.575,0.05
porto,city,27941,2000,popular,250,random,33,97.5,10.500000000000002,894.0000000000001,362.975,0.05
porto,city,27941,2000,popular,250,random,34,94.0,10.500000000000002,884.2,354.2,0.05
porto,city,27941,2000,popular,250,random,35,86.0,10.500000000000002,851.8000000000001,344.95,0.075
porto,city,27941,2000,popular,250,random,36,75.5,10.500000000000002,839.2,334.4,0.075
porto,city,27941,2000,popular,250,random,37,63.0,10.500000000000002,838.3000000000001,326.85,0.075
porto,city,27941,2000,popular,250,random,38,63.0,10.500000000000002,763.6000000000001,319.775,0.075
porto,city,27941,2000,popular,250,random,39,59.0,7.800000000000001,762.7000000000002,314.4,0.075
porto,city,27941,2000,popular,250,random,40,59.0,7.800000000000001,748.3000000000001,311.25,0.075
porto,city,27941,2000,popular,250,adaptive,0,2000.0,2000.0,2000.0,2000.0,0.0
porto,city,27941,2000,popular,250,adaptive,1,1616.0,384.0,1616.0,1369.6,0.0
porto,city,27941,2000,popular,250,adaptive,2,1374.0,195.0,1374.0,996.4,0.0
porto,city,27941,2000,popular,250,adaptive,3,1194.0,99.5,1194.0,739.2,0.0
porto,city,27941,2000,popular,250,adaptive,4,597.0,46.0,1020.0,549.35,0.0
porto,city,27941,2000,popular,250,adaptive,5,102.0,23.8,904.0,431.875,0.0
porto,city,27941,2000,popular,250,adaptive,6,50.0,11.9,802.0,356.45,0.0
porto,city,27941,2000,popular,250,adaptive,7,24.5,6.9,707.0,262.95,0.0
porto,city,27941,2000,popular,250,adaptive,8,12.0,3.9000000000000004,634.0,215.875,0.0
porto,city,27941,2000,popular,250,adaptive,9,7.0,2.0,576.0,179.425,0.025
porto,city,27941,2000,popular,250,adaptive,10,4.0,1.0,524.0,160.45,0.275
porto,city,27941,2000,popular,250,adaptive,11,2.5,1.0,478.0,134.45,0.45
porto,city,27941,2000,popular,250,adaptive,12,1.5,1.0,435.0,111.5,0.5
porto,city,27941,2000,popular,250,adaptive,13,1.0,1.0,399.0,92.375,0.6
porto,city,27941,2000,popular,250,adaptive,14,1.0,1.0,368.0,84.6,0.65
porto,city,27941,2000,popular,250,adaptive,15,1.0,1.0,342.0,78.2,0.65
porto,city,27941,2000,popular,250,adaptive,16,1.0,1.0,317.0,72.35,0.65
porto,city,27941,2000,popular,250,adaptive,17,1.0,1.0,294.0,67.075,0.675
porto,city,27941,2000,popular,250,adaptive,18,1.0,1.0,272.0,55.85,0.675
porto,city,27941,2000,popular,250,adaptive,19,1.0,1.0,250.0,45.5,0.7
porto,city,27941,2000,popular,250,adaptive,20,1.0,1.0,233.0,36.7,0.7
porto,city,27941,2000,popular,250,adaptive,21,1.0,1.0,219.0,29.1,0.7
porto,city,27941,2000,popular,250,adaptive,22,1.0,1.0,206.0,27.1,0.7
porto,city,27941,2000,popular,250,adaptive,23,1.0,1.0,193.0,25.275,0.725
porto,city,27941,2000,popular,250,adaptive,24,1.0,1.0,181.0,23.65,0.75
porto,city,27941,2000,popular,250,adaptive,25,1.0,1.0,171.0,22.35,0.8
porto,city,27941,2000,popular,250,adaptive,26,1.0,1.0,161.0,21.1,0.8
porto,city,27941,2000,popular,250,adaptive,27,1.0,1.0,152.0,19.975,0.8
porto,city,27941,2000,popular,250,adaptive,28,1.0,1.0,143.0,18.85,0.8
porto,city,27941,2000,popular,250,adaptive,29,1.0,1.0,20.70000000000018,14.675,0.8
porto,city,27941,2000,popular,250,adaptive,30,1.0,1.0,17.200000000000173,13.8,0.8
porto,city,27941,2000,popular,250,adaptive,31,1.0,1.0,14.700000000000166,13.05,0.8
porto,city,27941,2000,popular,250,adaptive,32,1.0,1.0,14.000000000000156,12.325,0.8
porto,city,27941,2000,popular,250,adaptive,33,1.0,1.0,13.300000000000146,11.6,0.825
porto,city,27941,2000,popular,250,adaptive,34,1.0,1.0,12.700000000000138,11.0,0.825
porto,city,27941,2000,popular,250,adaptive,35,1.0,1.0,12.10000000000013,10.4,0.825
porto,city,27941,2000,popular,250,adaptive,36,1.0,1.0,11.600000000000122,9.9,0.825
porto,city,27941,2000,popular,250,adaptive,37,1.0,1.0,11.100000000000115,9.4,0.825
porto,city,27941,2000,popular,250,adaptive,38,1.0,1.0,10.600000000000108,8.9,0.825
porto,city,27941,2000,popular,250,adaptive,39,1.0,1.0,10.100000000000101,8.4,0.825
porto,city,27941,2000,popular,250,adaptive,40,1.0,1.0,9.700000000000095,8.0,0.825
porto,city,27941,2000,uniform,250,random,0,2000.0,2000.0,2000.0,2000.0,0.0
porto,city,27941,2000,uniform,250,random,1,2000.0,1995.5,2000.0,1996.25,0.0
porto,city,27941,2000,uniform,250,random,2,2000.0,1967.5,2000.0,1940.1,0.0
porto,city,27941,2000,uniform,250,random,3,1999.5,1956.7,2000.0,1938.425,0.0
porto,city,27941,2000,uniform,250,random,4,1995.0,1919.8,2000.0,1930.275,0.0
porto,city,27941,2000,uniform,250,random,5,1988.0,1901.8,2000.0,1923.25,0.0
porto,city,27941,2000,uniform,250,random,6,1972.5,1888.1,2000.0,1910.275,0.0
porto,city,27941,2000,uniform,250,random,7,1965.5,1858.9,2000.0,1856.525,0.0
porto,city,27941,2000,uniform,250,random,8,1961.0,1840.8,2000.0,1850.175,0.0
porto,city,27941,2000,uniform,250,random,9,1953.0,1840.6,1994.5,1845.725,0.0
porto,city,27941,2000,uniform,250,random,10,1943.0,1834.8,1992.7,1838.725,0.0
porto,city,27941,2000,uniform,250,random,11,1941.0,1812.8,1990.9,1832.875,0.0
porto,city,27941,2000,uniform,250,random,12,1936.0,1786.4,1987.3,1825.175,0.0
porto,city,27941,2000,uniform,250,random,13,1926.5,1786.4,1987.2,1820.425,0.0
porto,city,27941,2000,uniform,250,random,14,1897.0,1712.1000000000001,1987.2,1798.4,0.0
porto,city,27941,2000,uniform,250,random,15,1888.0,1586.4,1982.3,1747.65,0.0
porto,city,27941,2000,uniform,250,random,16,1876.5,1586.4,1982.3,1737.475,0.0
porto,city,27941,2000,uniform,250,random,17,1874.0,1575.4,1975.1,1730.1,0.0
porto,city,27941,2000,uniform,250,random,18,1861.5,1522.4,1974.2,1715.6,0.0
porto,city,27941,2000,uniform,250,random,19,1840.0,1521.5,1974.2,1703.8,0.0
porto,city,27941,2000,uniform,250,random,20,1829.0,1521.5,1974.2,1701.325,0.0
porto,city,27941,2000,uniform,250,random,21,1829.0,1512.4,1953.4,1692.2,0.0
porto,city,27941,2000,uniform,250,random,22,1825.5,1512.3,1953.4,1680.2,0.0
porto,city,27941,2000,uniform,250,random,23,1815.0,1511.4,1951.5,1669.6,0.0
porto,city,27941,2000,uniform,250,random,24,1812.5,1493.7,1950.6,1661.7,0.0
porto,city,27941,2000,uniform,250,random,25,1812.5,1493.7,1932.8,1653.725,0.0
porto,city,27941,2000,uniform,250,random,26,1796.0,1493.7,1932.8,1649.925,0.0
porto,city,27941,2000,uniform,250,random,27,1783.5,1493.7,1932.3,1644.575,0.0
porto,city,27941,2000,uniform,250,random,28,1774.0,1487.4,1924.2,1631.35,0.0
porto,city,27941,2000,uniform,250,random,29,1757.5,1326.3000000000004,1916.0,1576.8,0.0
porto,city,27941,2000,uniform,250,random,30,1753.5,1326.3000000000004,1913.7,1572.25,0.0
porto,city,27941,2000,uniform,250,random,31,1752.5,1316.4000000000005,1882.3,1567.425,0.0
porto,city,27941,2000,uniform,250,random,32,1749.0,107.40000000000002,1877.5,1514.225,0.0
porto,city,27941,2000,uniform,250,random,33,1747.0,107.40000000000002,1877.5,1512.55,0.0
porto,city,27941,2000,uniform,250,random,34,1742.0,107.40000000000002,1877.5,1507.925,0.0
porto,city,27941,2000,uniform,250,random,35,1735.5,107.40000000000002,1877.5,1505.55,0.0
porto,city,27941,2000,uniform,250,random,36,1720.5,106.50000000000003,1875.7,1502.1,0.0
porto,city,27941,2000,uniform,250,random,37,1716.0,106.50000000000003,1875.7,1499.45,0.0
porto,city,27941,2000,uniform,250,random,38,1712.5,106.50000000000003,1875.7,1495.85,0.0
porto,city,27941,2000,uniform,250,random,39,1712.5,106.50000000000003,1870.3,1493.075,0.0
porto,city,27941,2000,uniform,250,random,40,1688.0,106.50000000000003,1857.3,1486.65,0.0
porto,city,27941,2000,uniform,250,adaptive,0,2000.0,2000.0,2000.0,2000.0,0.0
porto,city,27941,2000,uniform,250,adaptive,1,1694.0,306.0,1694.0,1485.8,0.0
porto,city,27941,2000,uniform,250,adaptive,2,1528.0,166.0,1528.0,1194.45,0.0
porto,city,27941,2000,uniform,250,adaptive,3,1372.0,112.0,1372.0,939.8,0.0
porto,city,27941,2000,uniform,250,adaptive,4,1256.0,66.0,1256.0,847.85,0.0
porto,city,27941,2000,uniform,250,adaptive,5,1148.0,34.7,1148.0,691.3,0.0
porto,city,27941,2000,uniform,250,adaptive,6,596.0,23.6,1069.0,565.725,0.0
porto,city,27941,2000,uniform,250,adaptive,7,556.0,16.200000000000003,996.0,523.35,0.0
porto,city,27941,2000,uniform,250,adaptive,8,528.5,14.000000000000004,948.0,496.275,0.025
porto,city,27941,2000,uniform,250,adaptive,9,103.0,2.9000000000000004,909.0,452.25,0.075
porto,city,27941,2000,uniform,250,adaptive,10,99.0,1.0,871.0,432.45,0.125
porto,city,27941,2000,uniform,250,adaptive,11,96.0,1.0,836.0,414.05,0.15
porto,city,27941,2000,uniform,250,adaptive,12,93.0,1.0,801.0,396.65,0.15
porto,city,27941,2000,uniform,250,adaptive,13,90.0,1.0,767.0,359.325,0.15
porto,city,27941,2000,uniform,250,adaptive,14,36.0,1.0,735.0,309.225,0.175
porto,city,27941,2000,uniform,250,adaptive,15,36.0,1.0,704.0,278.3,0.2
porto,city,27941,2000,uniform,250,adaptive,16,36.0,1.0,679.0,267.6,0.225
porto,city,27941,2000,uniform,250,adaptive,17,32.5,1.0,657.0,243.15,0.225
porto,city,27941,2000,uniform,250,adaptive,18,25.5,1.0,638.0,220.8,0.225
porto,city,27941,2000,uniform,250,adaptive,19,21.0,1.0,619.0,199.2,0.225
porto,city,27941,2000,uniform,250,adaptive,20,21.0,1.0,601.0,193.125,0.25
porto,city,27941,2000,uniform,250,adaptive,21,20.5,1.0,583.0,173.2,0.25
porto,city,27941,2000,uniform,250,adaptive,22,20.5,1.0,565.0,168.05,0.25
porto,city,27941,2000,uniform,250,adaptive,23,20.5,1.0,548.0,163.25,0.275
porto,city,27941,2000,uniform,250,adaptive,24,20.5,1.0,532.0,158.75,0.275
porto,city,27941,2000,uniform,250,adaptive,25,20.5,1.0,516.0,153.95,0.3
porto,city,27941,2000,uniform,250,adaptive,26,20.5,1.0,504.0,150.575,0.3
porto,city,27941,2000,uniform,250,adaptive,27,20.5,1.0,492.0,147.2,0.3
porto,city,27941,2000,uniform,250,adaptive,28,20.5,1.0,481.0,144.1,0.3
porto,city,27941,2000,uniform,250,adaptive,29,20.5,1.0,470.0,141.0,0.3
porto,city,27941,2000,uniform,250,adaptive,30,20.5,1.0,459.0,137.9,0.3
porto,city,27941,2000,uniform,250,adaptive,31,16.0,1.0,450.0,133.7,0.325
porto,city,27941,2000,uniform,250,adaptive,32,16.0,1.0,441.0,131.225,0.325
porto,city,27941,2000,uniform,250,adaptive,33,16.0,1.0,433.0,129.025,0.325
porto,city,27941,2000,uniform,250,adaptive,34,16.0,1.0,425.0,126.825,0.325
porto,city,27941,2000,uniform,250,adaptive,35,16.0,1.0,418.0,124.9,0.325
porto,city,27941,2000,uniform,250,adaptive,36,11.5,1.0,411.0,112.875,0.325
porto,city,27941,2000,uniform,250,adaptive,37,11.5,1.0,404.0,111.075,0.325
porto,city,27941,2000,uniform,250,adaptive,38,11.5,1.0,397.0,109.225,0.35
porto,city,27941,2000,uniform,250,adaptive,39,11.5,1.0,391.0,107.725,0.35
porto,city,27941,2000,uniform,250,adaptive,40,10.0,1.0,385.0,96.75,0.35
porto,city,27941,2000,popular,500,random,0,2000.0,2000.0,2000.0,2000.0,0.0
porto,city,27941,2000,popular,500,random,1,1913.0,1688.7,2000.0,1813.625,0.0
porto,city,27941,2000,popular,500,random,2,1792.5,1169.8000000000004,1992.2,1632.95,0.0
porto,city,27941,2000,popular,500,random,3,1633.5,232.5,1986.3,1433.025,0.0
porto,city,27941,2000,popular,500,random,4,1547.5,227.3,1786.3,1241.0,0.0
porto,city,27941,2000,popular,500,random,5,1372.0,97.0,1782.7,1081.8,0.0
porto,city,27941,2000,popular,500,random,6,1012.0,95.70000000000002,1750.1000000000001,943.65,0.0
porto,city,27941,2000,popular,500,random,7,954.5,93.9,1693.0,901.625,0.0
porto,city,27941,2000,popular,500,random,8,943.0,93.9,1693.0,848.525,0.0
porto,city,27941,2000,popular,500,random,9,564.5,45.70000000000001,1567.0,741.875,0.0
porto,city,27941,2000,popular,500,random,10,556.5,44.80000000000001,1532.3,697.925,0.0
porto,city,27941,2000,popular,500,random,11,346.5,44.80000000000001,1337.2000000000003,629.275,0.0
porto,city,27941,2000,popular,500,random,12,315.0,24.6,1188.5000000000002,548.575,0.0
porto,city,27941,2000,popular,500,random,13,313.0,19.8,1183.5,534.5,0.0
porto,city,27941,2000,popular,500,random,14,260.0,19.8,1158.2,517.4,0.0
porto,city,27941,2000,popular,500,random,15,260.0,19.8,1141.7,491.475,0.0
porto,city,27941,2000,popular,500,random,16,197.5,19.8,1109.0,444.6,0.0
porto,city,27941,2000,popular,500,random,17,128.0,16.800000000000004,1046.2,391.025,0.0
porto,city,27941,2000,popular,500,random,18,128.0,16.800000000000004,984.0,370.35,0.0
porto,city,27941,2000,popular,500,random,19,128.0,16.800000000000004,892.1,353.55,0.0
porto,city,27941,2000,popular,500,random,20,128.0,16.800000000000004,872.8,338.525,0.0
porto,city,27941,2000,popular,500,random,21,126.5,15.000000000000004,872.3,320.95,0.0
porto,city,27941,2000,popular,500,random,22,106.0,9.600000000000001,744.1,280.15,0.0
porto,city,27941,2000,popular,500,random,23,105.5,9.600000000000001,742.3000000000001,273.975,0.0
porto,city,27941,2000,popular,500,random,24,105.0,9.600000000000001,742.3000000000001,269.65,0.0
porto,city,27941,2000,popular,500,random,25,102.0,6.9,704.8000000000001,245.95,0.0
porto,city,27941,2000,popular,500,random,26,92.0,6.0,665.9000000000001,224.95,0.0
porto,city,27941,2000,popular,500,random,27,92.0,6.0,664.1,218.85,0.0
porto,city,27941,2000,popular,500,random,28,77.5,6.0,624.1,212.3,0.0
porto,city,27941,2000,popular,500,random,29,77.5,5.9,593.9000000000001,207.075,0.0
porto,city,27941,2000,popular,500,random,30,76.5,5.9,589.4000000000001,198.575,0.025
porto,city,27941,2000,popular,500,random,31,74.0,5.9,589.4000000000001,185.925,0.025
porto,city,27941,2000,popular,500,random,32,74.0,5.9,551.6000000000001,182.3,0.025
porto,city,27941,2000,popular,500,random,33,63.0,5.9,494.0000000000002,174.8,0.025
porto,city,27941,2000,popular,500,random,34,59.5,4.800000000000001,447.60000000000025,160.625,0.05
porto,city,27941,2000,popular,500,random,35,56.5,2.8000000000000007,434.4000000000002,145.175,0.1
porto,city,27941,2000,popular,500,random,36,39.0,2.8000000000000007,434.4000000000002,138.2,0.1
porto,city,27941,2000,popular,500,random,37,35.0,1.0,433.9000000000002,134.3,0.125
porto,city,27941,2000,popular,500,random,38,34.0,1.0,422.60000000000014,129.55,0.125
porto,city,27941,2000,popular,500,random,39,34.0,1.0,403.70000000000016,127.425,0.125
porto,city,27941,2000,popular,500,random,40,34.0,1.0,403.60000000000014,124.425,0.125
porto,city,27941,2000,popular,500,adaptive,0,2000.0,2000.0,2000.0,2000.0,0.0
porto,city,27941,2000,popular,500,adaptive,1,1416.0,584.0,1416.0,1187.2,0.0
porto,city,27941,2000,popular,500,adaptive,2,1151.0,265.0,1151.0,804.9,0.0
porto,city,27941,2000,popular,500,adaptive,3,216.0,134.0,935.0,510.825,0.0
porto,city,27941,2000,popular,500,adaptive,4,110.0,69.7,761.0,328.65,0.0
porto,city,27941,2000,popular,500,adaptive,5,55.0,33.0,641.0,203.05,0.0
porto,city,27941,2000,popular,500,adaptive,6,27.0,16.9,540.0,145.575,0.0
porto,city,27941,2000,popular,500,adaptive,7,14.0,8.9,455.0,96.05,0.0
porto,city,27941,2000,popular,500,adaptive,8,7.0,3.9000000000000004,376.0,74.0,0.0
porto,city,27941,2000,popular,500,adaptive,9,4.0,2.0,310.0,58.375,0.025
porto,city,27941,2000,popular,500,adaptive,10,2.0,1.0,264.0,42.95,0.275
porto,city,27941,2000,popular,500,adaptive,11,2.0,1.0,226.0,35.85,0.475
porto,city,27941,2000,popular,500,adaptive,12,1.0,1.0,199.0,31.2,0.675
porto,city,27941,2000,popular,500,adaptive,13,1.0,1.0,175.0,27.4,0.675
porto,city,27941,2000,popular,500,adaptive,14,1.0,1.0,152.0,20.6,0.725
porto,city,27941,2000,popular,500,adaptive,15,1.0,1.0,32.000000000000156,14.9,0.75
porto,city,27941,2000,popular,500,adaptive,16,1.0,1.0,20.50000000000015,12.9,0.75
porto,city,27941,2000,popular,500,adaptive,17,1.0,1.0,14.500000000000135,11.175,0.75
porto,city,27941,2000,popular,500,adaptive,18,1.0,1.0,3.6000000000000085,8.15,0.75
porto,city,27941,2000,popular,500,adaptive,19,1.0,1.0,3.200000000000003,5.5,0.775
porto,city,27941,2000,popular,500,adaptive,20,1.0,1.0,2.1000000000000014,4.9,0.775
porto,city,27941,2000,popular,500,adaptive,21,1.0,1.0,2.0,4.475,0.8
porto,city,27941,2000,popular,500,adaptive,22,1.0,1.0,2.0,4.15,0.825
porto,city,27941,2000,popular,500,adaptive,23,1.0,1.0,2.0,3.85,0.825
porto,city,27941,2000,popular,500,adaptive,24,1.0,1.0,2.0,3.55,0.825
porto,city,27941,2000,popular,500,adaptive,25,1.0,1.0,2.0,3.3,0.825
porto,city,27941,2000,popular,500,adaptive,26,1.0,1.0,2.0,3.1,0.825
porto,city,27941,2000,popular,500,adaptive,27,1.0,1.0,2.0,2.9,0.825
porto,city,27941,2000,popular,500,adaptive,28,1.0,1.0,2.0,2.75,0.825
porto,city,27941,2000,popular,500,adaptive,29,1.0,1.0,2.0,2.6,0.825
porto,city,27941,2000,popular,500,adaptive,30,1.0,1.0,2.0,2.45,0.825
porto,city,27941,2000,popular,500,adaptive,31,1.0,1.0,2.0,2.3,0.825
porto,city,27941,2000,popular,500,adaptive,32,1.0,1.0,2.0,1.7,0.825
porto,city,27941,2000,popular,500,adaptive,33,1.0,1.0,2.0,1.625,0.85
porto,city,27941,2000,popular,500,adaptive,34,1.0,1.0,2.0,1.575,0.85
porto,city,27941,2000,popular,500,adaptive,35,1.0,1.0,2.0,1.525,0.85
porto,city,27941,2000,popular,500,adaptive,36,1.0,1.0,2.0,1.175,0.85
porto,city,27941,2000,popular,500,adaptive,37,1.0,1.0,2.0,1.175,0.85
porto,city,27941,2000,popular,500,adaptive,38,1.0,1.0,2.0,1.175,0.85
porto,city,27941,2000,popular,500,adaptive,39,1.0,1.0,2.0,1.175,0.85
porto,city,27941,2000,popular,500,adaptive,40,1.0,1.0,2.0,1.175,0.85
porto,city,27941,2000,uniform,500,random,0,2000.0,2000.0,2000.0,2000.0,0.0
porto,city,27941,2000,uniform,500,random,1,2000.0,1972.7,2000.0,1988.0,0.0
porto,city,27941,2000,uniform,500,random,2,1998.0,1834.2,2000.0,1962.075,0.0
porto,city,27941,2000,uniform,500,random,3,1985.5,1791.5,2000.0,1936.2,0.0
porto,city,27941,2000,uniform,500,random,4,1962.5,1786.7,1999.0,1921.375,0.0
porto,city,27941,2000,uniform,500,random,5,1954.5,1754.5,1993.4,1818.5,0.0
porto,city,27941,2000,uniform,500,random,6,1937.0,1749.3,1991.2,1800.65,0.0
porto,city,27941,2000,uniform,500,random,7,1910.5,1731.3,1991.2,1790.9,0.0
porto,city,27941,2000,uniform,500,random,8,1891.0,1644.7,1984.8,1764.95,0.0
porto,city,27941,2000,uniform,500,random,9,1822.0,1542.2,1984.4,1699.25,0.0
porto,city,27941,2000,uniform,500,random,10,1822.0,1542.1000000000001,1961.2,1689.1,0.0
porto,city,27941,2000,uniform,500,random,11,1803.0,1061.2000000000003,1950.2,1632.9,0.0
porto,city,27941,2000,uniform,500,random,12,1799.0,1061.2000000000003,1946.1,1624.6,0.0
porto,city,27941,2000,uniform,500,random,13,1799.0,1019.7000000000002,1943.2,1621.375,0.0
porto,city,27941,2000,uniform,500,random,14,1796.0,945.9000000000002,1937.3,1606.025,0.0
porto,city,27941,2000,uniform,500,random,15,1761.0,945.9000000000002,1931.9,1575.7,0.0
porto,city,27941,2000,uniform,500,random,16,1701.5,452.0000000000001,1917.5,1513.5,0.0
porto,city,27941,2000,uniform,500,random,17,1680.0,451.7000000000001,1915.7,1505.1,0.0
porto,city,27941,2000,uniform,500,random,18,1656.0,449.0000000000001,1915.7,1494.15,0.0
porto,city,27941,2000,uniform,500,random,19,1624.5,138.2,1915.2,1442.175,0.0
porto,city,27941,2000,uniform,500,random,20,1624.0,138.2,1846.4,1424.125,0.0
porto,city,27941,2000,uniform,500,random,21,1624.0,138.2,1846.4,1416.025,0.0
porto,city,27941,2000,uniform,500,random,22,1591.5,137.5,1846.4,1403.075,0.0
porto,city,27941,2000,uniform,500,random,23,1554.5,120.80000000000001,1813.1000000000001,1334.775,0.0
porto,city,27941,2000,uniform,500,random,24,1491.0,91.3,1800.2,1214.5,0.0
porto,city,27941,2000,uniform,500,random,25,1454.0,82.50000000000001,1749.1000000000001,1130.9,0.0
porto,city,27941,2000,uniform,500,random,26,1453.0,82.50000000000001,1728.3000000000002,1126.275,0.0
porto,city,27941,2000,uniform,500,random,27,1451.5,82.50000000000001,1728.3000000000002,1121.225,0.0
porto,city,27941,2000,uniform,500,random,28,1451.5,82.10000000000001,1720.0,1115.825,0.025
porto,city,27941,2000,uniform,500,random,29,1428.0,75.80000000000001,1665.2,1095.3,0.025
porto,city,27941,2000,uniform,500,random,30,1404.5,75.80000000000001,1665.2,1087.65,0.025
porto,city,27941,2000,uniform,500,random,31,1395.5,75.80000000000001,1651.0,1076.45,0.025
porto,city,27941,2000,uniform,500,random,32,1391.5,56.9,1651.0,1067.025,0.025
porto,city,27941,2000,uniform,500,random,33,1391.5,56.9,1619.5,1060.0,0.025
porto,city,27941,2000,uniform,500,random,34,1379.0,55.8,1619.5,1056.575,0.025
porto,city,27941,2000,uniform,500,random,35,1306.0,55.7,1618.4,1015.2,0.025
porto,city,27941,2000,uniform,500,random,36,1297.0,55.7,1613.0,1013.375,0.025
porto,city,27941,2000,uniform,500,random,37,1296.0,55.7,1611.1000000000001,997.825,0.025
porto,city,27941,2000,uniform,500,random,38,1292.5,55.7,1605.7,981.075,0.025
porto,city,27941,2000,uniform,500,random,39,1180.0,55.7,1596.2,907.275,0.025
porto,city,27941,2000,uniform,500,random,40,1172.0,52.6,1593.5,894.55,0.025
porto,city,27941,2000,uniform,500,adaptive,0,2000.0,2000.0,2000.0,2000.0,0.0
porto,city,27941,2000,uniform,500,adaptive,1,1442.0,558.0,1442.0,1176.8,0.0
porto,city,27941,2000,uniform,500,adaptive,2,1205.0,264.0,1205.0,831.6,0.0
porto,city,27941,2000,uniform,500,adaptive,3,989.0,132.3,989.0,590.025,0.0
porto,city,27941,2000,uniform,500,adaptive,4,137.0,46.0,852.0,426.35,0.0
porto,city,27941,2000,uniform,500,adaptive,5,69.0,23.9,726.0,334.65,0.0
porto,city,27941,2000,uniform,500,adaptive,6,50.0,11.0,619.0,240.775,0.0
porto,city,27941,2000,uniform,500,adaptive,7,23.5,4.0,522.0,184.525,0.0
porto,city,27941,2000,uniform,500,adaptive,8,18.5,3.0,461.0,138.025,0.025
porto,city,27941,2000,uniform,500,adaptive,9,11.0,2.0,411.0,101.775,0.05
porto,city,27941,2000,uniform,500,adaptive,10,6.0,1.0,371.0,89.525,0.25
porto,city,27941,2000,uniform,500,adaptive,11,4.5,1.0,334.0,79.375,0.3
porto,city,27941,2000,uniform,500,adaptive,12,3.0,1.0,303.0,64.675,0.35
porto,city,27941,2000,uniform,500,adaptive,13,3.0,1.0,273.0,57.85,0.4
porto,city,27941,2000,uniform,500,adaptive,14,3.0,1.0,247.0,52.275,0.45
porto,city,27941,2000,uniform,500,adaptive,15,2.5,1.0,221.0,42.075,0.45
porto,city,27941,2000,uniform,500,adaptive,16,2.5,1.0,201.0,33.7,0.475
porto,city,27941,2000,uniform,500,adaptive,17,2.5,1.0,38.900000000000226,22.2,0.475
porto,city,27941,2000,uniform,500,adaptive,18,2.5,1.0,36.2000000000002,19.7,0.475
porto,city,27941,2000,uniform,500,adaptive,19,2.0,1.0,33.80000000000018,17.8,0.475
porto,city,27941,2000,uniform,500,adaptive,20,1.0,1.0,31.500000000000163,16.2,0.525
porto,city,27941,2000,uniform,500,adaptive,21,1.0,1.0,30.400000000000148,15.05,0.575
porto,city,27941,2000,uniform,500,adaptive,22,1.0,1.0,10.800000000000011,8.85,0.575
porto,city,27941,2000,uniform,500,adaptive,23,1.0,1.0,10.800000000000011,8.2,0.575
porto,city,27941,2000,uniform,500,adaptive,24,1.0,1.0,10.800000000000011,7.575,0.575
porto,city,27941,2000,uniform,500,adaptive,25,1.0,1.0,10.800000000000011,7.15,0.575
porto,city,27941,2000,uniform,500,adaptive,26,1.0,1.0,10.800000000000011,6.8,0.575
porto,city,27941,2000,uniform,500,adaptive,27,1.0,1.0,10.800000000000011,6.45,0.575
porto,city,27941,2000,uniform,500,adaptive,28,1.0,1.0,10.800000000000011,6.1,0.575
porto,city,27941,2000,uniform,500,adaptive,29,1.0,1.0,10.800000000000011,5.8,0.575
porto,city,27941,2000,uniform,500,adaptive,30,1.0,1.0,10.800000000000011,5.5,0.575
porto,city,27941,2000,uniform,500,adaptive,31,1.0,1.0,10.800000000000011,5.3,0.575
porto,city,27941,2000,uniform,500,adaptive,32,1.0,1.0,10.800000000000011,5.15,0.575
porto,city,27941,2000,uniform,500,adaptive,33,1.0,1.0,10.800000000000011,5.0,0.575
porto,city,27941,2000,uniform,500,adaptive,34,1.0,1.0,10.800000000000011,4.85,0.575
porto,city,27941,2000,uniform,500,adaptive,35,1.0,1.0,10.800000000000011,4.7,0.575
porto,city,27941,2000,uniform,500,adaptive,36,1.0,1.0,10.800000000000011,4.55,0.575
porto,city,27941,2000,uniform,500,adaptive,37,1.0,1.0,10.800000000000011,4.4,0.575
porto,city,27941,2000,uniform,500,adaptive,38,1.0,1.0,5.500000000000007,3.6,0.575
porto,city,27941,2000,uniform,500,adaptive,39,1.0,1.0,5.500000000000007,3.525,0.575
porto,city,27941,2000,uniform,500,adaptive,40,1.0,1.0,5.500000000000007,3.45,0.6
porto,city,27941,2000,popular,1000,random,0,2000.0,2000.0,2000.0,2000.0,0.0
porto,city,27941,2000,popular,1000,random,1,1804.5,1459.9,1996.0,1745.675,0.0
porto,city,27941,2000,popular,1000,random,2,1577.5,765.4,1962.0,1485.75,0.0
porto,city,27941,2000,popular,1000,random,3,1380.0,570.1,1904.9,1308.35,0.0
porto,city,27941,2000,popular,1000,random,4,1286.5,202.5,1817.5,1133.85,0.0
porto,city,27941,2000,popular,1000,random,5,1109.5,126.0,1817.5,991.375,0.0
porto,city,27941,2000,popular,1000,random,6,1018.0,123.0,1559.0000000000002,900.4,0.025
porto,city,27941,2000,popular,1000,random,7,830.5,97.00000000000003,1446.0000000000002,777.35,0.025
porto,city,27941,2000,popular,1000,random,8,675.5,90.10000000000002,1219.4,665.95,0.025
porto,city,27941,2000,popular,1000,random,9,635.5,49.60000000000001,1144.2,597.575,0.025
porto,city,27941,2000,popular,1000,random,10,427.0,48.60000000000001,1031.5,510.225,0.025
porto,city,27941,2000,popular,1000,random,11,355.5,48.60000000000001,1017.5,461.6,0.025
porto,city,27941,2000,popular,1000,random,12,248.5,35.10000000000001,842.3000000000003,368.475,0.05
porto,city,27941,2000,popular,1000,random,13,193.5,31.300000000000004,823.4,329.95,0.05
porto,city,27941,2000,popular,1000,random,14,161.5,15.8,816.7,302.375,0.05
porto,city,27941,2000,popular,1000,random,15,161.0,15.8,750.1000000000001,284.15,0.05
porto,city,27941,2000,popular,1000,random,16,146.5,15.8,524.4000000000001,226.375,0.05
porto,city,27941,2000,popular,1000,random,17,105.0,14.9,480.4000000000001,190.825,0.05
porto,city,27941,2000,popular,1000,random,18,88.0,13.700000000000001,327.1000000000002,156.7,0.05
porto,city,27941,2000,popular,1000,random,19,82.0,9.700000000000001,315.90000000000003,145.7,0.05
porto,city,27941,2000,popular,1000,random,20,78.0,8.700000000000001,281.50000000000006,140.125,0.075
porto,city,27941,2000,popular,1000,random,21,65.5,6.9,277.1,134.55,0.075
porto,city,27941,2000,popular,1000,random,22,65.5,6.9,271.7,118.875,0.075
porto,city,27941,2000,popular,1000,random,23,50.5,6.0,245.80000000000004,106.85,0.075
porto,city,27941,2000,popular,1000,random,24,44.0,3.700000000000001,233.4,100.6,0.1
porto,city,27941,2000,popular,1000,random,25,39.0,3.700000000000001,232.0,97.5,0.1
porto,city,27941,2000,popular,1000,random,26,35.5,3.700000000000001,221.0,86.325,0.1
porto,city,27941,2000,popular,1000,random,27,31.5,3.700000000000001,194.60000000000002,80.1,0.1
porto,city,27941,2000,popular,1000,random,28,29.0,3.700000000000001,186.50000000000003,72.65,0.1
porto,city,27941,2000,popular,1000,random,29,27.0,3.700000000000001,150.20000000000002,51.825,0.1
porto,city,27941,2000,popular,1000,random,30,27.0,3.700000000000001,149.3,50.975,0.1
porto,city,27941,2000,popular,1000,random,31,25.0,3.700000000000001,123.70000000000002,47.375,0.1
porto,city,27941,2000,popular,1000,random,32,22.0,3.700000000000001,123.60000000000001,45.65,0.1
porto,city,27941,2000,popular,1000,random,33,18.5,3.700000000000001,119.4,41.15,0.1
porto,city,27941,2000,popular,1000,random,34,18.5,3.700000000000001,119.4,40.175,0.1
porto,city,27941,2000,popular,1000,random,35,15.0,2.8000000000000007,110.00000000000001,38.25,0.1
porto,city,27941,2000,popular,1000,random,36,15.0,2.8000000000000007,109.80000000000001,35.575,0.1
porto,city,27941,2000,popular,1000,random,37,15.0,2.8000000000000007,109.80000000000001,34.975,0.1
porto,city,27941,2000,popular,1000,random,38,15.0,2.8000000000000007,86.70000000000002,32.55,0.1
porto,city,27941,2000,popular,1000,random,39,13.0,1.9000000000000004,83.30000000000001,31.0,0.1
porto,city,27941,2000,popular,1000,random,40,11.5,1.0,76.60000000000001,28.75,0.125
porto,city,27941,2000,popular,1000,adaptive,0,2000.0,2000.0,2000.0,2000.0,0.0
porto,city,27941,2000,popular,1000,adaptive,1,1146.0,854.0,1146.0,1036.5,0.0
porto,city,27941,2000,popular,1000,adaptive,2,431.0,363.0,783.0,555.7,0.0
porto,city,27941,2000,popular,1000,adaptive,3,215.0,184.0,554.0,318.05,0.0
porto,city,27941,2000,popular,1000,adaptive,4,107.0,92.0,410.0,175.8,0.0
porto,city,27941,2000,popular,1000,adaptive,5,54.0,46.0,298.0,99.325,0.0
porto,city,27941,2000,popular,1000,adaptive,6,27.0,23.0,229.0,63.65,0.0
porto,city,27941,2000,popular,1000,adaptive,7,14.0,11.0,175.0,36.45,0.0
porto,city,27941,2000,popular,1000,adaptive,8,7.0,6.0,133.0,23.9,0.0
porto,city,27941,2000,popular,1000,adaptive,9,4.0,3.0,26.0,10.95,0.0
porto,city,27941,2000,popular,1000,adaptive,10,2.0,1.0,12.0,7.0,0.25
porto,city,27941,2000,popular,1000,adaptive,11,1.0,1.0,6.0,4.725,0.675
porto,city,27941,2000,popular,1000,adaptive,12,1.0,1.0,3.0,3.775,0.75
porto,city,27941,2000,popular,1000,adaptive,13,1.0,1.0,2.1000000000000014,3.1,0.8
porto,city,27941,2000,popular,1000,adaptive,14,1.0,1.0,2.1000000000000014,2.675,0.825
porto,city,27941,2000,popular,1000,adaptive,15,1.0,1.0,2.1000000000000014,2.325,0.825
porto,city,27941,2000,popular,1000,adaptive,16,1.0,1.0,2.1000000000000014,1.725,0.825
porto,city,27941,2000,popular,1000,adaptive,17,1.0,1.0,2.1000000000000014,1.35,0.825
porto,city,27941,2000,popular,1000,adaptive,18,1.0,1.0,2.0,1.225,0.85
porto,city,27941,2000,popular,1000,adaptive,19,1.0,1.0,2.0,1.2,0.85
porto,city,27941,2000,popular,1000,adaptive,20,1.0,1.0,2.0,1.175,0.875
porto,city,27941,2000,popular,1000,adaptive,21,1.0,1.0,2.0,1.175,0.875
porto,city,27941,2000,popular,1000,adaptive,22,1.0,1.0,2.0,1.175,0.875
porto,city,27941,2000,popular,1000,adaptive,23,1.0,1.0,2.0,1.175,0.875
porto,city,27941,2000,popular,1000,adaptive,24,1.0,1.0,2.0,1.175,0.875
porto,city,27941,2000,popular,1000,adaptive,25,1.0,1.0,2.0,1.175,0.875
porto,city,27941,2000,popular,1000,adaptive,26,1.0,1.0,2.0,1.175,0.875
porto,city,27941,2000,popular,1000,adaptive,27,1.0,1.0,2.0,1.175,0.875
porto,city,27941,2000,popular,1000,adaptive,28,1.0,1.0,2.0,1.175,0.875
porto,city,27941,2000,popular,1000,adaptive,29,1.0,1.0,2.0,1.175,0.875
porto,city,27941,2000,popular,1000,adaptive,30,1.0,1.0,2.0,1.175,0.875
porto,city,27941,2000,popular,1000,adaptive,31,1.0,1.0,2.0,1.175,0.875
porto,city,27941,2000,popular,1000,adaptive,32,1.0,1.0,2.0,1.175,0.875
porto,city,27941,2000,popular,1000,adaptive,33,1.0,1.0,2.0,1.175,0.875
porto,city,27941,2000,popular,1000,adaptive,34,1.0,1.0,2.0,1.175,0.875
porto,city,27941,2000,popular,1000,adaptive,35,1.0,1.0,2.0,1.175,0.875
porto,city,27941,2000,popular,1000,adaptive,36,1.0,1.0,2.0,1.175,0.875
porto,city,27941,2000,popular,1000,adaptive,37,1.0,1.0,2.0,1.175,0.875
porto,city,27941,2000,popular,1000,adaptive,38,1.0,1.0,2.0,1.175,0.875
porto,city,27941,2000,popular,1000,adaptive,39,1.0,1.0,2.0,1.175,0.875
porto,city,27941,2000,popular,1000,adaptive,40,1.0,1.0,2.0,1.175,0.875
porto,city,27941,2000,uniform,1000,random,0,2000.0,2000.0,2000.0,2000.0,0.0
porto,city,27941,2000,uniform,1000,random,1,1985.0,1713.7,2000.0,1895.35,0.0
porto,city,27941,2000,uniform,1000,random,2,1921.0,1406.8000000000004,1999.1,1702.25,0.0
porto,city,27941,2000,uniform,1000,random,3,1770.5,366.20000000000005,1985.0,1602.45,0.0
porto,city,27941,2000,uniform,1000,random,4,1678.5,341.90000000000003,1954.8,1537.5,0.0
porto,city,27941,2000,uniform,1000,random,5,1602.0,211.5,1918.9,1410.25,0.0
porto,city,27941,2000,uniform,1000,random,6,1555.0,209.0,1918.6,1346.175,0.0
porto,city,27941,2000,uniform,1000,random,7,1450.5,205.4,1901.6,1263.175,0.0
porto,city,27941,2000,uniform,1000,random,8,1373.0,200.70000000000002,1865.8,1209.1,0.0
porto,city,27941,2000,uniform,1000,random,9,1366.5,110.5,1796.1000000000001,1132.175,0.0
porto,city,27941,2000,uniform,1000,random,10,1306.5,108.7,1736.3000000000002,1091.9,0.0
porto,city,27941,2000,uniform,1000,random,11,1230.5,108.7,1683.5,1022.975,0.0
porto,city,27941,2000,uniform,1000,random,12,1174.0,108.7,1679.6000000000001,994.15,0.0
porto,city,27941,2000,uniform,1000,random,13,1138.0,93.60000000000001,1667.0,939.925,0.0
porto,city,27941,2000,uniform,1000,random,14,1078.5,59.000000000000014,1663.4,876.225,0.0
porto,city,27941,2000,uniform,1000,random,15,973.0,27.5,1499.0,809.825,0.0
porto,city,27941,2000,uniform,1000,random,16,952.0,25.700000000000003,1468.5,752.9,0.0
porto,city,27941,2000,uniform,1000,random,17,802.5,25.700000000000003,1406.9,701.25,0.0
porto,city,27941,2000,uniform,1000,random,18,707.0,25.700000000000003,1224.9000000000003,667.575,0.0
porto,city,27941,2000,uniform,1000,random,19,560.0,25.700000000000003,1162.3000000000002,622.7,0.0
porto,city,27941,2000,uniform,1000,random,20,553.0,22.8,1159.6000000000001,610.1,0.0
porto,city,27941,2000,uniform,1000,random,21,547.0,22.6,1159.3000000000002,599.35,0.0
porto,city,27941,2000,uniform,1000,random,22,538.0,18.5,1158.3,587.55,0.0
porto,city,27941,2000,uniform,1000,random,23,522.5,18.5,1158.3,582.725,0.0
porto,city,27941,2000,uniform,1000,random,24,479.5,18.5,1142.3,535.6,0.0
porto,city,27941,2000,uniform,1000,random,25,479.0,18.5,1078.0,510.1,0.025
porto,city,27941,2000,uniform,1000,random,26,463.0,18.5,1075.4,500.05,0.025
porto,city,27941,2000,uniform,1000,random,27,371.5,18.5,1075.4,478.775,0.025
porto,city,27941,2000,uniform,1000,random,28,368.0,16.700000000000003,1075.4,475.4,0.025
porto,city,27941,2000,uniform,1000,random,29,364.5,16.700000000000003,1060.1000000000001,464.45,0.025
porto,city,27941,2000,uniform,1000,random,30,364.5,15.8,1060.0,463.875,0.025
porto,city,27941,2000,uniform,1000,random,31,364.5,14.0,1060.0,445.0,0.025
porto,city,27941,2000,uniform,1000,random,32,253.0,13.100000000000003,999.1000000000001,407.625,0.025
porto,city,27941,2000,uniform,1000,random,33,200.5,5.0,999.1000000000001,383.1,0.025
porto,city,27941,2000,uniform,1000,random,34,175.0,5.0,932.8000000000002,368.925,0.025
porto,city,27941,2000,uniform,1000,random,35,175.0,5.0,932.8000000000002,363.675,0.025
porto,city,27941,2000,uniform,1000,random,36,151.0,5.0,906.7000000000002,340.375,0.025
porto,city,27941,2000,uniform,1000,random,37,125.0,5.0,891.1,307.1,0.025
porto,city,27941,2000,uniform,1000,random,38,119.5,5.0,883.8,297.975,0.025
porto,city,27941,2000,uniform,1000,random,39,119.5,4.9,784.9000000000001,293.35,0.025
porto,city,27941,2000,uniform,1000,random,40,119.5,4.9,784.9000000000001,288.75,0.025
porto,city,27941,2000,uniform,1000,adaptive,0,2000.0,2000.0,2000.0,2000.0,0.0
porto,city,27941,2000,uniform,1000,adaptive,1,1228.0,772.0,1228.0,1057.0,0.0
porto,city,27941,2000,uniform,1000,adaptive,2,434.0,369.0,794.0,578.425,0.0
porto,city,27941,2000,uniform,1000,adaptive,3,221.0,199.0,534.0,319.2,0.0
porto,city,27941,2000,uniform,1000,adaptive,4,117.0,92.0,371.0,173.125,0.0
porto,city,27941,2000,uniform,1000,adaptive,5,64.0,48.8,266.0,97.7,0.0
porto,city,27941,2000,uniform,1000,adaptive,6,31.0,24.0,206.0,58.15,0.0
porto,city,27941,2000,uniform,1000,adaptive,7,15.0,9.9,160.0,34.525,0.0
porto,city,27941,2000,uniform,1000,adaptive,8,7.5,5.0,44.00000000000013,20.55,0.0
porto,city,27941,2000,uniform,1000,adaptive,9,4.0,3.0,24.700000000000124,14.65,0.0
porto,city,27941,2000,uniform,1000,adaptive,10,2.0,1.9000000000000004,8.40000000000002,9.225,0.1
porto,city,27941,2000,uniform,1000,adaptive,11,1.0,1.0,6.500000000000007,6.625,0.55
porto,city,27941,2000,uniform,1000,adaptive,12,1.0,1.0,6.0,4.35,0.625
porto,city,27941,2000,uniform,1000,adaptive,13,1.0,1.0,5.100000000000001,3.55,0.675
porto,city,27941,2000,uniform,1000,adaptive,14,1.0,1.0,5.0,2.525,0.675
porto,city,27941,2000,uniform,1000,adaptive,15,1.0,1.0,5.0,2.2,0.7
porto,city,27941,2000,uniform,1000,adaptive,16,1.0,1.0,5.0,2.0,0.725
porto,city,27941,2000,uniform,1000,adaptive,17,1.0,1.0,5.0,1.875,0.75
porto,city,27941,2000,uniform,1000,adaptive,18,1.0,1.0,3.200000000000003,1.625,0.75
porto,city,27941,2000,uniform,1000,adaptive,19,1.0,1.0,3.200000000000003,1.6,0.75
porto,city,27941,2000,uniform,1000,adaptive,20,1.0,1.0,3.200000000000003,1.575,0.775
porto,city,27941,2000,uniform,1000,adaptive,21,1.0,1.0,3.200000000000003,1.575,0.775
porto,city,27941,2000,uniform,1000,adaptive,22,1.0,1.0,3.200000000000003,1.575,0.775
porto,city,27941,2000,uniform,1000,adaptive,23,1.0,1.0,3.200000000000003,1.575,0.775
porto,city,27941,2000,uniform,1000,adaptive,24,1.0,1.0,3.200000000000003,1.575,0.775
porto,city,27941,2000,uniform,1000,adaptive,25,1.0,1.0,3.200000000000003,1.575,0.775
porto,city,27941,2000,uniform,1000,adaptive,26,1.0,1.0,3.200000000000003,1.575,0.775
porto,city,27941,2000,uniform,1000,adaptive,27,1.0,1.0,3.200000000000003,1.575,0.775
porto,city,27941,2000,uniform,1000,adaptive,28,1.0,1.0,3.200000000000003,1.575,0.775
porto,city,27941,2000,uniform,1000,adaptive,29,1.0,1.0,3.200000000000003,1.575,0.775
porto,city,27941,2000,uniform,1000,adaptive,30,1.0,1.0,3.200000000000003,1.575,0.775
porto,city,27941,2000,uniform,1000,adaptive,31,1.0,1.0,3.200000000000003,1.575,0.775
porto,city,27941,2000,uniform,1000,adaptive,32,1.0,1.0,3.200000000000003,1.575,0.775
porto,city,27941,2000,uniform,1000,adaptive,33,1.0,1.0,3.200000000000003,1.575,0.775
porto,city,27941,2000,uniform,1000,adaptive,34,1.0,1.0,3.200000000000003,1.575,0.775
porto,city,27941,2000,uniform,1000,adaptive,35,1.0,1.0,3.200000000000003,1.575,0.775
porto,city,27941,2000,uniform,1000,adaptive,36,1.0,1.0,3.200000000000003,1.575,0.775
porto,city,27941,2000,uniform,1000,adaptive,37,1.0,1.0,3.200000000000003,1.575,0.775
porto,city,27941,2000,uniform,1000,adaptive,38,1.0,1.0,3.200000000000003,1.575,0.775
porto,city,27941,2000,uniform,1000,adaptive,39,1.0,1.0,3.200000000000003,1.575,0.775
porto,city,27941,2000,uniform,1000,adaptive,40,1.0,1.0,3.200000000000003,1.575,0.775
geolife,user128,323,159,popular,250,random,0,159.0,159.0,159.0,159.0,0.0
geolife,user128,323,159,popular,250,random,1,159.0,152.0,159.0,156.875,0.0
geolife,user128,323,159,popular,250,random,2,159.0,152.0,159.0,156.2,0.0
geolife,user128,323,159,popular,250,random,3,159.0,147.70000000000002,159.0,154.55,0.0
geolife,user128,323,159,popular,250,random,4,159.0,144.1,159.0,153.875,0.0
geolife,user128,323,159,popular,250,random,5,158.0,144.1,159.0,153.3,0.0
geolife,user128,323,159,popular,250,random,6,157.0,135.8,159.0,151.825,0.0
geolife,user128,323,159,popular,250,random,7,154.5,133.5,159.0,149.625,0.0
geolife,user128,323,159,popular,250,random,8,152.5,128.3,159.0,148.375,0.0
geolife,user128,323,159,popular,250,random,9,151.0,123.8,159.0,147.35,0.0
geolife,user128,323,159,popular,250,random,10,150.5,123.3,159.0,147.05,0.0
geolife,user128,323,159,popular,250,random,11,150.0,123.3,159.0,146.95,0.0
geolife,user128,323,159,popular,250,random,12,150.0,116.9,159.0,145.8,0.0
geolife,user128,323,159,popular,250,random,13,149.5,115.8,159.0,141.8,0.0
geolife,user128,323,159,popular,250,random,14,149.0,115.8,159.0,141.375,0.0
geolife,user128,323,159,popular,250,random,15,148.0,115.8,159.0,139.975,0.0
geolife,user128,323,159,popular,250,random,16,148.0,115.8,159.0,139.95,0.0
geolife,user128,323,159,popular,250,random,17,146.0,113.9,159.0,135.325,0.0
geolife,user128,323,159,popular,250,random,18,145.0,113.9,159.0,134.275,0.0
geolife,user128,323,159,popular,250,random,19,145.0,109.9,159.0,131.1,0.0
geolife,user128,323,159,popular,250,random,20,142.5,109.9,158.0,129.525,0.0
geolife,user128,323,159,popular,250,random,21,138.5,99.50000000000003,158.0,125.9,0.0
geolife,user128,323,159,popular,250,random,22,138.5,13.200000000000003,156.1,122.35,0.0
geolife,user128,323,159,popular,250,random,23,136.0,13.200000000000003,156.1,121.175,0.0
geolife,user128,323,159,popular,250,random,24,135.5,13.200000000000003,155.2,120.575,0.0
geolife,user128,323,159,popular,250,random,25,134.0,13.200000000000003,155.2,120.025,0.0
geolife,user128,323,159,popular,250,random,26,132.5,6.0,155.2,119.175,0.0
geolife,user128,323,159,popular,250,random,27,132.5,6.0,154.3,118.675,0.0
geolife,user128,323,159,popular,250,random,28,131.0,6.0,154.3,117.6,0.0
geolife,user128,323,159,popular,250,random,29,130.5,6.0,152.2,116.325,0.0
geolife,user128,323,159,popular,250,random,30,127.5,6.0,150.1,112.75,0.0
geolife,user128,323,159,popular,250,random,31,127.5,6.0,150.0,111.7,0.0
geolife,user128,323,159,popular,250,random,32,127.0,6.0,150.0,107.7,0.0
geolife,user128,323,159,popular,250,random,33,125.0,6.0,150.0,107.4,0.0
geolife,user128,323,159,popular,250,random,34,124.5,6.0,150.0,106.7,0.0
geolife,user128,323,159,popular,250,random,35,122.0,6.0,150.0,106.25,0.0
geolife,user128,323,159,popular,250,random,36,122.0,6.0,150.0,105.85,0.0
geolife,user128,323,159,popular,250,random,37,122.0,6.0,150.0,105.15,0.0
geolife,user128,323,159,popular,250,random,38,122.0,6.0,147.3,104.975,0.0
geolife,user128,323,159,popular,250,random,39,122.0,6.0,147.1,104.775,0.0
geolife,user128,323,159,popular,250,random,40,119.5,6.0,145.3,103.875,0.0
geolife,user128,323,159,popular,250,adaptive,0,159.0,159.0,159.0,159.0,0.0
geolife,user128,323,159,popular,250,adaptive,1,101.0,58.0,101.0,81.65,0.0
geolife,user128,323,159,popular,250,adaptive,2,57.5,26.0,83.0,55.9,0.0
geolife,user128,323,159,popular,250,adaptive,3,18.0,12.0,69.0,40.825,0.0
geolife,user128,323,159,popular,250,adaptive,4,12.0,6.0,62.0,31.575,0.0
geolife,user128,323,159,popular,250,adaptive,5,9.5,2.0,55.0,25.175,0.025
geolife,user128,323,159,popular,250,adaptive,6,5.5,2.0,51.0,21.475,0.05
geolife,user128,323,159,popular,250,adaptive,7,5.0,1.0,47.0,19.35,0.275
geolife,user128,323,159,popular,250,adaptive,8,5.0,1.0,43.0,17.725,0.4
geolife,user128,323,159,popular,250,adaptive,9,4.0,1.0,39.0,15.35,0.4
geolife,user128,323,159,popular,250,adaptive,10,3.0,1.0,37.0,13.775,0.4
geolife,user128,323,159,popular,250,adaptive,11,3.0,1.0,35.0,13.125,0.4
geolife,user128,323,159,popular,250,adaptive,12,3.0,1.0,33.0,12.475,0.4
geolife,user128,323,159,popular,250,adaptive,13,3.0,1.0,31.0,11.825,0.4
geolife,user128,323,159,popular,250,adaptive,14,3.0,1.0,30.0,11.5,0.4
geolife,user128,323,159,popular,250,adaptive,15,2.0,1.0,29.0,10.475,0.425
geolife,user128,323,159,popular,250,adaptive,16,2.0,1.0,28.0,10.175,0.425
geolife,user128,323,159,popular,250,adaptive,17,2.0,1.0,27.0,9.875,0.425
geolife,user128,323,159,popular,250,adaptive,18,2.0,1.0,26.0,9.575,0.425
geolife,user128,323,159,popular,250,adaptive,19,2.0,1.0,25.0,9.275,0.425
geolife,user128,323,159,popular,250,adaptive,20,2.0,1.0,24.0,8.975,0.425
geolife,user128,323,159,popular,250,adaptive,21,2.0,1.0,23.0,8.675,0.425
geolife,user128,323,159,popular,250,adaptive,22,2.0,1.0,22.0,8.375,0.425
geolife,user128,323,159,popular,250,adaptive,23,2.0,1.0,22.0,8.375,0.425
geolife,user128,323,159,popular,250,adaptive,24,2.0,1.0,22.0,8.375,0.425
geolife,user128,323,159,popular,250,adaptive,25,2.0,1.0,22.0,8.375,0.425
geolife,user128,323,159,popular,250,adaptive,26,2.0,1.0,22.0,8.375,0.425
geolife,user128,323,159,popular,250,adaptive,27,2.0,1.0,22.0,8.375,0.425
geolife,user128,323,159,popular,250,adaptive,28,2.0,1.0,22.0,8.375,0.425
geolife,user128,323,159,popular,250,adaptive,29,2.0,1.0,22.0,8.375,0.425
geolife,user128,323,159,popular,250,adaptive,30,2.0,1.0,22.0,8.375,0.425
geolife,user128,323,159,popular,250,adaptive,31,2.0,1.0,22.0,8.375,0.425
geolife,user128,323,159,popular,250,adaptive,32,2.0,1.0,22.0,8.375,0.425
geolife,user128,323,159,popular,250,adaptive,33,2.0,1.0,22.0,8.375,0.425
geolife,user128,323,159,popular,250,adaptive,34,2.0,1.0,22.0,8.375,0.425
geolife,user128,323,159,popular,250,adaptive,35,2.0,1.0,22.0,8.375,0.425
geolife,user128,323,159,popular,250,adaptive,36,2.0,1.0,22.0,8.375,0.425
geolife,user128,323,159,popular,250,adaptive,37,2.0,1.0,22.0,8.375,0.425
geolife,user128,323,159,popular,250,adaptive,38,2.0,1.0,22.0,8.375,0.425
geolife,user128,323,159,popular,250,adaptive,39,2.0,1.0,22.0,8.375,0.425
geolife,user128,323,159,popular,250,adaptive,40,2.0,1.0,22.0,8.375,0.425
geolife,user128,323,159,uniform,250,random,0,159.0,159.0,159.0,159.0,0.0
geolife,user128,323,159,uniform,250,random,1,159.0,158.9,159.0,158.775,0.0
geolife,user128,323,159,uniform,250,random,2,159.0,158.9,159.0,158.775,0.0
geolife,user128,323,159,uniform,250,random,3,159.0,157.9,159.0,158.15,0.0
geolife,user128,323,159,uniform,250,random,4,159.0,156.9,159.0,158.075,0.0
geolife,user128,323,159,uniform,250,random,5,159.0,156.0,159.0,157.65,0.0
geolife,user128,323,159,uniform,250,random,6,159.0,156.0,159.0,157.625,0.0
geolife,user128,323,159,uniform,250,random,7,159.0,156.0,159.0,157.6,0.0
geolife,user128,323,159,uniform,250,random,8,159.0,156.0,159.0,157.6,0.0
geolife,user128,323,159,uniform,250,random,9,159.0,156.0,159.0,154.2,0.0
geolife,user128,323,159,uniform,250,random,10,159.0,155.1,159.0,153.875,0.0
geolife,user128,323,159,uniform,250,random,11,159.0,147.0,159.0,153.55,0.0
geolife,user128,323,159,uniform,250,random,12,159.0,147.0,159.0,153.525,0.0
geolife,user128,323,159,uniform,250,random,13,159.0,147.0,159.0,153.525,0.0
geolife,user128,323,159,uniform,250,random,14,159.0,147.0,159.0,153.5,0.0
geolife,user128,323,159,uniform,250,random,15,159.0,147.0,159.0,153.475,0.0
geolife,user128,323,159,uniform,250,random,16,159.0,147.0,159.0,153.175,0.0
geolife,user128,323,159,uniform,250,random,17,159.0,147.0,159.0,153.05,0.0
geolife,user128,323,159,uniform,250,random,18,158.5,147.0,159.0,153.025,0.0
geolife,user128,323,159,uniform,250,random,19,158.0,147.0,159.0,152.95,0.0
geolife,user128,323,159,uniform,250,random,20,158.0,146.8,159.0,152.2,0.0
geolife,user128,323,159,uniform,250,random,21,158.0,146.8,159.0,148.5,0.0
geolife,user128,323,159,uniform,250,random,22,158.0,145.9,159.0,148.45,0.0
geolife,user128,323,159,uniform,250,random,23,158.0,145.9,159.0,148.425,0.0
geolife,user128,323,159,uniform,250,random,24,158.0,145.9,159.0,148.425,0.0
geolife,user128,323,159,uniform,250,random,25,158.0,144.9,159.0,148.15,0.0
geolife,user128,323,159,uniform,250,random,26,158.0,142.70000000000002,159.0,147.55,0.0
geolife,user128,323,159,uniform,250,random,27,158.0,142.70000000000002,159.0,147.5,0.0
geolife,user128,323,159,uniform,250,random,28,158.0,142.70000000000002,159.0,147.175,0.0
geolife,user128,323,159,uniform,250,random,29,157.5,130.1,159.0,143.375,0.0
geolife,user128,323,159,uniform,250,random,30,157.0,130.1,159.0,143.075,0.0
geolife,user128,323,159,uniform,250,random,31,157.0,130.1,159.0,143.075,0.0
geolife,user128,323,159,uniform,250,random,32,156.0,128.3,159.0,141.425,0.0
geolife,user128,323,159,uniform,250,random,33,155.5,128.3,159.0,141.325,0.0
geolife,user128,323,159,uniform,250,random,34,155.5,128.3,159.0,141.3,0.0
geolife,user128,323,159,uniform,250,random,35,155.0,128.3,159.0,140.525,0.0
geolife,user128,323,159,uniform,250,random,36,154.5,125.6,159.0,139.825,0.0
geolife,user128,323,159,uniform,250,random,37,154.5,125.6,159.0,139.75,0.025
geolife,user128,323,159,uniform,250,random,38,153.5,112.20000000000003,159.0,135.85,0.025
geolife,user128,323,159,uniform,250,random,39,151.0,112.20000000000003,159.0,135.625,0.025
geolife,user128,323,159,uniform,250,random,40,147.5,112.20000000000003,158.1,134.9,0.025
geolife,user128,323,159,uniform,250,adaptive,0,159.0,159.0,159.0,159.0,0.0
geolife,user128,323,159,uniform,250,adaptive,1,129.0,129.0,129.0,126.525,0.0
geolife,user128,323,159,uniform,250,adaptive,2,117.0,12.0,117.0,98.675,0.0
geolife,user128,323,159,uniform,250,adaptive,3,108.0,6.9,108.0,75.3,0.0
geolife,user128,323,159,uniform,250,adaptive,4,105.0,3.0,105.0,69.95,0.0
geolife,user128,323,159,uniform,250,adaptive,5,102.0,2.0,102.0,65.25,0.05
geolife,user128,323,159,uniform,250,adaptive,6,100.0,2.0,100.0,63.95,0.075
geolife,user128,323,159,uniform,250,adaptive,7,98.0,1.9000000000000004,98.0,60.275,0.1
geolife,user128,323,159,uniform,250,adaptive,8,96.0,1.9000000000000004,96.0,56.725,0.1
geolife,user128,323,159,uniform,250,adaptive,9,95.0,1.9000000000000004,95.0,56.15,0.1
geolife,user128,323,159,uniform,250,adaptive,10,94.0,1.9000000000000004,94.0,55.575,0.1
geolife,user128,323,159,uniform,250,adaptive,11,93.0,1.9000000000000004,93.0,55.0,0.1
geolife,user128,323,159,uniform,250,adaptive,12,92.0,1.9000000000000004,92.0,54.425,0.1
geolife,user128,323,159,uniform,250,adaptive,13,91.0,1.9000000000000004,91.0,53.85,0.1
geolife,user128,323,159,uniform,250,adaptive,14,90.0,1.9000000000000004,90.0,53.275,0.1
geolife,user128,323,159,uniform,250,adaptive,15,89.0,1.9000000000000004,89.0,52.7,0.1
geolife,user128,323,159,uniform,250,adaptive,16,88.0,1.9000000000000004,88.0,52.125,0.1
geolife,user128,323,159,uniform,250,adaptive,17,87.0,1.9000000000000004,87.0,51.55,0.1
geolife,user128,323,159,uniform,250,adaptive,18,86.0,1.9000000000000004,86.0,50.975,0.1
geolife,user128,323,159,uniform,250,adaptive,19,86.0,1.9000000000000004,86.0,50.975,0.1
geolife,user128,323,159,uniform,250,adaptive,20,86.0,1.9000000000000004,86.0,50.975,0.1
geolife,user128,323,159,uniform,250,adaptive,21,86.0,1.9000000000000004,86.0,50.975,0.1
geolife,user128,323,159,uniform,250,adaptive,22,86.0,1.9000000000000004,86.0,50.975,0.1
geolife,user128,323,159,uniform,250,adaptive,23,86.0,1.9000000000000004,86.0,50.975,0.1
geolife,user128,323,159,uniform,250,adaptive,24,86.0,1.9000000000000004,86.0,50.975,0.1
geolife,user128,323,159,uniform,250,adaptive,25,86.0,1.9000000000000004,86.0,50.975,0.1
geolife,user128,323,159,uniform,250,adaptive,26,86.0,1.9000000000000004,86.0,50.975,0.1
geolife,user128,323,159,uniform,250,adaptive,27,86.0,1.9000000000000004,86.0,50.975,0.1
geolife,user128,323,159,uniform,250,adaptive,28,86.0,1.9000000000000004,86.0,50.975,0.1
geolife,user128,323,159,uniform,250,adaptive,29,86.0,1.9000000000000004,86.0,50.975,0.1
geolife,user128,323,159,uniform,250,adaptive,30,86.0,1.9000000000000004,86.0,50.975,0.1
geolife,user128,323,159,uniform,250,adaptive,31,86.0,1.9000000000000004,86.0,50.975,0.1
geolife,user128,323,159,uniform,250,adaptive,32,86.0,1.9000000000000004,86.0,50.975,0.1
geolife,user128,323,159,uniform,250,adaptive,33,86.0,1.9000000000000004,86.0,50.975,0.1
geolife,user128,323,159,uniform,250,adaptive,34,86.0,1.9000000000000004,86.0,50.975,0.1
geolife,user128,323,159,uniform,250,adaptive,35,86.0,1.9000000000000004,86.0,50.975,0.1
geolife,user128,323,159,uniform,250,adaptive,36,86.0,1.9000000000000004,86.0,50.975,0.1
geolife,user128,323,159,uniform,250,adaptive,37,86.0,1.9000000000000004,86.0,50.975,0.1
geolife,user128,323,159,uniform,250,adaptive,38,86.0,1.9000000000000004,86.0,50.975,0.1
geolife,user128,323,159,uniform,250,adaptive,39,86.0,1.9000000000000004,86.0,50.975,0.1
geolife,user128,323,159,uniform,250,adaptive,40,86.0,1.9000000000000004,86.0,50.975,0.1
geolife,user128,323,159,popular,500,random,0,159.0,159.0,159.0,159.0,0.0
geolife,user128,323,159,popular,500,random,1,159.0,134.7,159.0,145.475,0.0
geolife,user128,323,159,popular,500,random,2,159.0,131.8,159.0,144.875,0.0
geolife,user128,323,159,popular,500,random,3,158.0,129.3,159.0,143.075,0.0
geolife,user128,323,159,popular,500,random,4,156.0,129.3,159.0,142.025,0.0
geolife,user128,323,159,popular,500,random,5,155.5,128.3,159.0,140.375,0.0
geolife,user128,323,159,popular,500,random,6,152.0,114.8,159.0,138.5,0.0
geolife,user128,323,159,popular,500,random,7,150.5,112.8,159.0,137.4,0.0
geolife,user128,323,159,popular,500,random,8,150.0,102.40000000000003,159.0,134.225,0.0
geolife,user128,323,159,popular,500,random,9,148.0,102.40000000000003,159.0,132.975,0.0
geolife,user128,323,159,popular,500,random,10,148.0,102.30000000000003,159.0,132.6,0.0
geolife,user128,323,159,popular,500,random,11,146.5,102.20000000000003,156.0,130.8,0.0
geolife,user128,323,159,popular,500,random,12,143.0,22.1,156.0,125.325,0.0
geolife,user128,323,159,popular,500,random,13,141.0,22.1,156.0,123.4,0.0
geolife,user128,323,159,popular,500,random,14,132.5,13.500000000000002,156.0,118.85,0.0
geolife,user128,323,159,popular,500,random,15,131.5,13.500000000000002,155.1,117.35,0.0
geolife,user128,323,159,popular,500,random,16,127.5,12.600000000000001,155.1,116.425,0.0
geolife,user128,323,159,popular,500,random,17,127.0,12.600000000000001,155.0,116.275,0.0
geolife,user128,323,159,popular,500,random,18,124.5,12.600000000000001,155.0,114.1,0.0
geolife,user128,323,159,popular,500,random,19,123.0,8.9,154.1,109.0,0.025
geolife,user128,323,159,popular,500,random,20,123.0,8.0,154.1,108.125,0.025
geolife,user128,323,159,popular,500,random,21,123.0,7.9,154.1,107.175,0.025
geolife,user128,323,159,popular,500,random,22,121.0,6.9,152.3,103.15,0.025
geolife,user128,323,159,popular,500,random,23,120.0,6.9,151.4,102.7,0.025
geolife,user128,323,159,popular,500,random,24,116.0,6.9,149.2,99.05,0.05
geolife,user128,323,159,popular,500,random,25,116.0,6.9,149.2,98.8,0.05
geolife,user128,323,159,popular,500,random,26,110.5,6.9,148.1,95.75,0.05
geolife,user128,323,159,popular,500,random,27,110.0,6.9,145.3,94.475,0.075
geolife,user128,323,159,popular,500,random,28,108.0,6.9,143.2,91.325,0.075
geolife,user128,323,159,popular,500,random,29,104.0,6.0,132.8,83.775,0.075
geolife,user128,323,159,popular,500,random,30,103.5,6.0,132.8,83.35,0.075
geolife,user128,323,159,popular,500,random,31,103.5,6.0,132.70000000000002,83.05,0.075
geolife,user128,323,159,popular,500,random,32,100.0,2.9000000000000004,132.70000000000002,82.125,0.075
geolife,user128,323,159,popular,500,random,33,100.0,2.9000000000000004,132.70000000000002,81.775,0.075
geolife,user128,323,159,popular,500,random,34,99.5,2.9000000000000004,129.10000000000002,80.875,0.075
geolife,user128,323,159,popular,500,random,35,97.5,2.9000000000000004,121.70000000000002,76.925,0.075
geolife,user128,323,159,popular,500,random,36,96.0,2.9000000000000004,120.5,75.425,0.075
geolife,user128,323,159,popular,500,random,37,93.5,2.9000000000000004,120.0,74.025,0.075
geolife,user128,323,159,popular,500,random,38,92.0,2.9000000000000004,119.1,73.525,0.075
geolife,user128,323,159,popular,500,random,39,92.0,2.9000000000000004,119.1,73.175,0.075
geolife,user128,323,159,popular,500,random,40,91.0,2.9000000000000004,119.1,71.6,0.075
geolife,user128,323,159,popular,500,adaptive,0,159.0,159.0,159.0,159.0,0.0
geolife,user128,323,159,popular,500,adaptive,1,79.5,76.0,83.0,79.5,0.0
geolife,user128,323,159,popular,500,adaptive,2,38.0,38.0,68.0,50.35,0.0
geolife,user128,323,159,popular,500,adaptive,3,26.0,14.700000000000001,58.0,35.525,0.0
geolife,user128,323,159,popular,500,adaptive,4,13.0,6.800000000000001,49.0,24.2,0.0
geolife,user128,323,159,popular,500,adaptive,5,6.0,2.9000000000000004,43.0,17.525,0.025
geolife,user128,323,159,popular,500,adaptive,6,3.0,1.0,39.0,12.7,0.175
geolife,user128,323,159,popular,500,adaptive,7,2.0,1.0,36.0,10.475,0.35
geolife,user128,323,159,popular,500,adaptive,8,2.0,1.0,33.0,8.825,0.475
geolife,user128,323,159,popular,500,adaptive,9,1.5,1.0,30.0,8.1,0.5
geolife,user128,323,159,popular,500,adaptive,10,1.5,1.0,28.0,7.65,0.5
geolife,user128,323,159,popular,500,adaptive,11,1.5,1.0,26.0,7.2,0.5
geolife,user128,323,159,popular,500,adaptive,12,1.5,1.0,25.0,6.975,0.5
geolife,user128,323,159,popular,500,adaptive,13,1.5,1.0,24.0,6.75,0.5
geolife,user128,323,159,popular,500,adaptive,14,1.5,1.0,23.0,6.525,0.5
geolife,user128,323,159,popular,500,adaptive,15,1.5,1.0,22.0,6.3,0.5
geolife,user128,323,159,popular,500,adaptive,16,1.5,1.0,21.0,6.075,0.5
geolife,user128,323,159,popular,500,adaptive,17,1.5,1.0,20.0,5.85,0.5
geolife,user128,323,159,popular,500,adaptive,18,1.5,1.0,19.0,5.625,0.5
geolife,user128,323,159,popular,500,adaptive,19,1.0,1.0,18.0,4.975,0.525
geolife,user128,323,159,popular,500,adaptive,20,1.0,1.0,18.0,4.975,0.525
geolife,user128,323,159,popular,500,adaptive,21,1.0,1.0,18.0,4.975,0.525
geolife,user128,323,159,popular,500,adaptive,22,1.0,1.0,18.0,4.975,0.525
geolife,user128,323,159,popular,500,adaptive,23,1.0,1.0,18.0,4.975,0.525
geolife,user128,323,159,popular,500,adaptive,24,1.0,1.0,18.0,4.975,0.525
geolife,user128,323,159,popular,500,adaptive,25,1.0,1.0,18.0,4.975,0.525
geolife,user128,323,159,popular,500,adaptive,26,1.0,1.0,18.0,4.975,0.525
geolife,user128,323,159,popular,500,adaptive,27,1.0,1.0,18.0,4.975,0.525
geolife,user128,323,159,popular,500,adaptive,28,1.0,1.0,18.0,4.975,0.525
geolife,user128,323,159,popular,500,adaptive,29,1.0,1.0,18.0,4.975,0.525
geolife,user128,323,159,popular,500,adaptive,30,1.0,1.0,18.0,4.975,0.525
geolife,user128,323,159,popular,500,adaptive,31,1.0,1.0,18.0,4.975,0.525
geolife,user128,323,159,popular,500,adaptive,32,1.0,1.0,18.0,4.975,0.525
geolife,user128,323,159,popular,500,adaptive,33,1.0,1.0,18.0,4.975,0.525
geolife,user128,323,159,popular,500,adaptive,34,1.0,1.0,18.0,4.975,0.525
geolife,user128,323,159,popular,500,adaptive,35,1.0,1.0,18.0,4.975,0.525
geolife,user128,323,159,popular,500,adaptive,36,1.0,1.0,18.0,4.975,0.525
geolife,user128,323,159,popular,500,adaptive,37,1.0,1.0,18.0,4.975,0.525
geolife,user128,323,159,popular,500,adaptive,38,1.0,1.0,18.0,4.975,0.525
geolife,user128,323,159,popular,500,adaptive,39,1.0,1.0,18.0,4.975,0.525
geolife,user128,323,159,popular,500,adaptive,40,1.0,1.0,18.0,4.975,0.525
geolife,user128,323,159,uniform,500,random,0,159.0,159.0,159.0,159.0,0.0
geolife,user128,323,159,uniform,500,random,1,159.0,159.0,159.0,158.45,0.0
geolife,user128,323,159,uniform,500,random,2,159.0,156.8,159.0,154.15,0.0
geolife,user128,323,159,uniform,500,random,3,159.0,154.9,159.0,153.225,0.0
geolife,user128,323,159,uniform,500,random,4,159.0,154.9,159.0,153.1,0.0
geolife,user128,323,159,uniform,500,random,5,158.0,153.4,159.0,152.6,0.0
geolife,user128,323,159,uniform,500,random,6,158.0,149.8,159.0,152.25,0.0
geolife,user128,323,159,uniform,500,random,7,158.0,149.8,159.0,152.1,0.0
geolife,user128,323,159,uniform,500,random,8,157.0,145.4,159.0,147.975,0.0
geolife,user128,323,159,uniform,500,random,9,156.5,145.3,159.0,147.625,0.0
geolife,user128,323,159,uniform,500,random,10,156.0,145.3,159.0,147.4,0.0
geolife,user128,323,159,uniform,500,random,11,156.0,143.8,159.0,146.75,0.0
geolife,user128,323,159,uniform,500,random,12,155.0,143.8,158.1,146.2,0.0
geolife,user128,323,159,uniform,500,random,13,155.0,143.8,158.0,146.075,0.0
geolife,user128,323,159,uniform,500,random,14,155.0,143.8,158.0,145.75,0.0
geolife,user128,323,159,uniform,500,random,15,155.0,132.5,158.0,145.125,0.0
geolife,user128,323,159,uniform,500,random,16,155.0,132.5,158.0,144.975,0.0
geolife,user128,323,159,uniform,500,random,17,155.0,127.9,158.0,144.225,0.0
geolife,user128,323,159,uniform,500,random,18,154.0,127.9,158.0,143.6,0.0
geolife,user128,323,159,uniform,500,random,19,152.5,127.9,157.1,142.525,0.0
geolife,user128,323,159,uniform,500,random,20,151.0,127.9,157.0,141.4,0.0
geolife,user128,323,159,uniform,500,random,21,151.0,127.9,157.0,141.225,0.0
geolife,user128,323,159,uniform,500,random,22,150.5,126.9,156.1,140.325,0.0
geolife,user128,323,159,uniform,500,random,23,149.0,126.9,156.1,140.075,0.0
geolife,user128,323,159,uniform,500,random,24,148.0,126.0,156.0,139.1,0.0
geolife,user128,323,159,uniform,500,random,25,148.0,126.0,156.0,138.5,0.0
geolife,user128,323,159,uniform,500,random,26,148.0,126.0,156.0,138.425,0.0
geolife,user128,323,159,uniform,500,random,27,148.0,126.0,155.1,138.0,0.0
geolife,user128,323,159,uniform,500,random,28,148.0,126.0,155.0,137.2,0.0
geolife,user128,323,159,uniform,500,random,29,148.0,122.60000000000001,155.0,133.725,0.0
geolife,user128,323,159,uniform,500,random,30,148.0,121.70000000000002,155.0,133.65,0.0
geolife,user128,323,159,uniform,500,random,31,148.0,121.50000000000001,155.0,133.45,0.0
geolife,user128,323,159,uniform,500,random,32,147.5,104.4,155.0,132.375,0.0
geolife,user128,323,159,uniform,500,random,33,147.5,104.4,155.0,132.275,0.0
geolife,user128,323,159,uniform,500,random,34,146.5,104.4,155.0,132.2,0.0
geolife,user128,323,159,uniform,500,random,35,146.5,104.4,155.0,132.125,0.0
geolife,user128,323,159,uniform,500,random,36,146.5,103.5,155.0,131.575,0.0
geolife,user128,323,159,uniform,500,random,37,146.5,103.5,155.0,131.475,0.0
geolife,user128,323,159,uniform,500,random,38,145.0,103.5,154.1,131.3,0.0
geolife,user128,323,159,uniform,500,random,39,145.0,103.5,154.0,130.9,0.0
geolife,user128,323,159,uniform,500,random,40,145.0,101.7,154.0,130.775,0.0
geolife,user128,323,159,uniform,500,adaptive,0,159.0,159.0,159.0,159.0,0.0
geolife,user128,323,159,uniform,500,adaptive,1,128.0,31.0,128.0,115.875,0.0
geolife,user128,323,159,uniform,500,adaptive,2,107.0,21.0,107.0,79.3,0.0
geolife,user128,323,159,uniform,500,adaptive,3,94.0,10.0,94.0,63.575,0.0
geolife,user128,323,159,uniform,500,adaptive,4,83.0,3.8000000000000007,83.0,48.675,0.05
geolife,user128,323,159,uniform,500,adaptive,5,49.0,1.9000000000000004,76.0,40.275,0.1
geolife,user128,323,159,uniform,500,adaptive,6,39.0,1.0,72.0,37.25,0.2
geolife,user128,323,159,uniform,500,adaptive,7,37.5,1.0,69.0,35.6,0.25
geolife,user128,323,159,uniform,500,adaptive,8,36.0,1.0,66.0,34.075,0.25
geolife,user128,323,159,uniform,500,adaptive,9,35.0,1.0,64.0,33.05,0.275
geolife,user128,323,159,uniform,500,adaptive,10,34.0,1.0,62.0,32.05,0.275
geolife,user128,323,159,uniform,500,adaptive,11,5.0,1.0,60.0,29.6,0.275
geolife,user128,323,159,uniform,500,adaptive,12,5.0,1.0,58.0,28.625,0.3
geolife,user128,323,159,uniform,500,adaptive,13,4.0,1.0,56.0,26.325,0.3
geolife,user128,323,159,uniform,500,adaptive,14,4.0,1.0,55.0,25.85,0.325
geolife,user128,323,159,uniform,500,adaptive,15,4.0,1.0,54.0,25.4,0.325
geolife,user128,323,159,uniform,500,adaptive,16,4.0,1.0,53.0,24.95,0.325
geolife,user128,323,159,uniform,500,adaptive,17,4.0,1.0,52.0,24.5,0.325
geolife,user128,323,159,uniform,500,adaptive,18,4.0,1.0,51.0,24.05,0.325
geolife,user128,323,159,uniform,500,adaptive,19,4.0,1.0,50.0,23.6,0.325
geolife,user128,323,159,uniform,500,adaptive,20,4.0,1.0,49.0,21.95,0.35
geolife,user128,323,159,uniform,500,adaptive,21,4.0,1.0,48.0,21.525,0.35
geolife,user128,323,159,uniform,500,adaptive,22,4.0,1.0,48.0,21.525,0.35
geolife,user128,323,159,uniform,500,adaptive,23,4.0,1.0,48.0,21.525,0.35
geolife,user128,323,159,uniform,500,adaptive,24,4.0,1.0,48.0,21.525,0.35
geolife,user128,323,159,uniform,500,adaptive,25,4.0,1.0,48.0,21.525,0.35
geolife,user128,323,159,uniform,500,adaptive,26,4.0,1.0,48.0,21.525,0.35
geolife,user128,323,159,uniform,500,adaptive,27,4.0,1.0,48.0,21.525,0.35
geolife,user128,323,159,uniform,500,adaptive,28,4.0,1.0,48.0,21.525,0.35
geolife,user128,323,159,uniform,500,adaptive,29,4.0,1.0,48.0,21.525,0.35
geolife,user128,323,159,uniform,500,adaptive,30,4.0,1.0,48.0,21.525,0.35
geolife,user128,323,159,uniform,500,adaptive,31,4.0,1.0,48.0,21.525,0.35
geolife,user128,323,159,uniform,500,adaptive,32,4.0,1.0,48.0,21.525,0.35
geolife,user128,323,159,uniform,500,adaptive,33,4.0,1.0,48.0,21.525,0.35
geolife,user128,323,159,uniform,500,adaptive,34,4.0,1.0,48.0,21.525,0.35
geolife,user128,323,159,uniform,500,adaptive,35,4.0,1.0,48.0,21.525,0.35
geolife,user128,323,159,uniform,500,adaptive,36,4.0,1.0,48.0,21.525,0.35
geolife,user128,323,159,uniform,500,adaptive,37,4.0,1.0,48.0,21.525,0.35
geolife,user128,323,159,uniform,500,adaptive,38,4.0,1.0,48.0,21.525,0.35
geolife,user128,323,159,uniform,500,adaptive,39,4.0,1.0,48.0,21.525,0.35
geolife,user128,323,159,uniform,500,adaptive,40,4.0,1.0,48.0,21.525,0.35
geolife,user128,323,159,popular,1000,random,0,159.0,159.0,159.0,159.0,0.0
geolife,user128,323,159,popular,1000,random,1,159.0,129.7,159.0,150.8,0.0
geolife,user128,323,159,popular,1000,random,2,158.5,124.7,159.0,146.05,0.0
geolife,user128,323,159,popular,1000,random,3,156.0,105.0,159.0,139.45,0.0
geolife,user128,323,159,popular,1000,random,4,155.0,98.7,159.0,138.525,0.0
geolife,user128,323,159,popular,1000,random,5,151.5,95.9,159.0,133.425,0.0
geolife,user128,323,159,popular,1000,random,6,146.0,85.30000000000003,159.0,126.525,0.0
geolife,user128,323,159,popular,1000,random,7,130.0,85.30000000000003,159.0,122.65,0.0
geolife,user128,323,159,popular,1000,random,8,126.0,85.30000000000003,159.0,120.425,0.0
geolife,user128,323,159,popular,1000,random,9,123.0,34.0,158.0,115.55,0.0
geolife,user128,323,159,popular,1000,random,10,120.0,16.6,155.3,107.1,0.025
geolife,user128,323,159,popular,1000,random,11,118.5,16.6,155.1,105.225,0.025
geolife,user128,323,159,popular,1000,random,12,117.0,13.0,155.1,101.7,0.025
geolife,user128,323,159,popular,1000,random,13,116.5,13.0,152.2,98.975,0.025
geolife,user128,323,159,popular,1000,random,14,111.5,13.0,152.0,94.925,0.025
geolife,user128,323,159,popular,1000,random,15,103.0,13.0,146.1,92.85,0.025
geolife,user128,323,159,popular,1000,random,16,97.0,13.0,145.1,87.975,0.025
geolife,user128,323,159,popular,1000,random,17,96.5,13.0,142.3,86.525,0.025
geolife,user128,323,159,popular,1000,random,18,95.0,13.0,142.3,86.125,0.025
geolife,user128,323,159,popular,1000,random,19,88.5,12.9,142.2,84.8,0.025
geolife,user128,323,159,popular,1000,random,20,86.5,12.9,126.90000000000003,80.75,0.025
geolife,user128,323,159,popular,1000,random,21,84.0,12.9,123.30000000000004,77.425,0.025
geolife,user128,323,159,popular,1000,random,22,84.0,12.9,123.30000000000004,76.9,0.025
geolife,user128,323,159,popular,1000,random,23,84.0,12.0,123.30000000000004,76.175,0.025
geolife,user128,323,159,popular,1000,random,24,81.5,11.300000000000002,122.30000000000001,73.7,0.05
geolife,user128,323,159,popular,1000,random,25,81.0,10.400000000000002,121.40000000000002,73.475,0.05
geolife,user128,323,159,popular,1000,random,26,79.5,10.400000000000002,121.20000000000002,73.225,0.05
geolife,user128,323,159,popular,1000,random,27,76.0,10.400000000000002,121.20000000000002,72.3,0.05
geolife,user128,323,159,popular,1000,random,28,76.0,10.400000000000002,120.0,71.4,0.05
geolife,user128,323,159,popular,1000,random,29,76.0,10.400000000000002,118.2,70.55,0.05
geolife,user128,323,159,popular,1000,random,30,75.5,10.400000000000002,118.2,69.8,0.05
geolife,user128,323,159,popular,1000,random,31,73.5,10.400000000000002,118.1,67.55,0.05
geolife,user128,323,159,popular,1000,random,32,69.0,4.700000000000001,118.1,65.25,0.05
geolife,user128,323,159,popular,1000,random,33,69.0,4.700000000000001,118.1,65.175,0.05
geolife,user128,323,159,popular,1000,random,34,69.0,4.700000000000001,118.1,64.9,0.05
geolife,user128,323,159,popular,1000,random,35,69.0,4.700000000000001,118.1,64.75,0.05
geolife,user128,323,159,popular,1000,random,36,68.5,2.9000000000000004,118.0,62.85,0.05
geolife,user128,323,159,popular,1000,random,37,67.5,2.9000000000000004,117.1,61.85,0.05
geolife,user128,323,159,popular,1000,random,38,67.5,2.0,117.1,61.65,0.075
geolife,user128,323,159,popular,1000,random,39,67.5,2.0,117.0,60.475,0.075
geolife,user128,323,159,popular,1000,random,40,67.5,2.0,112.5,59.375,0.075
geolife,user128,323,159,popular,1000,adaptive,0,159.0,159.0,159.0,159.0,0.0
geolife,user128,323,159,popular,1000,adaptive,1,79.0,79.0,80.0,79.475,0.0
geolife,user128,323,159,popular,1000,adaptive,2,46.0,32.2,55.0,44.675,0.0
geolife,user128,323,159,popular,1000,adaptive,3,23.0,12.0,44.0,27.35,0.0
geolife,user128,323,159,popular,1000,adaptive,4,11.0,6.0,37.0,17.4,0.0
geolife,user128,323,159,popular,1000,adaptive,5,7.0,3.0,30.0,11.8,0.0
geolife,user128,323,159,popular,1000,adaptive,6,4.0,1.0,27.0,9.15,0.15
geolife,user128,323,159,popular,1000,adaptive,7,2.0,1.0,24.0,7.2,0.35
geolife,user128,323,159,popular,1000,adaptive,8,2.0,1.0,21.0,5.5,0.475
geolife,user128,323,159,popular,1000,adaptive,9,1.0,1.0,18.0,4.9,0.575
geolife,user128,323,159,popular,1000,adaptive,10,1.0,1.0,16.0,4.6,0.575
geolife,user128,323,159,popular,1000,adaptive,11,1.0,1.0,14.0,4.0,0.575
geolife,user128,323,159,popular,1000,adaptive,12,1.0,1.0,13.0,3.85,0.6
geolife,user128,323,159,popular,1000,adaptive,13,1.0,1.0,12.0,3.725,0.6
geolife,user128,323,159,popular,1000,adaptive,14,1.0,1.0,11.100000000000001,3.6,0.6
geolife,user128,323,159,popular,1000,adaptive,15,1.0,1.0,11.100000000000001,3.6,0.6
geolife,user128,323,159,popular,1000,adaptive,16,1.0,1.0,11.100000000000001,3.6,0.6
geolife,user128,323,159,popular,1000,adaptive,17,1.0,1.0,11.100000000000001,3.6,0.6
geolife,user128,323,159,popular,1000,adaptive,18,1.0,1.0,11.100000000000001,3.6,0.6
geolife,user128,323,159,popular,1000,adaptive,19,1.0,1.0,11.100000000000001,3.6,0.6
geolife,user128,323,159,popular,1000,adaptive,20,1.0,1.0,11.100000000000001,3.6,0.6
geolife,user128,323,159,popular,1000,adaptive,21,1.0,1.0,11.100000000000001,3.6,0.6
geolife,user128,323,159,popular,1000,adaptive,22,1.0,1.0,11.100000000000001,3.6,0.6
geolife,user128,323,159,popular,1000,adaptive,23,1.0,1.0,11.100000000000001,3.6,0.6
geolife,user128,323,159,popular,1000,adaptive,24,1.0,1.0,11.100000000000001,3.6,0.6
geolife,user128,323,159,popular,1000,adaptive,25,1.0,1.0,11.100000000000001,3.6,0.6
geolife,user128,323,159,popular,1000,adaptive,26,1.0,1.0,11.100000000000001,3.6,0.6
geolife,user128,323,159,popular,1000,adaptive,27,1.0,1.0,11.100000000000001,3.6,0.6
geolife,user128,323,159,popular,1000,adaptive,28,1.0,1.0,11.100000000000001,3.6,0.6
geolife,user128,323,159,popular,1000,adaptive,29,1.0,1.0,11.100000000000001,3.6,0.6
geolife,user128,323,159,popular,1000,adaptive,30,1.0,1.0,11.100000000000001,3.6,0.6
geolife,user128,323,159,popular,1000,adaptive,31,1.0,1.0,11.100000000000001,3.6,0.6
geolife,user128,323,159,popular,1000,adaptive,32,1.0,1.0,11.100000000000001,3.6,0.6
geolife,user128,323,159,popular,1000,adaptive,33,1.0,1.0,11.100000000000001,3.6,0.6
geolife,user128,323,159,popular,1000,adaptive,34,1.0,1.0,11.100000000000001,3.6,0.6
geolife,user128,323,159,popular,1000,adaptive,35,1.0,1.0,11.100000000000001,3.6,0.6
geolife,user128,323,159,popular,1000,adaptive,36,1.0,1.0,11.100000000000001,3.6,0.6
geolife,user128,323,159,popular,1000,adaptive,37,1.0,1.0,11.100000000000001,3.6,0.6
geolife,user128,323,159,popular,1000,adaptive,38,1.0,1.0,11.100000000000001,3.6,0.6
geolife,user128,323,159,popular,1000,adaptive,39,1.0,1.0,11.100000000000001,3.6,0.6
geolife,user128,323,159,popular,1000,adaptive,40,1.0,1.0,11.100000000000001,3.6,0.6
geolife,user128,323,159,uniform,1000,random,0,159.0,159.0,159.0,159.0,0.0
geolife,user128,323,159,uniform,1000,random,1,159.0,157.9,159.0,158.425,0.0
geolife,user128,323,159,uniform,1000,random,2,159.0,155.8,159.0,156.7,0.0
geolife,user128,323,159,uniform,1000,random,3,159.0,153.9,159.0,155.4,0.0
geolife,user128,323,159,uniform,1000,random,4,158.0,150.2,159.0,151.725,0.0
geolife,user128,323,159,uniform,1000,random,5,157.0,150.2,159.0,151.2,0.0
geolife,user128,323,159,uniform,1000,random,6,157.0,146.6,159.0,150.675,0.0
geolife,user128,323,159,uniform,1000,random,7,156.0,146.6,159.0,150.2,0.0
geolife,user128,323,159,uniform,1000,random,8,156.0,141.0,159.0,148.525,0.0
geolife,user128,323,159,uniform,1000,random,9,156.0,141.0,159.0,148.2,0.0
geolife,user128,323,159,uniform,1000,random,10,155.0,140.9,159.0,147.825,0.0
geolife,user128,323,159,uniform,1000,random,11,154.5,119.7,159.0,143.9,0.0
geolife,user128,323,159,uniform,1000,random,12,153.0,98.9,159.0,139.65,0.025
geolife,user128,323,159,uniform,1000,random,13,151.0,93.90000000000002,157.1,136.225,0.025
geolife,user128,323,159,uniform,1000,random,14,151.0,93.90000000000002,157.1,136.0,0.025
geolife,user128,323,159,uniform,1000,random,15,151.0,93.90000000000002,157.1,135.95,0.025
geolife,user128,323,159,uniform,1000,random,16,151.0,54.20000000000001,157.1,131.775,0.025
geolife,user128,323,159,uniform,1000,random,17,150.0,54.20000000000001,157.1,131.65,0.025
geolife,user128,323,159,uniform,1000,random,18,149.0,27.10000000000001,157.1,127.4,0.05
geolife,user128,323,159,uniform,1000,random,19,149.0,27.10000000000001,157.0,125.85,0.05
geolife,user128,323,159,uniform,1000,random,20,148.5,27.10000000000001,157.0,124.075,0.05
geolife,user128,323,159,uniform,1000,random,21,148.0,27.10000000000001,157.0,123.575,0.05
geolife,user128,323,159,uniform,1000,random,22,148.0,26.200000000000006,157.0,123.45,0.05
geolife,user128,323,159,uniform,1000,random,23,148.0,26.200000000000006,157.0,123.275,0.05
geolife,user128,323,159,uniform,1000,random,24,148.0,9.8,157.0,119.45,0.05
geolife,user128,323,159,uniform,1000,random,25,148.0,9.8,156.0,118.575,0.05
geolife,user128,323,159,uniform,1000,random,26,147.0,9.8,156.0,115.95,0.05
geolife,user128,323,159,uniform,1000,random,27,147.0,9.8,155.1,115.6,0.05
geolife,user128,323,159,uniform,1000,random,28,144.5,9.8,155.1,115.275,0.05
geolife,user128,323,159,uniform,1000,random,29,143.5,9.8,155.1,115.075,0.05
geolife,user128,323,159,uniform,1000,random,30,143.5,9.8,155.0,115.0,0.05
geolife,user128,323,159,uniform,1000,random,31,140.5,9.8,155.0,114.525,0.05
geolife,user128,323,159,uniform,1000,random,32,140.0,9.8,154.1,114.1,0.05
geolife,user128,323,159,uniform,1000,random,33,140.0,9.8,154.1,113.975,0.05
geolife,user128,323,159,uniform,1000,random,34,140.0,9.8,154.0,113.85,0.05
geolife,user128,323,159,uniform,1000,random,35,139.5,9.8,154.0,113.25,0.05
geolife,user128,323,159,uniform,1000,random,36,137.5,8.0,153.0,112.725,0.05
geolife,user128,323,159,uniform,1000,random,37,137.5,8.0,152.1,112.575,0.05
geolife,user128,323,159,uniform,1000,random,38,137.0,8.0,151.1,112.375,0.05
geolife,user128,323,159,uniform,1000,random,39,135.5,8.0,151.1,110.975,0.05
geolife,user128,323,159,uniform,1000,random,40,135.5,8.0,151.1,110.725,0.05
geolife,user128,323,159,uniform,1000,adaptive,0,159.0,159.0,159.0,159.0,0.0
geolife,user128,323,159,uniform,1000,adaptive,1,101.0,58.0,101.0,87.025,0.0
geolife,user128,323,159,uniform,1000,adaptive,2,88.0,29.0,88.0,65.075,0.0
geolife,user128,323,159,uniform,1000,adaptive,3,19.0,10.0,78.0,43.9,0.0
geolife,user128,323,159,uniform,1000,adaptive,4,9.0,3.9000000000000004,70.0,33.7,0.0
geolife,user128,323,159,uniform,1000,adaptive,5,7.0,2.0,64.0,29.625,0.05
geolife,user128,323,159,uniform,1000,adaptive,6,6.5,1.0,59.0,26.8,0.175
geolife,user128,323,159,uniform,1000,adaptive,7,5.0,1.0,55.0,22.4,0.2
geolife,user128,323,159,uniform,1000,adaptive,8,4.5,1.0,52.0,21.125,0.225
geolife,user128,323,159,uniform,1000,adaptive,9,4.5,1.0,49.0,19.95,0.275
geolife,user128,323,159,uniform,1000,adaptive,10,4.5,1.0,47.0,19.2,0.275
geolife,user128,323,159,uniform,1000,adaptive,11,4.5,1.0,45.0,18.45,0.275
geolife,user128,323,159,uniform,1000,adaptive,12,4.5,1.0,43.0,17.7,0.275
geolife,user128,323,159,uniform,1000,adaptive,13,4.5,1.0,41.0,16.95,0.275
geolife,user128,323,159,uniform,1000,adaptive,14,4.5,1.0,40.0,16.575,0.275
geolife,user128,323,159,uniform,1000,adaptive,15,4.5,1.0,39.0,16.2,0.275
geolife,user128,323,159,uniform,1000,adaptive,16,4.5,1.0,38.0,15.825,0.275
geolife,user128,323,159,uniform,1000,adaptive,17,4.5,1.0,37.0,15.45,0.275
geolife,user128,323,159,uniform,1000,adaptive,18,4.5,1.0,36.0,15.075,0.275
geolife,user128,323,159,uniform,1000,adaptive,19,3.0,1.0,35.0,13.85,0.3
geolife,user128,323,159,uniform,1000,adaptive,20,2.0,1.0,34.0,12.675,0.325
geolife,user128,323,159,uniform,1000,adaptive,21,2.0,1.0,33.0,11.55,0.35
geolife,user128,323,159,uniform,1000,adaptive,22,2.0,1.0,32.0,9.7,0.4
geolife,user128,323,159,uniform,1000,adaptive,23,2.0,1.0,31.0,9.45,0.4
geolife,user128,323,159,uniform,1000,adaptive,24,2.0,1.0,31.0,9.45,0.4
geolife,user128,323,159,uniform,1000,adaptive,25,2.0,1.0,31.0,9.45,0.4
geolife,user128,323,159,uniform,1000,adaptive,26,2.0,1.0,31.0,9.45,0.4
geolife,user128,323,159,uniform,1000,adaptive,27,2.0,1.0,31.0,9.45,0.4
geolife,user128,323,159,uniform,1000,adaptive,28,2.0,1.0,31.0,9.45,0.4
geolife,user128,323,159,uniform,1000,adaptive,29,2.0,1.0,31.0,9.45,0.4
geolife,user128,323,159,uniform,1000,adaptive,30,2.0,1.0,31.0,9.45,0.4
geolife,user128,323,159,uniform,1000,adaptive,31,2.0,1.0,31.0,9.45,0.4
geolife,user128,323,159,uniform,1000,adaptive,32,2.0,1.0,31.0,9.45,0.4
geolife,user128,323,159,uniform,1000,adaptive,33,2.0,1.0,31.0,9.45,0.4
geolife,user128,323,159,uniform,1000,adaptive,34,2.0,1.0,31.0,9.45,0.4
geolife,user128,323,159,uniform,1000,adaptive,35,2.0,1.0,31.0,9.45,0.4
geolife,user128,323,159,uniform,1000,adaptive,36,2.0,1.0,31.0,9.45,0.4
geolife,user128,323,159,uniform,1000,adaptive,37,2.0,1.0,31.0,9.45,0.4
geolife,user128,323,159,uniform,1000,adaptive,38,2.0,1.0,31.0,9.45,0.4
geolife,user128,323,159,uniform,1000,adaptive,39,2.0,1.0,31.0,9.45,0.4
geolife,user128,323,159,uniform,1000,adaptive,40,2.0,1.0,31.0,9.45,0.4
geolife,user153,1612,670,popular,250,random,0,670.0,670.0,670.0,670.0,0.0
geolife,user153,1612,670,popular,250,random,1,670.0,662.2,670.0,645.425,0.0
geolife,user153,1612,670,popular,250,random,2,669.0,608.8000000000001,670.0,623.525,0.0
geolife,user153,1612,670,popular,250,random,3,668.0,600.7,670.0,620.725,0.0
geolife,user153,1612,670,popular,250,random,4,666.0,370.80000000000007,670.0,595.725,0.0
geolife,user153,1612,670,popular,250,random,5,663.5,168.70000000000005,669.0,577.875,0.0
geolife,user153,1612,670,popular,250,random,6,662.0,67.0,669.0,543.475,0.0
geolife,user153,1612,670,popular,250,random,7,659.0,67.0,669.0,535.25,0.0
geolife,user153,1612,670,popular,250,random,8,632.5,67.0,668.1,510.975,0.0
geolife,user153,1612,670,popular,250,random,9,623.5,67.0,667.2,503.575,0.0
geolife,user153,1612,670,popular,250,random,10,621.5,67.0,667.2,501.2,0.0
geolife,user153,1612,670,popular,250,random,11,618.0,67.0,663.1,497.725,0.0
geolife,user153,1612,670,popular,250,random,12,618.0,49.9,663.1,484.025,0.0
geolife,user153,1612,670,popular,250,random,13,617.0,49.9,663.1,482.225,0.0
geolife,user153,1612,670,popular,250,random,14,612.5,49.9,663.1,480.6,0.0
geolife,user153,1612,670,popular,250,random,15,608.5,49.9,662.0,472.7,0.0
geolife,user153,1612,670,popular,250,random,16,599.0,49.9,660.2,470.5,0.0
geolife,user153,1612,670,popular,250,random,17,594.0,46.400000000000006,659.1,466.525,0.0
geolife,user153,1612,670,popular,250,random,18,592.0,37.400000000000006,657.2,465.05,0.0
geolife,user153,1612,670,popular,250,random,19,592.0,37.400000000000006,654.2,457.125,0.0
geolife,user153,1612,670,popular,250,random,20,592.0,36.50000000000001,644.1,449.45,0.0
geolife,user153,1612,670,popular,250,random,21,584.0,36.50000000000001,643.0,443.35,0.0
geolife,user153,1612,670,popular,250,random,22,579.0,36.50000000000001,635.6,432.35,0.0
geolife,user153,1612,670,popular,250,random,23,477.5,36.50000000000001,635.6,407.25,0.0
geolife,user153,1612,670,popular,250,random,24,477.0,36.50000000000001,634.7,405.8,0.0
geolife,user153,1612,670,popular,250,random,25,477.0,36.50000000000001,634.7,404.65,0.0
geolife,user153,1612,670,popular,250,random,26,477.0,36.50000000000001,634.3,403.725,0.0
geolife,user153,1612,670,popular,250,random,27,476.5,36.50000000000001,633.4,403.525,0.0
geolife,user153,1612,670,popular,250,random,28,476.0,22.5,630.2,393.1,0.0
geolife,user153,1612,670,popular,250,random,29,473.5,22.5,630.2,390.5,0.0
geolife,user153,1612,670,popular,250,random,30,403.0,22.5,624.6,378.375,0.0
geolife,user153,1612,670,popular,250,random,31,385.0,22.5,623.1,361.675,0.0
geolife,user153,1612,670,popular,250,random,32,385.0,19.8,614.7,359.825,0.0
geolife,user153,1612,670,popular,250,random,33,385.0,19.8,605.9,354.65,0.0
geolife,user153,1612,670,popular,250,random,34,384.5,19.8,605.9,354.175,0.0
geolife,user153,1612,670,popular,250,random,35,368.0,19.8,601.4,343.15,0.025
geolife,user153,1612,670,popular,250,random,36,360.5,19.8,584.2,333.8,0.025
geolife,user153,1612,670,popular,250,random,37,360.5,19.8,579.7,333.15,0.025
geolife,user153,1612,670,popular,250,random,38,360.5,19.8,577.4,332.45,0.025
geolife,user153,1612,670,popular,250,random,39,336.5,19.8,577.4,320.625,0.025
geolife,user153,1612,670,popular,250,random,40,312.0,17.700000000000003,576.3,306.25,0.025
geolife,user153,1612,670,popular,250,adaptive,0,670.0,670.0,670.0,670.0,0.0
geolife,user153,1612,670,popular,250,adaptive,1,378.0,292.0,378.0,347.9,0.0
geolife,user153,1612,670,popular,250,adaptive,2,180.0,156.4,198.0,175.9,0.0
geolife,user153,1612,670,popular,250,adaptive,3,105.0,75.0,150.0,103.375,0.0
geolife,user153,1612,670,popular,250,adaptive,4,58.0,37.0,141.0,70.675,0.0
geolife,user153,1612,670,popular,250,adaptive,5,25.0,11.600000000000001,133.0,42.35,0.0
geolife,user153,1612,670,popular,250,adaptive,6,15.0,5.0,129.0,34.225,0.025
geolife,user153,1612,670,popular,250,adaptive,7,6.5,2.9000000000000004,125.0,26.9,0.025
geolife,user153,1612,670,popular,250,adaptive,8,3.0,1.0,121.0,24.925,0.125
geolife,user153,1612,670,popular,250,adaptive,9,2.5,1.0,118.0,24.0,0.25
geolife,user153,1612,670,popular,250,adaptive,10,2.5,1.0,115.0,23.275,0.475
geolife,user153,1612,670,popular,250,adaptive,11,2.5,1.0,113.0,22.975,0.475
geolife,user153,1612,670,popular,250,adaptive,12,2.5,1.0,111.0,22.725,0.475
geolife,user153,1612,670,popular,250,adaptive,13,2.5,1.0,109.0,22.475,0.475
geolife,user153,1612,670,popular,250,adaptive,14,2.5,1.0,107.0,22.225,0.475
geolife,user153,1612,670,popular,250,adaptive,15,2.5,1.0,105.0,21.975,0.475
geolife,user153,1612,670,popular,250,adaptive,16,2.5,1.0,103.0,21.725,0.475
geolife,user153,1612,670,popular,250,adaptive,17,2.5,1.0,101.0,21.475,0.475
geolife,user153,1612,670,popular,250,adaptive,18,2.5,1.0,99.0,21.225,0.475
geolife,user153,1612,670,popular,250,adaptive,19,2.5,1.0,97.0,20.975,0.475
geolife,user153,1612,670,popular,250,adaptive,20,2.5,1.0,96.0,20.85,0.475
geolife,user153,1612,670,popular,250,adaptive,21,2.5,1.0,95.0,20.725,0.475
geolife,user153,1612,670,popular,250,adaptive,22,2.5,1.0,94.0,20.6,0.475
geolife,user153,1612,670,popular,250,adaptive,23,2.5,1.0,93.0,20.475,0.475
geolife,user153,1612,670,popular,250,adaptive,24,2.5,1.0,92.0,20.35,0.475
geolife,user153,1612,670,popular,250,adaptive,25,2.5,1.0,91.0,20.225,0.475
geolife,user153,1612,670,popular,250,adaptive,26,2.5,1.0,90.0,20.1,0.475
geolife,user153,1612,670,popular,250,adaptive,27,2.5,1.0,89.0,19.975,0.475
geolife,user153,1612,670,popular,250,adaptive,28,2.5,1.0,88.0,19.85,0.475
geolife,user153,1612,670,popular,250,adaptive,29,2.5,1.0,87.0,19.725,0.475
geolife,user153,1612,670,popular,250,adaptive,30,2.5,1.0,87.0,19.725,0.475
geolife,user153,1612,670,popular,250,adaptive,31,2.5,1.0,87.0,19.725,0.475
geolife,user153,1612,670,popular,250,adaptive,32,2.5,1.0,87.0,19.725,0.475
geolife,user153,1612,670,popular,250,adaptive,33,2.5,1.0,87.0,19.725,0.475
geolife,user153,1612,670,popular,250,adaptive,34,2.5,1.0,87.0,19.725,0.475
geolife,user153,1612,670,popular,250,adaptive,35,2.5,1.0,87.0,19.725,0.475
geolife,user153,1612,670,popular,250,adaptive,36,2.5,1.0,87.0,19.725,0.475
geolife,user153,1612,670,popular,250,adaptive,37,2.5,1.0,87.0,19.725,0.475
geolife,user153,1612,670,popular,250,adaptive,38,2.5,1.0,87.0,19.725,0.475
geolife,user153,1612,670,popular,250,adaptive,39,2.5,1.0,87.0,19.725,0.475
geolife,user153,1612,670,popular,250,adaptive,40,2.5,1.0,87.0,19.725,0.475
geolife,user153,1612,670,uniform,250,random,0,670.0,670.0,670.0,670.0,0.0
geolife,user153,1612,670,uniform,250,random,1,670.0,670.0,670.0,669.825,0.0
geolife,user153,1612,670,uniform,250,random,2,670.0,668.7,670.0,668.85,0.0
geolife,user153,1612,670,uniform,250,random,3,670.0,668.7,670.0,668.8,0.0
geolife,user153,1612,670,uniform,250,random,4,670.0,665.9,670.0,668.5,0.0
geolife,user153,1612,670,uniform,250,random,5,670.0,663.7,670.0,667.75,0.0
geolife,user153,1612,670,uniform,250,random,6,670.0,663.7,670.0,667.65,0.0
geolife,user153,1612,670,uniform,250,random,7,670.0,663.7,670.0,667.65,0.0
geolife,user153,1612,670,uniform,250,random,8,670.0,663.7,670.0,667.65,0.0
geolife,user153,1612,670,uniform,250,random,9,670.0,660.9,670.0,667.2,0.0
geolife,user153,1612,670,uniform,250,random,10,670.0,659.2,670.0,651.3,0.0
geolife,user153,1612,670,uniform,250,random,11,670.0,659.2,670.0,650.575,0.0
geolife,user153,1612,670,uniform,250,random,12,669.5,659.2,670.0,650.525,0.0
geolife,user153,1612,670,uniform,250,random,13,669.5,659.2,670.0,650.525,0.0
geolife,user153,1612,670,uniform,250,random,14,669.5,659.2,670.0,650.525,0.0
geolife,user153,1612,670,uniform,250,random,15,669.5,657.4,670.0,650.275,0.0
geolife,user153,1612,670,uniform,250,random,16,669.5,651.0,670.0,649.275,0.0
geolife,user153,1612,670,uniform,250,random,17,669.0,651.0,670.0,649.175,0.0
geolife,user153,1612,670,uniform,250,random,18,669.0,651.0,670.0,649.15,0.0
geolife,user153,1612,670,uniform,250,random,19,669.0,647.4,670.0,648.725,0.0
geolife,user153,1612,670,uniform,250,random,20,669.0,641.2,670.0,647.775,0.0
geolife,user153,1612,670,uniform,250,random,21,667.0,631.1,670.0,631.0,0.0
geolife,user153,1612,670,uniform,250,random,22,667.0,630.9,670.0,630.925,0.0
geolife,user153,1612,670,uniform,250,random,23,666.0,630.9,670.0,630.425,0.0
geolife,user153,1612,670,uniform,250,random,24,666.0,630.9,670.0,630.275,0.0
geolife,user153,1612,670,uniform,250,random,25,666.0,627.3,670.0,629.25,0.0
geolife,user153,1612,670,uniform,250,random,26,666.0,621.0,670.0,628.375,0.0
geolife,user153,1612,670,uniform,250,random,27,666.0,621.0,670.0,628.375,0.0
geolife,user153,1612,670,uniform,250,random,28,666.0,621.0,670.0,626.875,0.0
geolife,user153,1612,670,uniform,250,random,29,665.5,621.0,670.0,626.075,0.0
geolife,user153,1612,670,uniform,250,random,30,665.5,619.6,670.0,625.0,0.0
geolife,user153,1612,670,uniform,250,random,31,665.0,619.6,670.0,624.95,0.0
geolife,user153,1612,670,uniform,250,random,32,663.0,619.6,670.0,621.975,0.0
geolife,user153,1612,670,uniform,250,random,33,663.0,619.6,670.0,621.95,0.0
geolife,user153,1612,670,uniform,250,random,34,662.5,618.7,670.0,621.8,0.0
geolife,user153,1612,670,uniform,250,random,35,660.0,604.3,670.0,605.925,0.0
geolife,user153,1612,670,uniform,250,random,36,659.5,604.3,670.0,605.725,0.0
geolife,user153,1612,670,uniform,250,random,37,658.0,604.3,670.0,604.65,0.0
geolife,user153,1612,670,uniform,250,random,38,658.0,604.3,670.0,603.775,0.0
geolife,user153,1612,670,uniform,250,random,39,655.5,604.3,670.0,603.0,0.0
geolife,user153,1612,670,uniform,250,random,40,647.0,598.0,669.1,601.225,0.0
geolife,user153,1612,670,uniform,250,adaptive,0,670.0,670.0,670.0,670.0,0.0
geolife,user153,1612,670,uniform,250,adaptive,1,626.0,567.8000000000002,626.0,567.8,0.0
geolife,user153,1612,670,uniform,250,adaptive,2,594.0,31.8,594.0,481.0,0.0
geolife,user153,1612,670,uniform,250,adaptive,3,564.0,22.000000000000004,564.0,428.175,0.0
geolife,user153,1612,670,uniform,250,adaptive,4,547.0,10.8,547.0,414.2,0.025
geolife,user153,1612,670,uniform,250,adaptive,5,534.0,8.8,534.0,403.35,0.05
geolife,user153,1612,670,uniform,250,adaptive,6,526.0,8.8,526.0,397.35,0.05
geolife,user153,1612,670,uniform,250,adaptive,7,519.0,7.0,519.0,379.3,0.05
geolife,user153,1612,670,uniform,250,adaptive,8,515.0,7.0,515.0,376.4,0.05
geolife,user153,1612,670,uniform,250,adaptive,9,512.0,7.0,512.0,374.225,0.05
geolife,user153,1612,670,uniform,250,adaptive,10,509.0,7.0,509.0,372.05,0.05
geolife,user153,1612,670,uniform,250,adaptive,11,506.0,7.0,506.0,369.875,0.05
geolife,user153,1612,670,uniform,250,adaptive,12,505.0,7.0,505.0,369.15,0.05
geolife,user153,1612,670,uniform,250,adaptive,13,504.0,7.0,504.0,368.425,0.05
geolife,user153,1612,670,uniform,250,adaptive,14,503.0,7.0,503.0,367.7,0.05
geolife,user153,1612,670,uniform,250,adaptive,15,502.0,7.0,502.0,366.975,0.05
geolife,user153,1612,670,uniform,250,adaptive,16,501.0,7.0,501.0,366.25,0.05
geolife,user153,1612,670,uniform,250,adaptive,17,500.0,7.0,500.0,365.525,0.05
geolife,user153,1612,670,uniform,250,adaptive,18,499.0,7.0,499.0,364.8,0.05
geolife,user153,1612,670,uniform,250,adaptive,19,498.0,7.0,498.0,364.075,0.05
geolife,user153,1612,670,uniform,250,adaptive,20,497.0,7.0,497.0,363.35,0.05
geolife,user153,1612,670,uniform,250,adaptive,21,496.0,7.0,496.0,362.625,0.05
geolife,user153,1612,670,uniform,250,adaptive,22,495.0,7.0,495.0,349.55,0.075
geolife,user153,1612,670,uniform,250,adaptive,23,495.0,7.0,495.0,349.55,0.075
geolife,user153,1612,670,uniform,250,adaptive,24,495.0,7.0,495.0,349.55,0.075
geolife,user153,1612,670,uniform,250,adaptive,25,495.0,7.0,495.0,349.55,0.075
geolife,user153,1612,670,uniform,250,adaptive,26,495.0,7.0,495.0,349.55,0.075
geolife,user153,1612,670,uniform,250,adaptive,27,495.0,7.0,495.0,349.55,0.075
geolife,user153,1612,670,uniform,250,adaptive,28,495.0,7.0,495.0,349.55,0.075
geolife,user153,1612,670,uniform,250,adaptive,29,495.0,7.0,495.0,349.55,0.075
geolife,user153,1612,670,uniform,250,adaptive,30,495.0,7.0,495.0,349.55,0.075
geolife,user153,1612,670,uniform,250,adaptive,31,495.0,7.0,495.0,349.55,0.075
geolife,user153,1612,670,uniform,250,adaptive,32,495.0,7.0,495.0,349.55,0.075
geolife,user153,1612,670,uniform,250,adaptive,33,495.0,7.0,495.0,349.55,0.075
geolife,user153,1612,670,uniform,250,adaptive,34,495.0,7.0,495.0,349.55,0.075
geolife,user153,1612,670,uniform,250,adaptive,35,495.0,7.0,495.0,349.55,0.075
geolife,user153,1612,670,uniform,250,adaptive,36,495.0,7.0,495.0,349.55,0.075
geolife,user153,1612,670,uniform,250,adaptive,37,495.0,7.0,495.0,349.55,0.075
geolife,user153,1612,670,uniform,250,adaptive,38,495.0,7.0,495.0,349.55,0.075
geolife,user153,1612,670,uniform,250,adaptive,39,495.0,7.0,495.0,349.55,0.075
geolife,user153,1612,670,uniform,250,adaptive,40,495.0,7.0,495.0,349.55,0.075
geolife,user153,1612,670,popular,500,random,0,670.0,670.0,670.0,670.0,0.0
geolife,user153,1612,670,popular,500,random,1,670.0,613.8,670.0,643.4,0.0
geolife,user153,1612,670,popular,500,random,2,667.0,500.70000000000005,670.0,621.9,0.0
geolife,user153,1612,670,popular,500,random,3,649.0,417.0,670.0,596.725,0.0
geolife,user153,1612,670,popular,500,random,4,627.0,417.0,669.0,584.225,0.0
geolife,user153,1612,670,popular,500,random,5,608.0,362.50000000000006,668.0,554.575,0.0
geolife,user153,1612,670,popular,500,random,6,606.5,362.50000000000006,668.0,546.1,0.0
geolife,user153,1612,670,popular,500,random,7,605.0,362.50000000000006,668.0,543.25,0.0
geolife,user153,1612,670,popular,500,random,8,587.5,158.2,667.1,523.75,0.0
geolife,user153,1612,670,popular,500,random,9,570.5,158.2,666.1,508.675,0.0
geolife,user153,1612,670,popular,500,random,10,538.5,147.3,663.2,481.075,0.0
geolife,user153,1612,670,popular,500,random,11,523.0,147.3,662.0,463.375,0.0
geolife,user153,1612,670,popular,500,random,12,509.5,116.10000000000002,656.6,441.7,0.0
geolife,user153,1612,670,popular,500,random,13,483.5,96.30000000000001,655.7,434.55,0.0
geolife,user153,1612,670,popular,500,random,14,483.5,96.30000000000001,632.5,427.675,0.0
geolife,user153,1612,670,popular,500,random,15,483.5,96.30000000000001,631.6,427.375,0.0
geolife,user153,1612,670,popular,500,random,16,448.0,52.2,631.6,412.925,0.0
geolife,user153,1612,670,popular,500,random,17,448.0,52.2,631.6,411.825,0.0
geolife,user153,1612,670,popular,500,random,18,448.0,52.2,631.5,410.475,0.0
geolife,user153,1612,670,popular,500,random,19,431.0,48.6,630.6,406.025,0.0
geolife,user153,1612,670,popular,500,random,20,406.0,44.5,622.0,391.075,0.025
geolife,user153,1612,670,popular,500,random,21,398.5,39.8,614.4,362.35,0.025
geolife,user153,1612,670,popular,500,random,22,397.0,39.2,590.4,349.1,0.025
geolife,user153,1612,670,popular,500,random,23,393.5,39.2,590.4,342.25,0.025
geolife,user153,1612,670,popular,500,random,24,378.5,39.2,584.5,332.725,0.025
geolife,user153,1612,670,popular,500,random,25,378.5,38.900000000000006,565.6,330.475,0.025
geolife,user153,1612,670,popular,500,random,26,372.5,37.1,565.6,316.125,0.025
geolife,user153,1612,670,popular,500,random,27,371.5,37.1,565.6,313.975,0.025
geolife,user153,1612,670,popular,500,random,28,361.5,37.1,565.6,310.7,0.025
geolife,user153,1612,670,popular,500,random,29,351.5,36.2,564.4,298.775,0.025
geolife,user153,1612,670,popular,500,random,30,338.5,28.6,564.4,288.525,0.025
geolife,user153,1612,670,popular,500,random,31,303.0,28.6,529.7,271.425,0.025
geolife,user153,1612,670,popular,500,random,32,276.5,28.6,529.7,262.825,0.025
geolife,user153,1612,670,popular,500,random,33,267.0,28.6,508.8,248.975,0.025
geolife,user153,1612,670,popular,500,random,34,267.0,28.6,508.8,245.9,0.025
geolife,user153,1612,670,popular,500,random,35,215.5,26.8,506.8,238.525,0.025
geolife,user153,1612,670,popular,500,random,36,155.0,26.8,506.8,228.75,0.025
geolife,user153,1612,670,popular,500,random,37,155.0,26.300000000000004,506.8,228.275,0.025
geolife,user153,1612,670,popular,500,random,38,138.5,26.300000000000004,506.8,218.675,0.025
geolife,user153,1612,670,popular,500,random,39,138.5,26.300000000000004,504.1,218.45,0.025
geolife,user153,1612,670,popular,500,random,40,138.5,26.300000000000004,504.1,216.8,0.025
geolife,user153,1612,670,popular,500,adaptive,0,670.0,670.0,670.0,670.0,0.0
geolife,user153,1612,670,popular,500,adaptive,1,403.0,267.0,403.0,355.4,0.0
geolife,user153,1612,670,popular,500,adaptive,2,186.0,127.0,217.0,180.475,0.0
geolife,user153,1612,670,popular,500,adaptive,3,101.0,38.0,127.0,101.075,0.0
geolife,user153,1612,670,popular,500,adaptive,4,55.0,23.0,97.0,54.875,0.0
geolife,user153,1612,670,popular,500,adaptive,5,26.0,15.0,76.80000000000001,37.925,0.0
geolife,user153,1612,670,popular,500,adaptive,6,15.0,8.9,75.0,28.525,0.025
geolife,user153,1612,670,popular,500,adaptive,7,8.0,4.9,74.0,21.725,0.025
geolife,user153,1612,670,popular,500,adaptive,8,4.0,2.0,74.0,19.7,0.075
geolife,user153,1612,670,popular,500,adaptive,9,3.0,1.0,74.0,19.075,0.275
geolife,user153,1612,670,popular,500,adaptive,10,3.0,1.0,74.0,18.85,0.375
geolife,user153,1612,670,popular,500,adaptive,11,3.0,1.0,74.0,18.75,0.4
geolife,user153,1612,670,popular,500,adaptive,12,3.0,1.0,74.0,18.7,0.4
geolife,user153,1612,670,popular,500,adaptive,13,3.0,1.0,74.0,18.65,0.4
geolife,user153,1612,670,popular,500,adaptive,14,3.0,1.0,74.0,18.6,0.4
geolife,user153,1612,670,popular,500,adaptive,15,3.0,1.0,74.0,18.55,0.4
geolife,user153,1612,670,popular,500,adaptive,16,3.0,1.0,74.0,18.5,0.4
geolife,user153,1612,670,popular,500,adaptive,17,3.0,1.0,74.0,18.475,0.4
geolife,user153,1612,670,popular,500,adaptive,18,3.0,1.0,74.0,18.45,0.4
geolife,user153,1612,670,popular,500,adaptive,19,3.0,1.0,74.0,18.425,0.4
geolife,user153,1612,670,popular,500,adaptive,20,3.0,1.0,74.0,18.4,0.4
geolife,user153,1612,670,popular,500,adaptive,21,3.0,1.0,74.0,18.375,0.4
geolife,user153,1612,670,popular,500,adaptive,22,3.0,1.0,74.0,18.35,0.4
geolife,user153,1612,670,popular,500,adaptive,23,3.0,1.0,74.0,18.325,0.4
geolife,user153,1612,670,popular,500,adaptive,24,3.0,1.0,74.0,18.3,0.4
geolife,user153,1612,670,popular,500,adaptive,25,3.0,1.0,74.0,18.275,0.4
geolife,user153,1612,670,popular,500,adaptive,26,3.0,1.0,74.0,18.25,0.4
geolife,user153,1612,670,popular,500,adaptive,27,3.0,1.0,74.0,18.25,0.4
geolife,user153,1612,670,popular,500,adaptive,28,3.0,1.0,74.0,18.25,0.4
geolife,user153,1612,670,popular,500,adaptive,29,3.0,1.0,74.0,18.25,0.4
geolife,user153,1612,670,popular,500,adaptive,30,3.0,1.0,74.0,18.25,0.4
geolife,user153,1612,670,popular,500,adaptive,31,3.0,1.0,74.0,18.25,0.4
geolife,user153,1612,670,popular,500,adaptive,32,3.0,1.0,74.0,18.25,0.4
geolife,user153,1612,670,popular,500,adaptive,33,3.0,1.0,74.0,18.25,0.4
geolife,user153,1612,670,popular,500,adaptive,34,3.0,1.0,74.0,18.25,0.4
geolife,user153,1612,670,popular,500,adaptive,35,3.0,1.0,74.0,18.25,0.4
geolife,user153,1612,670,popular,500,adaptive,36,3.0,1.0,74.0,18.25,0.4
geolife,user153,1612,670,popular,500,adaptive,37,3.0,1.0,74.0,18.25,0.4
geolife,user153,1612,670,popular,500,adaptive,38,3.0,1.0,74.0,18.25,0.4
geolife,user153,1612,670,popular,500,adaptive,39,3.0,1.0,74.0,18.25,0.4
geolife,user153,1612,670,popular,500,adaptive,40,3.0,1.0,74.0,18.25,0.4
geolife,user153,1612,670,uniform,500,random,0,670.0,670.0,670.0,670.0,0.0
geolife,user153,1612,670,uniform,500,random,1,670.0,669.9,670.0,667.65,0.0
geolife,user153,1612,670,uniform,500,random,2,670.0,666.0,670.0,667.05,0.0
geolife,user153,1612,670,uniform,500,random,3,670.0,661.8,670.0,666.475,0.0
geolife,user153,1612,670,uniform,500,random,4,670.0,661.8,670.0,666.25,0.0
geolife,user153,1612,670,uniform,500,random,5,669.0,660.0,670.0,664.075,0.0
geolife,user153,1612,670,uniform,500,random,6,669.0,655.9,670.0,662.7,0.0
geolife,user153,1612,670,uniform,500,random,7,668.5,655.9,670.0,662.275,0.0
geolife,user153,1612,670,uniform,500,random,8,667.0,655.0,670.0,661.2,0.0
geolife,user153,1612,670,uniform,500,random,9,666.5,635.9,670.0,659.425,0.0
geolife,user153,1612,670,uniform,500,random,10,666.5,633.8,670.0,658.0,0.0
geolife,user153,1612,670,uniform,500,random,11,666.0,631.0,670.0,656.4,0.0
geolife,user153,1612,670,uniform,500,random,12,665.5,631.0,670.0,655.825,0.0
geolife,user153,1612,670,uniform,500,random,13,664.0,631.0,670.0,655.575,0.0
geolife,user153,1612,670,uniform,500,random,14,662.0,624.7,669.1,654.1,0.0
geolife,user153,1612,670,uniform,500,random,15,661.0,624.7,669.0,651.7,0.0
geolife,user153,1612,670,uniform,500,random,16,660.0,624.7,669.0,651.55,0.0
geolife,user153,1612,670,uniform,500,random,17,658.0,620.0,668.1,649.325,0.0
geolife,user153,1612,670,uniform,500,random,18,657.0,619.5,668.1,647.925,0.0
geolife,user153,1612,670,uniform,500,random,19,655.5,609.6,667.0,617.325,0.0
geolife,user153,1612,670,uniform,500,random,20,653.5,609.6,667.0,613.8,0.0
geolife,user153,1612,670,uniform,500,random,21,653.0,609.6,667.0,613.6,0.0
geolife,user153,1612,670,uniform,500,random,22,653.0,609.6,667.0,613.125,0.0
geolife,user153,1612,670,uniform,500,random,23,653.0,609.6,665.1,612.8,0.0
geolife,user153,1612,670,uniform,500,random,24,652.5,606.9,665.1,611.525,0.0
geolife,user153,1612,670,uniform,500,random,25,647.0,605.7,665.1,609.95,0.0
geolife,user153,1612,670,uniform,500,random,26,647.0,605.7,665.1,609.825,0.0
geolife,user153,1612,670,uniform,500,random,27,647.0,605.7,664.1,609.425,0.0
geolife,user153,1612,670,uniform,500,random,28,647.0,605.7,663.1,608.925,0.0
geolife,user153,1612,670,uniform,500,random,29,641.0,605.7,663.0,607.55,0.0
geolife,user153,1612,670,uniform,500,random,30,641.0,605.7,662.1,607.425,0.0
geolife,user153,1612,670,uniform,500,random,31,641.0,602.5,662.1,606.9,0.0
geolife,user153,1612,670,uniform,500,random,32,632.0,602.5,662.0,602.75,0.0
geolife,user153,1612,670,uniform,500,random,33,632.0,602.5,662.0,602.725,0.0
geolife,user153,1612,670,uniform,500,random,34,632.0,593.8000000000001,662.0,601.225,0.0
geolife,user153,1612,670,uniform,500,random,35,632.0,593.8000000000001,662.0,601.15,0.0
geolife,user153,1612,670,uniform,500,random,36,629.5,593.8000000000001,662.0,599.975,0.0
geolife,user153,1612,670,uniform,500,random,37,629.5,593.8000000000001,662.0,599.875,0.0
geolife,user153,1612,670,uniform,500,random,38,629.5,593.7,662.0,599.675,0.0
geolife,user153,1612,670,uniform,500,random,39,626.0,548.2,661.1,583.6,0.0
geolife,user153,1612,670,uniform,500,random,40,626.0,547.3000000000001,661.0,583.075,0.0
geolife,user153,1612,670,uniform,500,adaptive,0,670.0,670.0,670.0,670.0,0.0
geolife,user153,1612,670,uniform,500,adaptive,1,572.0,98.0,572.0,500.9,0.0
geolife,user153,1612,670,uniform,500,adaptive,2,512.0,52.0,512.0,374.75,0.0
geolife,user153,1612,670,uniform,500,adaptive,3,454.0,27.500000000000007,454.0,287.25,0.0
geolife,user153,1612,670,uniform,500,adaptive,4,444.0,22.900000000000006,444.0,277.325,0.0
geolife,user153,1612,670,uniform,500,adaptive,5,435.0,13.0,435.0,269.675,0.0
geolife,user153,1612,670,uniform,500,adaptive,6,428.0,11.0,428.0,254.525,0.0
geolife,user153,1612,670,uniform,500,adaptive,7,424.0,8.700000000000001,424.0,251.725,0.0
geolife,user153,1612,670,uniform,500,adaptive,8,420.0,4.0,420.0,228.525,0.0
geolife,user153,1612,670,uniform,500,adaptive,9,41.0,3.8000000000000007,416.0,205.675,0.0
geolife,user153,1612,670,uniform,500,adaptive,10,41.0,2.0,413.0,204.15,0.0
geolife,user153,1612,670,uniform,500,adaptive,11,41.0,2.0,410.0,202.675,0.05
geolife,user153,1612,670,uniform,500,adaptive,12,37.0,2.0,407.0,191.15,0.05
geolife,user153,1612,670,uniform,500,adaptive,13,37.0,2.0,404.0,189.8,0.05
geolife,user153,1612,670,uniform,500,adaptive,14,37.0,2.0,401.0,188.45,0.05
geolife,user153,1612,670,uniform,500,adaptive,15,37.0,2.0,399.0,187.55,0.05
geolife,user153,1612,670,uniform,500,adaptive,16,37.0,2.0,398.0,187.1,0.05
geolife,user153,1612,670,uniform,500,adaptive,17,37.0,2.0,397.0,186.65,0.05
geolife,user153,1612,670,uniform,500,adaptive,18,37.0,2.0,396.0,186.2,0.05
geolife,user153,1612,670,uniform,500,adaptive,19,37.0,2.0,395.0,185.75,0.05
geolife,user153,1612,670,uniform,500,adaptive,20,37.0,2.0,394.0,185.3,0.05
geolife,user153,1612,670,uniform,500,adaptive,21,37.0,2.0,393.0,184.85,0.05
geolife,user153,1612,670,uniform,500,adaptive,22,37.0,2.0,392.0,184.4,0.05
geolife,user153,1612,670,uniform,500,adaptive,23,37.0,2.0,391.0,183.95,0.05
geolife,user153,1612,670,uniform,500,adaptive,24,37.0,2.0,390.0,183.5,0.05
geolife,user153,1612,670,uniform,500,adaptive,25,37.0,2.0,390.0,183.5,0.05
geolife,user153,1612,670,uniform,500,adaptive,26,37.0,2.0,390.0,183.5,0.05
geolife,user153,1612,670,uniform,500,adaptive,27,37.0,2.0,390.0,183.5,0.05
geolife,user153,1612,670,uniform,500,adaptive,28,37.0,2.0,390.0,183.5,0.05
geolife,user153,1612,670,uniform,500,adaptive,29,37.0,2.0,390.0,183.5,0.05
geolife,user153,1612,670,uniform,500,adaptive,30,37.0,2.0,390.0,183.5,0.05
geolife,user153,1612,670,uniform,500,adaptive,31,37.0,2.0,390.0,183.5,0.05
geolife,user153,1612,670,uniform,500,adaptive,32,37.0,2.0,390.0,183.5,0.05
geolife,user153,1612,670,uniform,500,adaptive,33,37.0,2.0,390.0,183.5,0.05
geolife,user153,1612,670,uniform,500,adaptive,34,37.0,2.0,390.0,183.5,0.05
geolife,user153,1612,670,uniform,500,adaptive,35,37.0,2.0,390.0,183.5,0.05
geolife,user153,1612,670,uniform,500,adaptive,36,37.0,2.0,390.0,183.5,0.05
geolife,user153,1612,670,uniform,500,adaptive,37,37.0,2.0,390.0,183.5,0.05
geolife,user153,1612,670,uniform,500,adaptive,38,37.0,2.0,390.0,183.5,0.05
geolife,user153,1612,670,uniform,500,adaptive,39,37.0,2.0,390.0,183.5,0.05
geolife,user153,1612,670,uniform,500,adaptive,40,37.0,2.0,390.0,183.5,0.05
geolife,user153,1612,670,popular,1000,random,0,670.0,670.0,670.0,670.0,0.0
geolife,user153,1612,670,popular,1000,random,1,670.0,610.7,670.0,648.4,0.0
geolife,user153,1612,670,popular,1000,random,2,668.0,490.00000000000006,670.0,595.1,0.0
geolife,user153,1612,670,popular,1000,random,3,662.5,289.30000000000007,670.0,580.225,0.0
geolife,user153,1612,670,popular,1000,random,4,660.5,173.5,670.0,541.875,0.0
geolife,user153,1612,670,popular,1000,random,5,622.5,164.70000000000002,669.0,512.85,0.0
geolife,user153,1612,670,popular,1000,random,6,613.0,143.6,668.1,507.7,0.0
geolife,user153,1612,670,popular,1000,random,7,606.0,138.6,668.1,490.25,0.0
geolife,user153,1612,670,popular,1000,random,8,563.0,134.3,666.1,472.35,0.0
geolife,user153,1612,670,popular,1000,random,9,560.0,89.4,664.1,462.225,0.0
geolife,user153,1612,670,popular,1000,random,10,560.0,64.30000000000001,659.2,447.5,0.0
geolife,user153,1612,670,popular,1000,random,11,523.0,52.5,655.1,422.675,0.0
geolife,user153,1612,670,popular,1000,random,12,508.5,51.6,655.1,401.1,0.0
geolife,user153,1612,670,popular,1000,random,13,467.0,51.6,647.3,370.875,0.0
geolife,user153,1612,670,popular,1000,random,14,454.5,51.6,639.2,364.55,0.0
geolife,user153,1612,670,popular,1000,random,15,441.5,46.00000000000001,638.8,349.175,0.0
geolife,user153,1612,670,popular,1000,random,16,441.5,46.00000000000001,637.4,345.75,0.0
geolife,user153,1612,670,popular,1000,random,17,315.0,46.00000000000001,612.4,319.85,0.0
geolife,user153,1612,670,popular,1000,random,18,268.0,26.300000000000004,612.4,310.45,0.0
geolife,user153,1612,670,popular,1000,random,19,223.5,20.000000000000004,589.4000000000001,282.425,0.0
geolife,user153,1612,670,popular,1000,random,20,223.5,19.900000000000006,588.5,281.3,0.0
geolife,user153,1612,670,popular,1000,random,21,223.5,19.900000000000006,587.6,279.775,0.0
geolife,user153,1612,670,popular,1000,random,22,182.0,19.900000000000006,584.9000000000001,265.475,0.0
geolife,user153,1612,670,popular,1000,random,23,182.0,19.900000000000006,583.5,263.625,0.0
geolife,user153,1612,670,popular,1000,random,24,181.0,19.900000000000006,570.7,261.525,0.0
geolife,user153,1612,670,popular,1000,random,25,181.0,9.9,554.2,251.95,0.0
geolife,user153,1612,670,popular,1000,random,26,164.0,9.700000000000001,554.2,249.8,0.0
geolife,user153,1612,670,popular,1000,random,27,164.0,9.700000000000001,537.7,241.675,0.025
geolife,user153,1612,670,popular,1000,random,28,147.5,9.700000000000001,523.4,228.05,0.025
geolife,user153,1612,670,popular,1000,random,29,143.5,9.500000000000002,516.6,221.3,0.025
geolife,user153,1612,670,popular,1000,random,30,143.5,9.500000000000002,515.4,218.1,0.025
geolife,user153,1612,670,popular,1000,random,31,143.5,9.500000000000002,493.3,213.45,0.025
geolife,user153,1612,670,popular,1000,random,32,143.5,9.500000000000002,493.3,212.3,0.025
geolife,user153,1612,670,popular,1000,random,33,143.5,9.500000000000002,493.3,211.975,0.025
geolife,user153,1612,670,popular,1000,random,34,141.5,9.500000000000002,455.6,196.0,0.025
geolife,user153,1612,670,popular,1000,random,35,141.5,9.500000000000002,455.6,194.675,0.025
geolife,user153,1612,670,popular,1000,random,36,140.5,9.500000000000002,454.70000000000005,192.9,0.025
geolife,user153,1612,670,popular,1000,random,37,140.5,8.600000000000001,399.30000000000007,185.175,0.025
geolife,user153,1612,670,popular,1000,random,38,140.5,8.600000000000001,399.30000000000007,179.4,0.025
geolife,user153,1612,670,popular,1000,random,39,140.5,8.600000000000001,380.4000000000001,174.625,0.025
geolife,user153,1612,670,popular,1000,random,40,128.0,8.600000000000001,380.4000000000001,169.075,0.025
geolife,user153,1612,670,popular,1000,adaptive,0,670.0,670.0,670.0,670.0,0.0
geolife,user153,1612,670,popular,1000,adaptive,1,354.0,316.0,354.0,338.8,0.0
geolife,user153,1612,670,popular,1000,adaptive,2,171.0,150.0,183.0,168.1,0.0
geolife,user153,1612,670,popular,1000,adaptive,3,93.0,73.0,107.0,85.875,0.0
geolife,user153,1612,670,popular,1000,adaptive,4,43.0,26.300000000000004,80.0,45.975,0.0
geolife,user153,1612,670,popular,1000,adaptive,5,23.0,10.9,78.0,31.275,0.0
geolife,user153,1612,670,popular,1000,adaptive,6,14.5,5.0,77.0,24.55,0.025
geolife,user153,1612,670,popular,1000,adaptive,7,10.0,2.0,76.0,21.575,0.05
geolife,user153,1612,670,popular,1000,adaptive,8,9.0,1.0,75.0,19.825,0.15
geolife,user153,1612,670,popular,1000,adaptive,9,5.5,1.0,75.0,17.875,0.275
geolife,user153,1612,670,popular,1000,adaptive,10,5.0,1.0,75.0,17.525,0.45
geolife,user153,1612,670,popular,1000,adaptive,11,3.0,1.0,75.0,16.625,0.45
geolife,user153,1612,670,popular,1000,adaptive,12,2.5,1.0,75.0,16.55,0.475
geolife,user153,1612,670,popular,1000,adaptive,13,2.5,1.0,75.0,16.55,0.475
geolife,user153,1612,670,popular,1000,adaptive,14,2.5,1.0,75.0,16.55,0.475
geolife,user153,1612,670,popular,1000,adaptive,15,2.5,1.0,75.0,16.55,0.475
geolife,user153,1612,670,popular,1000,adaptive,16,2.5,1.0,75.0,16.55,0.475
geolife,user153,1612,670,popular,1000,adaptive,17,2.5,1.0,75.0,16.55,0.475
geolife,user153,1612,670,popular,1000,adaptive,18,2.5,1.0,75.0,16.55,0.475
geolife,user153,1612,670,popular,1000,adaptive,19,2.5,1.0,75.0,16.55,0.475
geolife,user153,1612,670,popular,1000,adaptive,20,2.5,1.0,75.0,16.55,0.475
geolife,user153,1612,670,popular,1000,adaptive,21,2.5,1.0,75.0,16.55,0.475
geolife,user153,1612,670,popular,1000,adaptive,22,2.5,1.0,75.0,16.55,0.475
geolife,user153,1612,670,popular,1000,adaptive,23,2.5,1.0,75.0,16.55,0.475
geolife,user153,1612,670,popular,1000,adaptive,24,2.5,1.0,75.0,16.55,0.475
geolife,user153,1612,670,popular,1000,adaptive,25,2.5,1.0,75.0,16.55,0.475
geolife,user153,1612,670,popular,1000,adaptive,26,2.5,1.0,75.0,16.55,0.475
geolife,user153,1612,670,popular,1000,adaptive,27,2.5,1.0,75.0,16.55,0.475
geolife,user153,1612,670,popular,1000,adaptive,28,2.5,1.0,75.0,16.55,0.475
geolife,user153,1612,670,popular,1000,adaptive,29,2.5,1.0,75.0,16.55,0.475
geolife,user153,1612,670,popular,1000,adaptive,30,2.5,1.0,75.0,16.55,0.475
geolife,user153,1612,670,popular,1000,adaptive,31,2.5,1.0,75.0,16.55,0.475
geolife,user153,1612,670,popular,1000,adaptive,32,2.5,1.0,75.0,16.55,0.475
geolife,user153,1612,670,popular,1000,adaptive,33,2.5,1.0,75.0,16.55,0.475
geolife,user153,1612,670,popular,1000,adaptive,34,2.5,1.0,75.0,16.55,0.475
geolife,user153,1612,670,popular,1000,adaptive,35,2.5,1.0,75.0,16.55,0.475
geolife,user153,1612,670,popular,1000,adaptive,36,2.5,1.0,75.0,16.55,0.475
geolife,user153,1612,670,popular,1000,adaptive,37,2.5,1.0,75.0,16.55,0.475
geolife,user153,1612,670,popular,1000,adaptive,38,2.5,1.0,75.0,16.55,0.475
geolife,user153,1612,670,popular,1000,adaptive,39,2.5,1.0,75.0,16.55,0.475
geolife,user153,1612,670,popular,1000,adaptive,40,2.5,1.0,75.0,16.55,0.475
geolife,user153,1612,670,uniform,1000,random,0,670.0,670.0,670.0,670.0,0.0
geolife,user153,1612,670,uniform,1000,random,1,670.0,667.0,670.0,668.125,0.0
geolife,user153,1612,670,uniform,1000,random,2,670.0,665.6,670.0,667.575,0.0
geolife,user153,1612,670,uniform,1000,random,3,670.0,658.0,670.0,664.8,0.0
geolife,user153,1612,670,uniform,1000,random,4,668.5,650.3,670.0,662.9,0.0
geolife,user153,1612,670,uniform,1000,random,5,667.0,650.3,670.0,648.225,0.0
geolife,user153,1612,670,uniform,1000,random,6,667.0,647.9,670.0,633.65,0.0
geolife,user153,1612,670,uniform,1000,random,7,667.0,647.9,670.0,633.35,0.0
geolife,user153,1612,670,uniform,1000,random,8,666.0,614.1,670.0,628.7,0.0
geolife,user153,1612,670,uniform,1000,random,9,665.0,586.1,670.0,626.075,0.0
geolife,user153,1612,670,uniform,1000,random,10,664.0,586.1,670.0,625.425,0.0
geolife,user153,1612,670,uniform,1000,random,11,662.5,568.5,669.1,619.0,0.0
geolife,user153,1612,670,uniform,1000,random,12,660.5,568.5,668.0,613.8,0.0
geolife,user153,1612,670,uniform,1000,random,13,659.5,551.6,667.1,598.625,0.0
geolife,user153,1612,670,uniform,1000,random,14,659.0,551.5,667.1,598.525,0.0
geolife,user153,1612,670,uniform,1000,random,15,659.0,551.5,667.1,598.35,0.0
geolife,user153,1612,670,uniform,1000,random,16,654.5,485.8,667.1,593.4,0.0
geolife,user153,1612,670,uniform,1000,random,17,653.5,485.8,666.1,592.9,0.0
geolife,user153,1612,670,uniform,1000,random,18,652.5,485.40000000000003,666.0,591.525,0.0
geolife,user153,1612,670,uniform,1000,random,19,650.5,434.7,666.0,581.975,0.0
geolife,user153,1612,670,uniform,1000,random,20,648.5,434.5,665.1,578.35,0.0
geolife,user153,1612,670,uniform,1000,random,21,648.0,433.7,664.1,576.2,0.0
geolife,user153,1612,670,uniform,1000,random,22,644.0,433.7,664.1,574.425,0.0
geolife,user153,1612,670,uniform,1000,random,23,641.5,433.7,664.0,574.1,0.0
geolife,user153,1612,670,uniform,1000,random,24,641.5,433.7,664.0,573.9,0.0
geolife,user153,1612,670,uniform,1000,random,25,641.5,431.9,661.2,573.325,0.0
geolife,user153,1612,670,uniform,1000,random,26,640.0,431.9,661.2,570.8,0.0
geolife,user153,1612,670,uniform,1000,random,27,634.5,429.8,661.2,568.475,0.0
geolife,user153,1612,670,uniform,1000,random,28,634.5,370.60000000000014,661.2,559.25,0.0
geolife,user153,1612,670,uniform,1000,random,29,634.5,370.5000000000001,661.2,559.075,0.0
geolife,user153,1612,670,uniform,1000,random,30,634.5,368.10000000000014,661.2,557.6,0.0
geolife,user153,1612,670,uniform,1000,random,31,615.5,368.10000000000014,661.2,555.625,0.0
geolife,user153,1612,670,uniform,1000,random,32,601.0,94.50000000000001,660.1,541.35,0.0
geolife,user153,1612,670,uniform,1000,random,33,601.0,94.50000000000001,659.1,540.025,0.0
geolife,user153,1612,670,uniform,1000,random,34,601.0,94.50000000000001,659.1,539.625,0.0
geolife,user153,1612,670,uniform,1000,random,35,600.5,94.50000000000001,659.1,539.3,0.0
geolife,user153,1612,670,uniform,1000,random,36,600.5,94.50000000000001,659.1,538.5,0.0
geolife,user153,1612,670,uniform,1000,random,37,600.5,94.50000000000001,657.3,537.6,0.0
geolife,user153,1612,670,uniform,1000,random,38,600.5,94.50000000000001,657.1,537.35,0.0
geolife,user153,1612,670,uniform,1000,random,39,600.5,94.50000000000001,657.1,536.7,0.0
geolife,user153,1612,670,uniform,1000,random,40,600.5,94.50000000000001,657.1,536.15,0.0
geolife,user153,1612,670,uniform,1000,adaptive,0,670.0,670.0,670.0,670.0,0.0
geolife,user153,1612,670,uniform,1000,adaptive,1,443.0,227.0,443.0,372.8,0.0
geolife,user153,1612,670,uniform,1000,adaptive,2,343.0,100.0,343.0,267.55,0.0
geolife,user153,1612,670,uniform,1000,adaptive,3,221.0,50.0,269.0,181.55,0.0
geolife,user153,1612,670,uniform,1000,adaptive,4,219.0,41.0,226.0,140.475,0.0
geolife,user153,1612,670,uniform,1000,adaptive,5,127.0,26.0,218.0,123.775,0.0
geolife,user153,1612,670,uniform,1000,adaptive,6,119.5,23.600000000000005,217.0,118.9,0.0
geolife,user153,1612,670,uniform,1000,adaptive,7,114.5,22.600000000000005,217.0,116.65,0.0
geolife,user153,1612,670,uniform,1000,adaptive,8,110.0,22.600000000000005,217.0,114.8,0.025
geolife,user153,1612,670,uniform,1000,adaptive,9,107.0,22.600000000000005,217.0,113.575,0.025
geolife,user153,1612,670,uniform,1000,adaptive,10,104.5,22.600000000000005,217.0,112.6,0.025
geolife,user153,1612,670,uniform,1000,adaptive,11,103.0,22.600000000000005,217.0,112.075,0.025
geolife,user153,1612,670,uniform,1000,adaptive,12,101.5,22.600000000000005,217.0,111.55,0.025
geolife,user153,1612,670,uniform,1000,adaptive,13,47.0,9.500000000000002,217.0,107.275,0.025
geolife,user153,1612,670,uniform,1000,adaptive,14,47.0,9.500000000000002,217.0,106.8,0.025
geolife,user153,1612,670,uniform,1000,adaptive,15,43.0,4.800000000000001,217.0,102.725,0.05
geolife,user153,1612,670,uniform,1000,adaptive,16,43.0,4.800000000000001,217.0,102.45,0.05
geolife,user153,1612,670,uniform,1000,adaptive,17,43.0,4.800000000000001,217.0,102.2,0.05
geolife,user153,1612,670,uniform,1000,adaptive,18,43.0,4.800000000000001,217.0,101.95,0.05
geolife,user153,1612,670,uniform,1000,adaptive,19,43.0,4.800000000000001,217.0,101.7,0.05
geolife,user153,1612,670,uniform,1000,adaptive,20,43.0,4.800000000000001,217.0,101.575,0.05
geolife,user153,1612,670,uniform,1000,adaptive,21,43.0,4.800000000000001,217.0,101.45,0.05
geolife,user153,1612,670,uniform,1000,adaptive,22,43.0,4.800000000000001,217.0,101.325,0.05
geolife,user153,1612,670,uniform,1000,adaptive,23,39.0,1.9000000000000004,217.0,94.5,0.1
geolife,user153,1612,670,uniform,1000,adaptive,24,39.0,1.9000000000000004,217.0,94.425,0.1
geolife,user153,1612,670,uniform,1000,adaptive,25,39.0,1.9000000000000004,217.0,94.35,0.1
geolife,user153,1612,670,uniform,1000,adaptive,26,39.0,1.9000000000000004,217.0,94.275,0.1
geolife,user153,1612,670,uniform,1000,adaptive,27,39.0,1.9000000000000004,217.0,94.275,0.1
geolife,user153,1612,670,uniform,1000,adaptive,28,39.0,1.9000000000000004,217.0,94.275,0.1
geolife,user153,1612,670,uniform,1000,adaptive,29,39.0,1.9000000000000004,217.0,94.275,0.1
geolife,user153,1612,670,uniform,1000,adaptive,30,39.0,1.9000000000000004,217.0,94.275,0.1
geolife,user153,1612,670,uniform,1000,adaptive,31,39.0,1.9000000000000004,217.0,94.275,0.1
geolife,user153,1612,670,uniform,1000,adaptive,32,39.0,1.9000000000000004,217.0,94.275,0.1
geolife,user153,1612,670,uniform,1000,adaptive,33,39.0,1.9000000000000004,217.0,94.275,0.1
geolife,user153,1612,670,uniform,1000,adaptive,34,39.0,1.9000000000000004,217.0,94.275,0.1
geolife,user153,1612,670,uniform,1000,adaptive,35,39.0,1.9000000000000004,217.0,94.275,0.1
geolife,user153,1612,670,uniform,1000,adaptive,36,39.0,1.9000000000000004,217.0,94.275,0.1
geolife,user153,1612,670,uniform,1000,adaptive,37,39.0,1.9000000000000004,217.0,94.275,0.1
geolife,user153,1612,670,uniform,1000,adaptive,38,39.0,1.9000000000000004,217.0,94.275,0.1
geolife,user153,1612,670,uniform,1000,adaptive,39,39.0,1.9000000000000004,217.0,94.275,0.1
geolife,user153,1612,670,uniform,1000,adaptive,40,39.0,1.9000000000000004,217.0,94.275,0.1
geolife,user163,623,276,popular,250,random,0,276.0,276.0,276.0,276.0,0.0
geolife,user163,623,276,popular,250,random,1,276.0,273.7,276.0,268.525,0.0
geolife,user163,623,276,popular,250,random,2,276.0,174.1,276.0,254.025,0.0
geolife,user163,623,276,popular,250,random,3,276.0,116.80000000000001,276.0,236.85,0.0
geolife,user163,623,276,popular,250,random,4,268.5,96.6,276.0,225.6,0.0
geolife,user163,623,276,popular,250,random,5,265.0,92.0,276.0,215.55,0.0
geolife,user163,623,276,popular,250,random,6,260.5,92.0,276.0,210.975,0.0
geolife,user163,623,276,popular,250,random,7,248.5,83.0,276.0,204.9,0.0
geolife,user163,623,276,popular,250,random,8,248.5,83.0,275.1,201.75,0.0
geolife,user163,623,276,popular,250,random,9,227.0,83.0,275.0,194.05,0.0
geolife,user163,623,276,popular,250,random,10,200.0,83.0,275.0,188.75,0.0
geolife,user163,623,276,popular,250,random,11,180.0,82.6,275.0,184.05,0.0
geolife,user163,623,276,popular,250,random,12,171.0,80.8,274.1,179.2,0.0
geolife,user163,623,276,popular,250,random,13,171.0,79.0,274.0,178.925,0.0
geolife,user163,623,276,popular,250,random,14,165.5,78.2,274.0,172.975,0.0
geolife,user163,623,276,popular,250,random,15,165.5,78.2,274.0,172.775,0.0
geolife,user163,623,276,popular,250,random,16,165.5,78.2,273.1,168.05,0.0
geolife,user163,623,276,popular,250,random,17,163.0,77.10000000000001,270.4,163.425,0.0
geolife,user163,623,276,popular,250,random,18,157.0,52.50000000000001,269.1,155.625,0.0
geolife,user163,623,276,popular,250,random,19,149.5,52.50000000000001,265.3,150.425,0.0
geolife,user163,623,276,popular,250,random,20,147.5,40.8,265.3,147.2,0.0
geolife,user163,623,276,popular,250,random,21,142.0,40.8,265.3,144.475,0.0
geolife,user163,623,276,popular,250,random,22,121.5,37.7,260.5,137.65,0.0
geolife,user163,623,276,popular,250,random,23,120.0,25.200000000000003,260.5,130.0,0.0
geolife,user163,623,276,popular,250,random,24,116.5,17.000000000000004,260.5,125.55,0.0
geolife,user163,623,276,popular,250,random,25,110.0,9.8,260.3,122.15,0.0
geolife,user163,623,276,popular,250,random,26,110.0,9.8,260.3,120.075,0.0
geolife,user163,623,276,popular,250,random,27,94.0,9.8,260.0,109.95,0.0
geolife,user163,623,276,popular,250,random,28,92.0,7.700000000000001,260.0,106.525,0.0
geolife,user163,623,276,popular,250,random,29,86.5,7.700000000000001,259.1,103.625,0.0
geolife,user163,623,276,popular,250,random,30,86.5,7.700000000000001,258.1,102.8,0.0
geolife,user163,623,276,popular,250,random,31,79.0,7.700000000000001,241.8,97.85,0.0
geolife,user163,623,276,popular,250,random,32,59.0,7.700000000000001,241.8,89.75,0.0
geolife,user163,623,276,popular,250,random,33,59.0,7.700000000000001,241.8,88.4,0.0
geolife,user163,623,276,popular,250,random,34,55.5,7.700000000000001,241.8,86.475,0.0
geolife,user163,623,276,popular,250,random,35,55.0,7.700000000000001,241.8,85.025,0.0
geolife,user163,623,276,popular,250,random,36,55.0,7.700000000000001,166.20000000000005,73.475,0.0
geolife,user163,623,276,popular,250,random,37,55.0,7.700000000000001,166.20000000000005,73.125,0.0
geolife,user163,623,276,popular,250,random,38,49.5,6.800000000000001,141.40000000000003,68.35,0.0
geolife,user163,623,276,popular,250,random,39,43.5,5.0,116.2,61.975,0.025
geolife,user163,623,276,popular,250,random,40,42.5,5.0,116.2,61.55,0.025
geolife,user163,623,276,popular,250,adaptive,0,276.0,276.0,276.0,276.0,0.0
geolife,user163,623,276,popular,250,adaptive,1,141.0,135.0,141.0,138.6,0.0
geolife,user163,623,276,popular,250,adaptive,2,67.0,67.0,74.0,68.8,0.0
geolife,user163,623,276,popular,250,adaptive,3,35.0,32.0,43.0,35.55,0.0
geolife,user163,623,276,popular,250,adaptive,4,17.0,12.8,22.200000000000017,18.225,0.0
geolife,user163,623,276,popular,250,adaptive,5,9.0,6.0,11.0,9.8,0.0
geolife,user163,623,276,popular,250,adaptive,6,4.0,4.0,7.0,5.875,0.025
geolife,user163,623,276,popular,250,adaptive,7,2.0,2.0,5.0,3.925,0.075
geolife,user163,623,276,popular,250,adaptive,8,1.0,1.0,4.0,2.875,0.775
geolife,user163,623,276,popular,250,adaptive,9,1.0,1.0,4.0,2.575,0.875
geolife,user163,623,276,popular,250,adaptive,10,1.0,1.0,4.0,2.5,0.875
geolife,user163,623,276,popular,250,adaptive,11,1.0,1.0,4.0,2.425,0.875
geolife,user163,623,276,popular,250,adaptive,12,1.0,1.0,1.3000000000000043,1.95,0.9
geolife,user163,623,276,popular,250,adaptive,13,1.0,1.0,1.3000000000000043,1.9,0.9
geolife,user163,623,276,popular,250,adaptive,14,1.0,1.0,1.3000000000000043,1.85,0.9
geolife,user163,623,276,popular,250,adaptive,15,1.0,1.0,1.3000000000000043,1.8,0.9
geolife,user163,623,276,popular,250,adaptive,16,1.0,1.0,1.3000000000000043,1.75,0.9
geolife,user163,623,276,popular,250,adaptive,17,1.0,1.0,1.3000000000000043,1.75,0.9
geolife,user163,623,276,popular,250,adaptive,18,1.0,1.0,1.3000000000000043,1.75,0.9
geolife,user163,623,276,popular,250,adaptive,19,1.0,1.0,1.3000000000000043,1.75,0.9
geolife,user163,623,276,popular,250,adaptive,20,1.0,1.0,1.3000000000000043,1.75,0.9
geolife,user163,623,276,popular,250,adaptive,21,1.0,1.0,1.3000000000000043,1.75,0.9
geolife,user163,623,276,popular,250,adaptive,22,1.0,1.0,1.3000000000000043,1.75,0.9
geolife,user163,623,276,popular,250,adaptive,23,1.0,1.0,1.3000000000000043,1.75,0.9
geolife,user163,623,276,popular,250,adaptive,24,1.0,1.0,1.3000000000000043,1.75,0.9
geolife,user163,623,276,popular,250,adaptive,25,1.0,1.0,1.3000000000000043,1.75,0.9
geolife,user163,623,276,popular,250,adaptive,26,1.0,1.0,1.3000000000000043,1.75,0.9
geolife,user163,623,276,popular,250,adaptive,27,1.0,1.0,1.3000000000000043,1.75,0.9
geolife,user163,623,276,popular,250,adaptive,28,1.0,1.0,1.3000000000000043,1.75,0.9
geolife,user163,623,276,popular,250,adaptive,29,1.0,1.0,1.3000000000000043,1.75,0.9
geolife,user163,623,276,popular,250,adaptive,30,1.0,1.0,1.3000000000000043,1.75,0.9
geolife,user163,623,276,popular,250,adaptive,31,1.0,1.0,1.3000000000000043,1.75,0.9
geolife,user163,623,276,popular,250,adaptive,32,1.0,1.0,1.3000000000000043,1.75,0.9
geolife,user163,623,276,popular,250,adaptive,33,1.0,1.0,1.3000000000000043,1.75,0.9
geolife,user163,623,276,popular,250,adaptive,34,1.0,1.0,1.3000000000000043,1.75,0.9
geolife,user163,623,276,popular,250,adaptive,35,1.0,1.0,1.3000000000000043,1.75,0.9
geolife,user163,623,276,popular,250,adaptive,36,1.0,1.0,1.3000000000000043,1.75,0.9
geolife,user163,623,276,popular,250,adaptive,37,1.0,1.0,1.3000000000000043,1.75,0.9
geolife,user163,623,276,popular,250,adaptive,38,1.0,1.0,1.3000000000000043,1.75,0.9
geolife,user163,623,276,popular,250,adaptive,39,1.0,1.0,1.3000000000000043,1.75,0.9
geolife,user163,623,276,popular,250,adaptive,40,1.0,1.0,1.3000000000000043,1.75,0.9
geolife,user163,623,276,uniform,250,random,0,276.0,276.0,276.0,276.0,0.0
geolife,user163,623,276,uniform,250,random,1,276.0,276.0,276.0,275.975,0.0
geolife,user163,623,276,uniform,250,random,2,276.0,275.9,276.0,275.55,0.0
geolife,user163,623,276,uniform,250,random,3,276.0,275.9,276.0,275.55,0.0
geolife,user163,623,276,uniform,250,random,4,276.0,275.0,276.0,275.45,0.0
geolife,user163,623,276,uniform,250,random,5,276.0,274.7,276.0,271.5,0.0
geolife,user163,623,276,uniform,250,random,6,276.0,274.7,276.0,271.5,0.0
geolife,user163,623,276,uniform,250,random,7,276.0,274.7,276.0,271.5,0.0
geolife,user163,623,276,uniform,250,random,8,276.0,274.7,276.0,271.5,0.0
geolife,user163,623,276,uniform,250,random,9,276.0,271.9,276.0,271.4,0.0
geolife,user163,623,276,uniform,250,random,10,276.0,270.8,276.0,271.15,0.0
geolife,user163,623,276,uniform,250,random,11,276.0,270.8,276.0,268.25,0.0
geolife,user163,623,276,uniform,250,random,12,276.0,270.8,276.0,268.25,0.0
geolife,user163,623,276,uniform,250,random,13,276.0,270.8,276.0,268.25,0.0
geolife,user163,623,276,uniform,250,random,14,276.0,270.8,276.0,268.25,0.0
geolife,user163,623,276,uniform,250,random,15,276.0,270.8,276.0,268.25,0.0
geolife,user163,623,276,uniform,250,random,16,276.0,268.9,276.0,268.075,0.0
geolife,user163,623,276,uniform,250,random,17,276.0,268.9,276.0,268.075,0.0
geolife,user163,623,276,uniform,250,random,18,276.0,268.9,276.0,268.075,0.0
geolife,user163,623,276,uniform,250,random,19,276.0,267.7,276.0,267.775,0.0
geolife,user163,623,276,uniform,250,random,20,276.0,267.7,276.0,267.5,0.0
geolife,user163,623,276,uniform,250,random,21,276.0,264.9,276.0,265.0,0.0
geolife,user163,623,276,uniform,250,random,22,276.0,263.7,276.0,264.775,0.0
geolife,user163,623,276,uniform,250,random,23,276.0,261.0,276.0,264.3,0.0
geolife,user163,623,276,uniform,250,random,24,276.0,261.0,276.0,264.3,0.0
geolife,user163,623,276,uniform,250,random,25,276.0,261.0,276.0,264.125,0.0
geolife,user163,623,276,uniform,250,random,26,276.0,261.0,276.0,264.075,0.0
geolife,user163,623,276,uniform,250,random,27,276.0,261.0,276.0,264.075,0.0
geolife,user163,623,276,uniform,250,random,28,275.0,261.0,276.0,263.525,0.0
geolife,user163,623,276,uniform,250,random,29,274.0,253.60000000000002,276.0,258.85,0.0
geolife,user163,623,276,uniform,250,random,30,273.5,253.60000000000002,276.0,258.55,0.0
geolife,user163,623,276,uniform,250,random,31,273.5,253.60000000000002,276.0,258.55,0.0
geolife,user163,623,276,uniform,250,random,32,273.0,153.0,276.0,248.625,0.0
geolife,user163,623,276,uniform,250,random,33,273.0,153.0,276.0,248.6,0.0
geolife,user163,623,276,uniform,250,random,34,273.0,153.0,276.0,248.575,0.0
geolife,user163,623,276,uniform,250,random,35,273.0,141.5,276.0,241.875,0.0
geolife,user163,623,276,uniform,250,random,36,273.0,141.5,276.0,241.875,0.0
geolife,user163,623,276,uniform,250,random,37,272.0,141.5,276.0,236.325,0.0
geolife,user163,623,276,uniform,250,random,38,272.0,118.8,276.0,232.475,0.0
geolife,user163,623,276,uniform,250,random,39,270.0,116.6,276.0,223.225,0.0
geolife,user163,623,276,uniform,250,random,40,267.5,116.6,276.0,221.0,0.0
geolife,user163,623,276,uniform,250,adaptive,0,276.0,276.0,276.0,276.0,0.0
geolife,user163,623,276,uniform,250,adaptive,1,157.0,119.0,157.0,139.9,0.0
geolife,user163,623,276,uniform,250,adaptive,2,72.0,47.0,138.0,94.375,0.0
geolife,user163,623,276,uniform,250,adaptive,3,54.0,17.0,126.0,78.7,0.0
geolife,user163,623,276,uniform,250,adaptive,4,52.0,10.9,116.0,66.275,0.0
geolife,user163,623,276,uniform,250,adaptive,5,50.0,8.9,108.0,57.35,0.025
geolife,user163,623,276,uniform,250,adaptive,6,49.0,4.0,104.0,55.225,0.05
geolife,user163,623,276,uniform,250,adaptive,7,48.0,3.8000000000000007,101.0,53.85,0.05
geolife,user163,623,276,uniform,250,adaptive,8,48.0,2.9000000000000004,98.0,50.35,0.05
geolife,user163,623,276,uniform,250,adaptive,9,48.0,2.9000000000000004,97.0,50.0,0.05
geolife,user163,623,276,uniform,250,adaptive,10,48.0,2.9000000000000004,96.0,49.65,0.05
geolife,user163,623,276,uniform,250,adaptive,11,48.0,2.9000000000000004,96.0,49.65,0.05
geolife,user163,623,276,uniform,250,adaptive,12,48.0,2.9000000000000004,96.0,49.65,0.05
geolife,user163,623,276,uniform,250,adaptive,13,48.0,2.9000000000000004,96.0,49.65,0.05
geolife,user163,623,276,uniform,250,adaptive,14,48.0,2.9000000000000004,96.0,49.65,0.05
geolife,user163,623,276,uniform,250,adaptive,15,48.0,2.9000000000000004,96.0,49.65,0.05
geolife,user163,623,276,uniform,250,adaptive,16,48.0,2.9000000000000004,96.0,49.65,0.05
geolife,user163,623,276,uniform,250,adaptive,17,48.0,2.9000000000000004,96.0,49.65,0.05
geolife,user163,623,276,uniform,250,adaptive,18,48.0,2.9000000000000004,96.0,49.65,0.05
geolife,user163,623,276,uniform,250,adaptive,19,48.0,2.9000000000000004,96.0,49.65,0.05
geolife,user163,623,276,uniform,250,adaptive,20,48.0,2.9000000000000004,96.0,49.65,0.05
geolife,user163,623,276,uniform,250,adaptive,21,48.0,2.9000000000000004,96.0,49.65,0.05
geolife,user163,623,276,uniform,250,adaptive,22,48.0,2.9000000000000004,96.0,49.65,0.05
geolife,user163,623,276,uniform,250,adaptive,23,48.0,2.9000000000000004,96.0,49.65,0.05
geolife,user163,623,276,uniform,250,adaptive,24,48.0,2.9000000000000004,96.0,49.65,0.05
geolife,user163,623,276,uniform,250,adaptive,25,48.0,2.9000000000000004,96.0,49.65,0.05
geolife,user163,623,276,uniform,250,adaptive,26,48.0,2.9000000000000004,96.0,49.65,0.05
geolife,user163,623,276,uniform,250,adaptive,27,48.0,2.9000000000000004,96.0,49.65,0.05
geolife,user163,623,276,uniform,250,adaptive,28,48.0,2.9000000000000004,96.0,49.65,0.05
geolife,user163,623,276,uniform,250,adaptive,29,48.0,2.9000000000000004,96.0,49.65,0.05
geolife,user163,623,276,uniform,250,adaptive,30,48.0,2.9000000000000004,96.0,49.65,0.05
geolife,user163,623,276,uniform,250,adaptive,31,48.0,2.9000000000000004,96.0,49.65,0.05
geolife,user163,623,276,uniform,250,adaptive,32,48.0,2.9000000000000004,96.0,49.65,0.05
geolife,user163,623,276,uniform,250,adaptive,33,48.0,2.9000000000000004,96.0,49.65,0.05
geolife,user163,623,276,uniform,250,adaptive,34,48.0,2.9000000000000004,96.0,49.65,0.05
geolife,user163,623,276,uniform,250,adaptive,35,48.0,2.9000000000000004,96.0,49.65,0.05
geolife,user163,623,276,uniform,250,adaptive,36,48.0,2.9000000000000004,96.0,49.65,0.05
geolife,user163,623,276,uniform,250,adaptive,37,48.0,2.9000000000000004,96.0,49.65,0.05
geolife,user163,623,276,uniform,250,adaptive,38,48.0,2.9000000000000004,96.0,49.65,0.05
geolife,user163,623,276,uniform,250,adaptive,39,48.0,2.9000000000000004,96.0,49.65,0.05
geolife,user163,623,276,uniform,250,adaptive,40,48.0,2.9000000000000004,96.0,49.65,0.05
geolife,user163,623,276,popular,500,random,0,276.0,276.0,276.0,276.0,0.0
geolife,user163,623,276,popular,500,random,1,276.0,252.9,276.0,262.6,0.0
geolife,user163,623,276,popular,500,random,2,275.0,149.70000000000002,276.0,247.925,0.0
geolife,user163,623,276,popular,500,random,3,268.0,120.80000000000001,276.0,223.65,0.0
geolife,user163,623,276,popular,500,random,4,258.5,96.90000000000002,276.0,209.8,0.0
geolife,user163,623,276,popular,500,random,5,258.0,94.10000000000002,276.0,206.65,0.0
geolife,user163,623,276,popular,500,random,6,225.5,86.90000000000002,276.0,194.275,0.0
geolife,user163,623,276,popular,500,random,7,195.0,65.30000000000001,275.0,186.525,0.0
geolife,user163,623,276,popular,500,random,8,195.0,31.6,275.0,183.475,0.0
geolife,user163,623,276,popular,500,random,9,192.0,26.800000000000004,275.0,174.35,0.0
geolife,user163,623,276,popular,500,random,10,171.0,25.000000000000004,274.1,161.85,0.0
geolife,user163,623,276,popular,500,random,11,171.0,16.0,271.0,156.15,0.0
geolife,user163,623,276,popular,500,random,12,171.0,15.100000000000003,261.1,153.125,0.0
geolife,user163,623,276,popular,500,random,13,163.0,15.100000000000003,260.3,150.175,0.0
geolife,user163,623,276,popular,500,random,14,163.0,13.300000000000002,260.3,147.175,0.0
geolife,user163,623,276,popular,500,random,15,133.0,13.300000000000002,255.5,134.2,0.0
geolife,user163,623,276,popular,500,random,16,132.0,13.300000000000002,255.0,129.725,0.0
geolife,user163,623,276,popular,500,random,17,129.5,13.300000000000002,246.0,123.55,0.0
geolife,user163,623,276,popular,500,random,18,112.5,11.500000000000002,244.1,112.875,0.0
geolife,user163,623,276,popular,500,random,19,98.0,11.500000000000002,237.70000000000002,108.875,0.0
geolife,user163,623,276,popular,500,random,20,91.5,11.500000000000002,208.80000000000007,105.55,0.0
geolife,user163,623,276,popular,500,random,21,86.0,11.500000000000002,205.0,102.4,0.0
geolife,user163,623,276,popular,500,random,22,86.0,11.500000000000002,205.0,99.95,0.0
geolife,user163,623,276,popular,500,random,23,86.0,11.500000000000002,205.0,98.8,0.0
geolife,user163,623,276,popular,500,random,24,76.5,11.500000000000002,197.8,91.675,0.0
geolife,user163,623,276,popular,500,random,25,70.0,10.600000000000001,197.5,86.775,0.0
geolife,user163,623,276,popular,500,random,26,67.0,10.600000000000001,197.5,83.0,0.025
geolife,user163,623,276,popular,500,random,27,67.0,10.600000000000001,187.60000000000002,82.55,0.025
geolife,user163,623,276,popular,500,random,28,61.0,10.600000000000001,187.60000000000002,81.325,0.025
geolife,user163,623,276,popular,500,random,29,60.5,10.600000000000001,177.9,78.275,0.025
geolife,user163,623,276,popular,500,random,30,59.5,7.0,177.9,75.6,0.025
geolife,user163,623,276,popular,500,random,31,59.5,7.0,158.10000000000002,72.9,0.025
geolife,user163,623,276,popular,500,random,32,57.0,6.9,158.10000000000002,72.2,0.025
geolife,user163,623,276,popular,500,random,33,54.0,5.700000000000001,158.10000000000002,70.35,0.025
geolife,user163,623,276,popular,500,random,34,51.5,5.700000000000001,147.9,67.35,0.025
geolife,user163,623,276,popular,500,random,35,51.5,5.700000000000001,147.9,67.075,0.025
geolife,user163,623,276,popular,500,random,36,51.5,5.700000000000001,139.8,65.9,0.025
geolife,user163,623,276,popular,500,random,37,43.5,5.700000000000001,139.8,63.275,0.025
geolife,user163,623,276,popular,500,random,38,43.5,3.9000000000000004,139.8,63.025,0.025
geolife,user163,623,276,popular,500,random,39,43.5,3.9000000000000004,139.8,61.775,0.025
geolife,user163,623,276,popular,500,random,40,43.5,3.9000000000000004,139.8,60.075,0.025
geolife,user163,623,276,popular,500,adaptive,0,276.0,276.0,276.0,276.0,0.0
geolife,user163,623,276,popular,500,adaptive,1,141.0,135.0,141.0,138.45,0.0
geolife,user163,623,276,popular,500,adaptive,2,69.0,63.0,72.0,69.075,0.0
geolife,user163,623,276,popular,500,adaptive,3,35.0,31.0,45.0,35.65,0.0
geolife,user163,623,276,popular,500,adaptive,4,17.0,13.9,36.0,18.975,0.0
geolife,user163,623,276,popular,500,adaptive,5,9.0,7.0,10.300000000000004,10.05,0.0
geolife,user163,623,276,popular,500,adaptive,6,4.5,3.0,6.0,5.325,0.05
geolife,user163,623,276,popular,500,adaptive,7,2.0,1.0,4.0,3.275,0.175
geolife,user163,623,276,popular,500,adaptive,8,1.0,1.0,3.0,2.25,0.725
geolife,user163,623,276,popular,500,adaptive,9,1.0,1.0,2.1000000000000014,1.925,0.875
geolife,user163,623,276,popular,500,adaptive,10,1.0,1.0,1.1000000000000014,1.825,0.9
geolife,user163,623,276,popular,500,adaptive,11,1.0,1.0,1.1000000000000014,1.775,0.9
geolife,user163,623,276,popular,500,adaptive,12,1.0,1.0,1.0,1.4,0.925
geolife,user163,623,276,popular,500,adaptive,13,1.0,1.0,1.0,1.375,0.925
geolife,user163,623,276,popular,500,adaptive,14,1.0,1.0,1.0,1.35,0.925
geolife,user163,623,276,popular,500,adaptive,15,1.0,1.0,1.0,1.35,0.925
geolife,user163,623,276,popular,500,adaptive,16,1.0,1.0,1.0,1.35,0.925
geolife,user163,623,276,popular,500,adaptive,17,1.0,1.0,1.0,1.35,0.925
geolife,user163,623,276,popular,500,adaptive,18,1.0,1.0,1.0,1.35,0.925
geolife,user163,623,276,popular,500,adaptive,19,1.0,1.0,1.0,1.35,0.925
geolife,user163,623,276,popular,500,adaptive,20,1.0,1.0,1.0,1.35,0.925
geolife,user163,623,276,popular,500,adaptive,21,1.0,1.0,1.0,1.35,0.925
geolife,user163,623,276,popular,500,adaptive,22,1.0,1.0,1.0,1.35,0.925
geolife,user163,623,276,popular,500,adaptive,23,1.0,1.0,1.0,1.35,0.925
geolife,user163,623,276,popular,500,adaptive,24,1.0,1.0,1.0,1.35,0.925
geolife,user163,623,276,popular,500,adaptive,25,1.0,1.0,1.0,1.35,0.925
geolife,user163,623,276,popular,500,adaptive,26,1.0,1.0,1.0,1.35,0.925
geolife,user163,623,276,popular,500,adaptive,27,1.0,1.0,1.0,1.35,0.925
geolife,user163,623,276,popular,500,adaptive,28,1.0,1.0,1.0,1.35,0.925
geolife,user163,623,276,popular,500,adaptive,29,1.0,1.0,1.0,1.35,0.925
geolife,user163,623,276,popular,500,adaptive,30,1.0,1.0,1.0,1.35,0.925
geolife,user163,623,276,popular,500,adaptive,31,1.0,1.0,1.0,1.35,0.925
geolife,user163,623,276,popular,500,adaptive,32,1.0,1.0,1.0,1.35,0.925
geolife,user163,623,276,popular,500,adaptive,33,1.0,1.0,1.0,1.35,0.925
geolife,user163,623,276,popular,500,adaptive,34,1.0,1.0,1.0,1.35,0.925
geolife,user163,623,276,popular,500,adaptive,35,1.0,1.0,1.0,1.35,0.925
geolife,user163,623,276,popular,500,adaptive,36,1.0,1.0,1.0,1.35,0.925
geolife,user163,623,276,popular,500,adaptive,37,1.0,1.0,1.0,1.35,0.925
geolife,user163,623,276,popular,500,adaptive,38,1.0,1.0,1.0,1.35,0.925
geolife,user163,623,276,popular,500,adaptive,39,1.0,1.0,1.0,1.35,0.925
geolife,user163,623,276,popular,500,adaptive,40,1.0,1.0,1.0,1.35,0.925
geolife,user163,623,276,uniform,500,random,0,276.0,276.0,276.0,276.0,0.0
geolife,user163,623,276,uniform,500,random,1,276.0,276.0,276.0,272.125,0.0
geolife,user163,623,276,uniform,500,random,2,276.0,275.8,276.0,271.9,0.0
geolife,user163,623,276,uniform,500,random,3,276.0,272.9,276.0,271.7,0.0
geolife,user163,623,276,uniform,500,random,4,276.0,272.9,276.0,271.675,0.0
geolife,user163,623,276,uniform,500,random,5,276.0,272.0,276.0,271.3,0.0
geolife,user163,623,276,uniform,500,random,6,276.0,272.0,276.0,271.125,0.0
geolife,user163,623,276,uniform,500,random,7,276.0,271.9,276.0,271.025,0.0
geolife,user163,623,276,uniform,500,random,8,276.0,271.9,276.0,270.725,0.0
geolife,user163,623,276,uniform,500,random,9,275.5,271.9,276.0,270.625,0.0
geolife,user163,623,276,uniform,500,random,10,275.0,271.0,276.0,266.425,0.0
geolife,user163,623,276,uniform,500,random,11,274.5,270.4,276.0,265.825,0.0
geolife,user163,623,276,uniform,500,random,12,274.0,265.9,276.0,265.45,0.0
geolife,user163,623,276,uniform,500,random,13,274.0,265.9,276.0,265.35,0.0
geolife,user163,623,276,uniform,500,random,14,274.0,265.9,276.0,265.2,0.0
geolife,user163,623,276,uniform,500,random,15,274.0,265.9,276.0,262.05,0.0
geolife,user163,623,276,uniform,500,random,16,274.0,265.9,276.0,262.05,0.0
geolife,user163,623,276,uniform,500,random,17,273.5,253.40000000000003,276.0,258.975,0.0
geolife,user163,623,276,uniform,500,random,18,273.0,164.4,276.0,249.375,0.025
geolife,user163,623,276,uniform,500,random,19,273.0,163.5,276.0,246.025,0.025
geolife,user163,623,276,uniform,500,random,20,272.0,137.9,275.0,234.0,0.025
geolife,user163,623,276,uniform,500,random,21,272.0,137.9,275.0,233.875,0.025
geolife,user163,623,276,uniform,500,random,22,272.0,137.9,275.0,233.775,0.025
geolife,user163,623,276,uniform,500,random,23,271.5,137.9,275.0,233.475,0.025
geolife,user163,623,276,uniform,500,random,24,271.0,110.0,275.0,229.1,0.025
geolife,user163,623,276,uniform,500,random,25,271.0,110.0,275.0,225.3,0.025
geolife,user163,623,276,uniform,500,random,26,271.0,110.0,275.0,225.3,0.025
geolife,user163,623,276,uniform,500,random,27,270.0,110.0,275.0,225.0,0.025
geolife,user163,623,276,uniform,500,random,28,270.0,110.0,274.1,224.95,0.025
geolife,user163,623,276,uniform,500,random,29,267.5,109.4,274.1,220.75,0.025
geolife,user163,623,276,uniform,500,random,30,267.5,109.4,274.1,220.725,0.025
geolife,user163,623,276,uniform,500,random,31,267.5,108.5,274.1,220.675,0.025
geolife,user163,623,276,uniform,500,random,32,265.0,108.5,274.1,214.825,0.025
geolife,user163,623,276,uniform,500,random,33,265.0,108.5,274.1,214.825,0.025
geolife,user163,623,276,uniform,500,random,34,265.0,108.5,274.0,214.775,0.025
geolife,user163,623,276,uniform,500,random,35,265.0,108.5,274.0,214.775,0.025
geolife,user163,623,276,uniform,500,random,36,264.5,103.9,274.0,210.375,0.025
geolife,user163,623,276,uniform,500,random,37,264.0,103.9,274.0,210.35,0.025
geolife,user163,623,276,uniform,500,random,38,264.0,103.0,274.0,208.875,0.025
geolife,user163,623,276,uniform,500,random,39,263.5,102.4,274.0,208.225,0.025
geolife,user163,623,276,uniform,500,random,40,263.5,102.4,274.0,208.225,0.025
geolife,user163,623,276,uniform,500,adaptive,0,276.0,276.0,276.0,276.0,0.0
geolife,user163,623,276,uniform,500,adaptive,1,123.0,123.0,153.0,137.25,0.0
geolife,user163,623,276,uniform,500,adaptive,2,75.0,48.0,89.0,73.9,0.0
geolife,user163,623,276,uniform,500,adaptive,3,42.0,33.0,81.0,48.625,0.0
geolife,user163,623,276,uniform,500,adaptive,4,31.5,10.600000000000001,78.0,39.775,0.0
geolife,user163,623,276,uniform,500,adaptive,5,27.0,2.0,75.0,31.875,0.0
geolife,user163,623,276,uniform,500,adaptive,6,26.0,1.0,73.0,30.85,0.125
geolife,user163,623,276,uniform,500,adaptive,7,25.0,1.0,72.0,28.6,0.15
geolife,user163,623,276,uniform,500,adaptive,8,25.0,1.0,71.0,28.35,0.15
geolife,user163,623,276,uniform,500,adaptive,9,25.0,1.0,70.0,28.1,0.2
geolife,user163,623,276,uniform,500,adaptive,10,25.0,1.0,70.0,28.1,0.2
geolife,user163,623,276,uniform,500,adaptive,11,25.0,1.0,70.0,28.1,0.2
geolife,user163,623,276,uniform,500,adaptive,12,25.0,1.0,70.0,28.1,0.2
geolife,user163,623,276,uniform,500,adaptive,13,25.0,1.0,70.0,28.1,0.2
geolife,user163,623,276,uniform,500,adaptive,14,25.0,1.0,70.0,28.1,0.2
geolife,user163,623,276,uniform,500,adaptive,15,25.0,1.0,70.0,28.1,0.2
geolife,user163,623,276,uniform,500,adaptive,16,25.0,1.0,70.0,28.1,0.2
geolife,user163,623,276,uniform,500,adaptive,17,25.0,1.0,70.0,28.1,0.2
geolife,user163,623,276,uniform,500,adaptive,18,25.0,1.0,70.0,28.1,0.2
geolife,user163,623,276,uniform,500,adaptive,19,25.0,1.0,70.0,28.1,0.2
geolife,user163,623,276,uniform,500,adaptive,20,25.0,1.0,70.0,28.1,0.2
geolife,user163,623,276,uniform,500,adaptive,21,25.0,1.0,70.0,28.1,0.2
geolife,user163,623,276,uniform,500,adaptive,22,25.0,1.0,70.0,28.1,0.2
geolife,user163,623,276,uniform,500,adaptive,23,25.0,1.0,70.0,28.1,0.2
geolife,user163,623,276,uniform,500,adaptive,24,25.0,1.0,70.0,28.1,0.2
geolife,user163,623,276,uniform,500,adaptive,25,25.0,1.0,70.0,28.1,0.2
geolife,user163,623,276,uniform,500,adaptive,26,25.0,1.0,70.0,28.1,0.2
geolife,user163,623,276,uniform,500,adaptive,27,25.0,1.0,70.0,28.1,0.2
geolife,user163,623,276,uniform,500,adaptive,28,25.0,1.0,70.0,28.1,0.2
geolife,user163,623,276,uniform,500,adaptive,29,25.0,1.0,70.0,28.1,0.2
geolife,user163,623,276,uniform,500,adaptive,30,25.0,1.0,70.0,28.1,0.2
geolife,user163,623,276,uniform,500,adaptive,31,25.0,1.0,70.0,28.1,0.2
geolife,user163,623,276,uniform,500,adaptive,32,25.0,1.0,70.0,28.1,0.2
geolife,user163,623,276,uniform,500,adaptive,33,25.0,1.0,70.0,28.1,0.2
geolife,user163,623,276,uniform,500,adaptive,34,25.0,1.0,70.0,28.1,0.2
geolife,user163,623,276,uniform,500,adaptive,35,25.0,1.0,70.0,28.1,0.2
geolife,user163,623,276,uniform,500,adaptive,36,25.0,1.0,70.0,28.1,0.2
geolife,user163,623,276,uniform,500,adaptive,37,25.0,1.0,70.0,28.1,0.2
geolife,user163,623,276,uniform,500,adaptive,38,25.0,1.0,70.0,28.1,0.2
geolife,user163,623,276,uniform,500,adaptive,39,25.0,1.0,70.0,28.1,0.2
geolife,user163,623,276,uniform,500,adaptive,40,25.0,1.0,70.0,28.1,0.2
geolife,user163,623,276,popular,1000,random,0,276.0,276.0,276.0,276.0,0.0
geolife,user163,623,276,popular,1000,random,1,276.0,175.9,276.0,245.0,0.0
geolife,user163,623,276,popular,1000,random,2,276.0,136.4,276.0,238.95,0.0
geolife,user163,623,276,popular,1000,random,3,275.0,96.5,276.0,226.7,0.0
geolife,user163,623,276,popular,1000,random,4,265.0,92.0,276.0,217.95,0.0
geolife,user163,623,276,popular,1000,random,5,238.5,92.0,276.0,211.15,0.0
geolife,user163,623,276,popular,1000,random,6,214.0,87.2,276.0,197.15,0.0
geolife,user163,623,276,popular,1000,random,7,184.0,85.30000000000001,273.2,183.775,0.0
geolife,user163,623,276,popular,1000,random,8,179.5,50.400000000000006,273.0,173.2,0.0
geolife,user163,623,276,popular,1000,random,9,179.0,35.1,264.0,163.9,0.0
geolife,user163,623,276,popular,1000,random,10,177.5,35.1,262.2,161.15,0.0
geolife,user163,623,276,popular,1000,random,11,175.0,35.1,247.60000000000002,152.425,0.0
geolife,user163,623,276,popular,1000,random,12,158.0,35.1,236.70000000000002,140.75,0.0
geolife,user163,623,276,popular,1000,random,13,151.5,35.1,220.70000000000002,132.675,0.0
geolife,user163,623,276,popular,1000,random,14,147.5,27.300000000000004,206.5,124.375,0.0
geolife,user163,623,276,popular,1000,random,15,137.0,27.300000000000004,179.2,118.925,0.0
geolife,user163,623,276,popular,1000,random,16,133.0,20.5,179.0,115.8,0.0
geolife,user163,623,276,popular,1000,random,17,133.0,15.8,178.1,114.125,0.0
geolife,user163,623,276,popular,1000,random,18,105.0,15.8,175.3,108.325,0.0
geolife,user163,623,276,popular,1000,random,19,100.0,15.8,174.1,104.425,0.0
geolife,user163,623,276,popular,1000,random,20,100.0,15.8,174.1,102.675,0.025
geolife,user163,623,276,popular,1000,random,21,91.5,15.8,174.1,99.85,0.025
geolife,user163,623,276,popular,1000,random,22,91.5,15.8,173.2,98.6,0.025
geolife,user163,623,276,popular,1000,random,23,81.5,15.8,173.2,94.325,0.025
geolife,user163,623,276,popular,1000,random,24,81.5,15.8,173.1,93.05,0.025
geolife,user163,623,276,popular,1000,random,25,78.5,15.8,165.8,90.9,0.025
geolife,user163,623,276,popular,1000,random,26,78.5,15.8,165.8,90.475,0.025
geolife,user163,623,276,popular,1000,random,27,78.0,15.8,165.8,88.475,0.025
geolife,user163,623,276,popular,1000,random,28,71.5,15.8,165.8,85.2,0.025
geolife,user163,623,276,popular,1000,random,29,67.5,15.8,164.1,81.875,0.025
geolife,user163,623,276,popular,1000,random,30,67.5,15.8,163.1,81.425,0.025
geolife,user163,623,276,popular,1000,random,31,67.5,15.8,163.1,79.7,0.025
geolife,user163,623,276,popular,1000,random,32,67.5,15.8,163.1,79.7,0.025
geolife,user163,623,276,popular,1000,random,33,67.5,15.8,155.8,78.925,0.025
geolife,user163,623,276,popular,1000,random,34,63.5,15.8,155.0,76.925,0.025
geolife,user163,623,276,popular,1000,random,35,63.5,15.8,153.2,76.25,0.025
geolife,user163,623,276,popular,1000,random,36,63.5,13.700000000000001,153.2,74.725,0.05
geolife,user163,623,276,popular,1000,random,37,63.5,13.700000000000001,153.2,73.6,0.05
geolife,user163,623,276,popular,1000,random,38,63.5,13.700000000000001,151.1,73.0,0.05
geolife,user163,623,276,popular,1000,random,39,61.5,13.700000000000001,151.1,71.175,0.05
geolife,user163,623,276,popular,1000,random,40,56.0,13.700000000000001,151.1,68.975,0.05
geolife,user163,623,276,popular,1000,adaptive,0,276.0,276.0,276.0,276.0,0.0
geolife,user163,623,276,popular,1000,adaptive,1,139.0,137.0,139.0,138.05,0.0
geolife,user163,623,276,popular,1000,adaptive,2,69.0,65.0,74.0,69.375,0.0
geolife,user163,623,276,popular,1000,adaptive,3,35.0,30.0,40.0,34.85,0.0
geolife,user163,623,276,popular,1000,adaptive,4,16.0,14.8,27.0,18.325,0.0
geolife,user163,623,276,popular,1000,adaptive,5,8.0,6.0,20.0,9.675,0.0
geolife,user163,623,276,popular,1000,adaptive,6,4.0,3.0,17.0,6.025,0.0
geolife,user163,623,276,popular,1000,adaptive,7,3.0,1.9000000000000004,8.600000000000009,4.15,0.1
geolife,user163,623,276,popular,1000,adaptive,8,2.0,1.0,7.500000000000007,3.45,0.35
geolife,user163,623,276,popular,1000,adaptive,9,2.0,1.0,7.300000000000004,3.125,0.425
geolife,user163,623,276,popular,1000,adaptive,10,2.0,1.0,6.100000000000001,2.575,0.475
geolife,user163,623,276,popular,1000,adaptive,11,2.0,1.0,6.100000000000001,2.525,0.475
geolife,user163,623,276,popular,1000,adaptive,12,2.0,1.0,6.100000000000001,2.5,0.475
geolife,user163,623,276,popular,1000,adaptive,13,2.0,1.0,6.100000000000001,2.475,0.475
geolife,user163,623,276,popular,1000,adaptive,14,2.0,1.0,6.100000000000001,2.475,0.475
geolife,user163,623,276,popular,1000,adaptive,15,2.0,1.0,6.100000000000001,2.475,0.475
geolife,user163,623,276,popular,1000,adaptive,16,2.0,1.0,6.100000000000001,2.475,0.475
geolife,user163,623,276,popular,1000,adaptive,17,2.0,1.0,6.100000000000001,2.475,0.475
geolife,user163,623,276,popular,1000,adaptive,18,2.0,1.0,6.100000000000001,2.475,0.475
geolife,user163,623,276,popular,1000,adaptive,19,2.0,1.0,6.100000000000001,2.475,0.475
geolife,user163,623,276,popular,1000,adaptive,20,2.0,1.0,6.100000000000001,2.475,0.475
geolife,user163,623,276,popular,1000,adaptive,21,2.0,1.0,6.100000000000001,2.475,0.475
geolife,user163,623,276,popular,1000,adaptive,22,2.0,1.0,6.100000000000001,2.475,0.475
geolife,user163,623,276,popular,1000,adaptive,23,2.0,1.0,6.100000000000001,2.475,0.475
geolife,user163,623,276,popular,1000,adaptive,24,2.0,1.0,6.100000000000001,2.475,0.475
geolife,user163,623,276,popular,1000,adaptive,25,2.0,1.0,6.100000000000001,2.475,0.475
geolife,user163,623,276,popular,1000,adaptive,26,2.0,1.0,6.100000000000001,2.475,0.475
geolife,user163,623,276,popular,1000,adaptive,27,2.0,1.0,6.100000000000001,2.475,0.475
geolife,user163,623,276,popular,1000,adaptive,28,2.0,1.0,6.100000000000001,2.475,0.475
geolife,user163,623,276,popular,1000,adaptive,29,2.0,1.0,6.100000000000001,2.475,0.475
geolife,user163,623,276,popular,1000,adaptive,30,2.0,1.0,6.100000000000001,2.475,0.475
geolife,user163,623,276,popular,1000,adaptive,31,2.0,1.0,6.100000000000001,2.475,0.475
geolife,user163,623,276,popular,1000,adaptive,32,2.0,1.0,6.100000000000001,2.475,0.475
geolife,user163,623,276,popular,1000,adaptive,33,2.0,1.0,6.100000000000001,2.475,0.475
geolife,user163,623,276,popular,1000,adaptive,34,2.0,1.0,6.100000000000001,2.475,0.475
geolife,user163,623,276,popular,1000,adaptive,35,2.0,1.0,6.100000000000001,2.475,0.475
geolife,user163,623,276,popular,1000,adaptive,36,2.0,1.0,6.100000000000001,2.475,0.475
geolife,user163,623,276,popular,1000,adaptive,37,2.0,1.0,6.100000000000001,2.475,0.475
geolife,user163,623,276,popular,1000,adaptive,38,2.0,1.0,6.100000000000001,2.475,0.475
geolife,user163,623,276,popular,1000,adaptive,39,2.0,1.0,6.100000000000001,2.475,0.475
geolife,user163,623,276,popular,1000,adaptive,40,2.0,1.0,6.100000000000001,2.475,0.475
geolife,user163,623,276,uniform,1000,random,0,276.0,276.0,276.0,276.0,0.0
geolife,user163,623,276,uniform,1000,random,1,276.0,275.0,276.0,275.675,0.0
geolife,user163,623,276,uniform,1000,random,2,276.0,273.0,276.0,275.35,0.0
geolife,user163,623,276,uniform,1000,random,3,276.0,272.0,276.0,274.45,0.0
geolife,user163,623,276,uniform,1000,random,4,276.0,270.0,276.0,269.6,0.0
geolife,user163,623,276,uniform,1000,random,5,275.0,270.0,276.0,269.35,0.0
geolife,user163,623,276,uniform,1000,random,6,275.0,269.7,276.0,268.95,0.0
geolife,user163,623,276,uniform,1000,random,7,275.0,268.8,276.0,268.875,0.0
geolife,user163,623,276,uniform,1000,random,8,274.5,266.9,276.0,268.35,0.0
geolife,user163,623,276,uniform,1000,random,9,274.0,266.9,276.0,268.175,0.0
geolife,user163,623,276,uniform,1000,random,10,274.0,266.9,276.0,268.05,0.0
geolife,user163,623,276,uniform,1000,random,11,273.5,265.1,276.0,266.575,0.0
geolife,user163,623,276,uniform,1000,random,12,273.0,261.5,276.0,265.925,0.0
geolife,user163,623,276,uniform,1000,random,13,272.0,256.9,276.0,265.175,0.0
geolife,user163,623,276,uniform,1000,random,14,272.0,256.2,276.0,264.9,0.0
geolife,user163,623,276,uniform,1000,random,15,272.0,256.2,276.0,264.875,0.0
geolife,user163,623,276,uniform,1000,random,16,272.0,256.2,276.0,264.375,0.0
geolife,user163,623,276,uniform,1000,random,17,272.0,256.2,276.0,264.3,0.0
geolife,user163,623,276,uniform,1000,random,18,272.0,250.8,276.0,263.55,0.0
geolife,user163,623,276,uniform,1000,random,19,272.0,248.5,275.1,261.75,0.0
geolife,user163,623,276,uniform,1000,random,20,271.0,248.4,275.0,261.375,0.0
geolife,user163,623,276,uniform,1000,random,21,271.0,248.4,274.1,260.975,0.0
geolife,user163,623,276,uniform,1000,random,22,269.5,248.4,274.0,260.4,0.0
geolife,user163,623,276,uniform,1000,random,23,269.0,248.4,274.0,260.35,0.0
geolife,user163,623,276,uniform,1000,random,24,269.0,248.4,274.0,260.325,0.0
geolife,user163,623,276,uniform,1000,random,25,269.0,248.4,274.0,260.2,0.0
geolife,user163,623,276,uniform,1000,random,26,269.0,248.4,274.0,260.075,0.0
geolife,user163,623,276,uniform,1000,random,27,269.0,248.4,274.0,259.6,0.0
geolife,user163,623,276,uniform,1000,random,28,269.0,248.4,274.0,259.25,0.0
geolife,user163,623,276,uniform,1000,random,29,269.0,248.4,274.0,259.125,0.0
geolife,user163,623,276,uniform,1000,random,30,269.0,248.4,274.0,259.075,0.0
geolife,user163,623,276,uniform,1000,random,31,269.0,248.4,274.0,258.7,0.0
geolife,user163,623,276,uniform,1000,random,32,268.0,248.4,273.1,258.525,0.0
geolife,user163,623,276,uniform,1000,random,33,267.5,240.20000000000002,273.0,251.925,0.025
geolife,user163,623,276,uniform,1000,random,34,267.5,240.20000000000002,272.1,251.7,0.025
geolife,user163,623,276,uniform,1000,random,35,267.5,240.20000000000002,272.1,251.575,0.025
geolife,user163,623,276,uniform,1000,random,36,267.5,240.20000000000002,272.1,251.325,0.025
geolife,user163,623,276,uniform,1000,random,37,266.5,240.20000000000002,272.1,251.025,0.025
geolife,user163,623,276,uniform,1000,random,38,266.5,240.20000000000002,272.1,250.85,0.025
geolife,user163,623,276,uniform,1000,random,39,266.0,237.5,272.0,250.225,0.025
geolife,user163,623,276,uniform,1000,random,40,266.0,237.5,272.0,250.125,0.025
geolife,user163,623,276,uniform,1000,adaptive,0,276.0,276.0,276.0,276.0,0.0
geolife,user163,623,276,uniform,1000,adaptive,1,184.0,92.0,184.0,154.1,0.0
geolife,user163,623,276,uniform,1000,adaptive,2,144.0,40.0,144.0,107.35,0.0
geolife,user163,623,276,uniform,1000,adaptive,3,129.0,14.400000000000002,129.0,88.6,0.0
geolife,user163,623,276,uniform,1000,adaptive,4,63.0,6.0,123.0,76.45,0.0
geolife,user163,623,276,uniform,1000,adaptive,5,58.0,2.9000000000000004,120.0,72.325,0.025
geolife,user163,623,276,uniform,1000,adaptive,6,54.0,1.0,118.0,70.425,0.125
geolife,user163,623,276,uniform,1000,adaptive,7,52.0,1.0,116.0,69.1,0.15
geolife,user163,623,276,uniform,1000,adaptive,8,50.0,1.0,115.0,68.275,0.15
geolife,user163,623,276,uniform,1000,adaptive,9,49.0,1.0,114.0,67.625,0.15
geolife,user163,623,276,uniform,1000,adaptive,10,48.0,1.0,113.0,66.975,0.15
geolife,user163,623,276,uniform,1000,adaptive,11,47.0,1.0,112.0,66.325,0.15
geolife,user163,623,276,uniform,1000,adaptive,12,46.0,1.0,112.0,66.15,0.15
geolife,user163,623,276,uniform,1000,adaptive,13,45.0,1.0,112.0,65.975,0.15
geolife,user163,623,276,uniform,1000,adaptive,14,44.0,1.0,112.0,65.8,0.15
geolife,user163,623,276,uniform,1000,adaptive,15,43.0,1.0,112.0,65.625,0.15
geolife,user163,623,276,uniform,1000,adaptive,16,43.0,1.0,112.0,65.625,0.15
geolife,user163,623,276,uniform,1000,adaptive,17,43.0,1.0,112.0,65.625,0.15
geolife,user163,623,276,uniform,1000,adaptive,18,43.0,1.0,112.0,65.625,0.15
geolife,user163,623,276,uniform,1000,adaptive,19,43.0,1.0,112.0,65.625,0.15
geolife,user163,623,276,uniform,1000,adaptive,20,43.0,1.0,112.0,65.625,0.15
geolife,user163,623,276,uniform,1000,adaptive,21,43.0,1.0,112.0,65.625,0.15
geolife,user163,623,276,uniform,1000,adaptive,22,43.0,1.0,112.0,65.625,0.15
geolife,user163,623,276,uniform,1000,adaptive,23,43.0,1.0,112.0,65.625,0.15
geolife,user163,623,276,uniform,1000,adaptive,24,43.0,1.0,112.0,65.625,0.15
geolife,user163,623,276,uniform,1000,adaptive,25,43.0,1.0,112.0,65.625,0.15
geolife,user163,623,276,uniform,1000,adaptive,26,43.0,1.0,112.0,65.625,0.15
geolife,user163,623,276,uniform,1000,adaptive,27,43.0,1.0,112.0,65.625,0.15
geolife,user163,623,276,uniform,1000,adaptive,28,43.0,1.0,112.0,65.625,0.15
geolife,user163,623,276,uniform,1000,adaptive,29,43.0,1.0,112.0,65.625,0.15
geolife,user163,623,276,uniform,1000,adaptive,30,43.0,1.0,112.0,65.625,0.15
geolife,user163,623,276,uniform,1000,adaptive,31,43.0,1.0,112.0,65.625,0.15
geolife,user163,623,276,uniform,1000,adaptive,32,43.0,1.0,112.0,65.625,0.15
geolife,user163,623,276,uniform,1000,adaptive,33,43.0,1.0,112.0,65.625,0.15
geolife,user163,623,276,uniform,1000,adaptive,34,43.0,1.0,112.0,65.625,0.15
geolife,user163,623,276,uniform,1000,adaptive,35,43.0,1.0,112.0,65.625,0.15
geolife,user163,623,276,uniform,1000,adaptive,36,43.0,1.0,112.0,65.625,0.15
geolife,user163,623,276,uniform,1000,adaptive,37,43.0,1.0,112.0,65.625,0.15
geolife,user163,623,276,uniform,1000,adaptive,38,43.0,1.0,112.0,65.625,0.15
geolife,user163,623,276,uniform,1000,adaptive,39,43.0,1.0,112.0,65.625,0.15
geolife,user163,623,276,uniform,1000,adaptive,40,43.0,1.0,112.0,65.625,0.15
geolife,user025,266,136,popular,250,random,0,136.0,136.0,136.0,136.0,0.0
geolife,user025,266,136,popular,250,random,1,136.0,131.1,136.0,132.65,0.0
geolife,user025,266,136,popular,250,random,2,136.0,122.7,136.0,130.1,0.0
geolife,user025,266,136,popular,250,random,3,136.0,108.40000000000002,136.0,122.975,0.0
geolife,user025,266,136,popular,250,random,4,136.0,108.40000000000002,136.0,122.6,0.0
geolife,user025,266,136,popular,250,random,5,136.0,94.00000000000001,136.0,121.6,0.0
geolife,user025,266,136,popular,250,random,6,136.0,62.5,136.0,118.75,0.0
geolife,user025,266,136,popular,250,random,7,136.0,62.5,136.0,118.725,0.0
geolife,user025,266,136,popular,250,random,8,135.0,62.5,136.0,117.625,0.0
geolife,user025,266,136,popular,250,random,9,135.0,55.50000000000001,136.0,113.375,0.0
geolife,user025,266,136,popular,250,random,10,134.0,55.50000000000001,136.0,112.2,0.0
geolife,user025,266,136,popular,250,random,11,134.0,55.50000000000001,136.0,112.1,0.0
geolife,user025,266,136,popular,250,random,12,134.0,55.50000000000001,136.0,111.6,0.0
geolife,user025,266,136,popular,250,random,13,133.0,43.800000000000004,136.0,108.575,0.0
geolife,user025,266,136,popular,250,random,14,130.0,43.800000000000004,136.0,107.275,0.0
geolife,user025,266,136,popular,250,random,15,127.0,42.900000000000006,136.0,104.55,0.0
geolife,user025,266,136,popular,250,random,16,127.0,42.900000000000006,136.0,104.125,0.0
geolife,user025,266,136,popular,250,random,17,127.0,42.900000000000006,136.0,103.675,0.0
geolife,user025,266,136,popular,250,random,18,125.0,42.900000000000006,136.0,102.25,0.0
geolife,user025,266,136,popular,250,random,19,125.0,32.5,136.0,100.75,0.0
geolife,user025,266,136,popular,250,random,20,124.0,32.5,136.0,98.45,0.0
geolife,user025,266,136,popular,250,random,21,124.0,32.5,136.0,98.3,0.0
geolife,user025,266,136,popular,250,random,22,122.5,27.8,136.0,94.175,0.0
geolife,user025,266,136,popular,250,random,23,112.5,25.700000000000003,135.1,92.175,0.0
geolife,user025,266,136,popular,250,random,24,105.5,25.700000000000003,135.1,90.575,0.0
geolife,user025,266,136,popular,250,random,25,101.0,22.300000000000004,135.1,87.425,0.0
geolife,user025,266,136,popular,250,random,26,90.0,22.300000000000004,135.0,81.15,0.0
geolife,user025,266,136,popular,250,random,27,83.0,22.300000000000004,135.0,79.0,0.0
geolife,user025,266,136,popular,250,random,28,83.0,15.200000000000003,135.0,78.3,0.0
geolife,user025,266,136,popular,250,random,29,83.0,15.200000000000003,135.0,78.3,0.0
geolife,user025,266,136,popular,250,random,30,74.5,15.200000000000003,135.0,76.35,0.0
geolife,user025,266,136,popular,250,random,31,66.0,15.200000000000003,135.0,73.975,0.0
geolife,user025,266,136,popular,250,random,32,66.0,15.200000000000003,133.2,73.575,0.0
geolife,user025,266,136,popular,250,random,33,66.0,11.600000000000001,133.2,73.3,0.0
geolife,user025,266,136,popular,250,random,34,61.5,11.600000000000001,133.2,71.375,0.0
geolife,user025,266,136,popular,250,random,35,61.0,11.600000000000001,133.2,71.35,0.0
geolife,user025,266,136,popular,250,random,36,61.0,11.600000000000001,133.2,68.325,0.0
geolife,user025,266,136,popular,250,random,37,61.0,11.600000000000001,133.2,66.325,0.0
geolife,user025,266,136,popular,250,random,38,61.0,10.700000000000001,133.2,66.175,0.0
geolife,user025,266,136,popular,250,random,39,60.5,10.700000000000001,133.0,65.15,0.0
geolife,user025,266,136,popular,250,random,40,60.5,10.700000000000001,131.1,64.075,0.0
geolife,user025,266,136,popular,250,adaptive,0,136.0,136.0,136.0,136.0,0.0
geolife,user025,266,136,popular,250,adaptive,1,76.0,60.0,76.0,68.8,0.0
geolife,user025,266,136,popular,250,adaptive,2,34.0,29.0,42.0,35.1,0.0
geolife,user025,266,136,popular,250,adaptive,3,16.0,13.0,34.0,21.175,0.0
geolife,user025,266,136,popular,250,adaptive,4,8.0,5.9,29.0,13.275,0.0
geolife,user025,266,136,popular,250,adaptive,5,4.0,3.0,25.0,8.75,0.0
geolife,user025,266,136,popular,250,adaptive,6,2.0,1.0,23.0,6.775,0.125
geolife,user025,266,136,popular,250,adaptive,7,1.0,1.0,21.0,5.775,0.6
geolife,user025,266,136,popular,250,adaptive,8,1.0,1.0,19.0,5.275,0.625
geolife,user025,266,136,popular,250,adaptive,9,1.0,1.0,17.0,4.05,0.625
geolife,user025,266,136,popular,250,adaptive,10,1.0,1.0,15.0,3.325,0.675
geolife,user025,266,136,popular,250,adaptive,11,1.0,1.0,14.0,3.175,0.675
geolife,user025,266,136,popular,250,adaptive,12,1.0,1.0,14.0,3.175,0.675
geolife,user025,266,136,popular,250,adaptive,13,1.0,1.0,14.0,3.175,0.675
geolife,user025,266,136,popular,250,adaptive,14,1.0,1.0,14.0,3.175,0.675
geolife,user025,266,136,popular,250,adaptive,15,1.0,1.0,14.0,3.175,0.675
geolife,user025,266,136,popular,250,adaptive,16,1.0,1.0,14.0,3.175,0.675
geolife,user025,266,136,popular,250,adaptive,17,1.0,1.0,14.0,3.175,0.675
geolife,user025,266,136,popular,250,adaptive,18,1.0,1.0,14.0,3.175,0.675
geolife,user025,266,136,popular,250,adaptive,19,1.0,1.0,14.0,3.175,0.675
geolife,user025,266,136,popular,250,adaptive,20,1.0,1.0,14.0,3.175,0.675
geolife,user025,266,136,popular,250,adaptive,21,1.0,1.0,14.0,3.175,0.675
geolife,user025,266,136,popular,250,adaptive,22,1.0,1.0,14.0,3.175,0.675
geolife,user025,266,136,popular,250,adaptive,23,1.0,1.0,14.0,3.175,0.675
geolife,user025,266,136,popular,250,adaptive,24,1.0,1.0,14.0,3.175,0.675
geolife,user025,266,136,popular,250,adaptive,25,1.0,1.0,14.0,3.175,0.675
geolife,user025,266,136,popular,250,adaptive,26,1.0,1.0,14.0,3.175,0.675
geolife,user025,266,136,popular,250,adaptive,27,1.0,1.0,14.0,3.175,0.675
geolife,user025,266,136,popular,250,adaptive,28,1.0,1.0,14.0,3.175,0.675
geolife,user025,266,136,popular,250,adaptive,29,1.0,1.0,14.0,3.175,0.675
geolife,user025,266,136,popular,250,adaptive,30,1.0,1.0,14.0,3.175,0.675
geolife,user025,266,136,popular,250,adaptive,31,1.0,1.0,14.0,3.175,0.675
geolife,user025,266,136,popular,250,adaptive,32,1.0,1.0,14.0,3.175,0.675
geolife,user025,266,136,popular,250,adaptive,33,1.0,1.0,14.0,3.175,0.675
geolife,user025,266,136,popular,250,adaptive,34,1.0,1.0,14.0,3.175,0.675
geolife,user025,266,136,popular,250,adaptive,35,1.0,1.0,14.0,3.175,0.675
geolife,user025,266,136,popular,250,adaptive,36,1.0,1.0,14.0,3.175,0.675
geolife,user025,266,136,popular,250,adaptive,37,1.0,1.0,14.0,3.175,0.675
geolife,user025,266,136,popular,250,adaptive,38,1.0,1.0,14.0,3.175,0.675
geolife,user025,266,136,popular,250,adaptive,39,1.0,1.0,14.0,3.175,0.675
geolife,user025,266,136,popular,250,adaptive,40,1.0,1.0,14.0,3.175,0.675
geolife,user025,266,136,uniform,250,random,0,136.0,136.0,136.0,136.0,0.0
geolife,user025,266,136,uniform,250,random,1,136.0,136.0,136.0,135.95,0.0
geolife,user025,266,136,uniform,250,random,2,136.0,136.0,136.0,135.95,0.0
geolife,user025,266,136,uniform,250,random,3,136.0,136.0,136.0,133.225,0.0
geolife,user025,266,136,uniform,250,random,4,136.0,136.0,136.0,133.225,0.0
geolife,user025,266,136,uniform,250,random,5,136.0,135.9,136.0,133.175,0.0
geolife,user025,266,136,uniform,250,random,6,136.0,135.0,136.0,133.125,0.0
geolife,user025,266,136,uniform,250,random,7,136.0,135.0,136.0,133.125,0.0
geolife,user025,266,136,uniform,250,random,8,136.0,135.0,136.0,133.125,0.0
geolife,user025,266,136,uniform,250,random,9,136.0,134.0,136.0,132.325,0.0
geolife,user025,266,136,uniform,250,random,10,136.0,134.0,136.0,132.325,0.0
geolife,user025,266,136,uniform,250,random,11,136.0,134.0,136.0,132.3,0.0
geolife,user025,266,136,uniform,250,random,12,136.0,134.0,136.0,132.3,0.0
geolife,user025,266,136,uniform,250,random,13,136.0,134.0,136.0,132.3,0.0
geolife,user025,266,136,uniform,250,random,14,136.0,134.0,136.0,132.3,0.0
geolife,user025,266,136,uniform,250,random,15,136.0,134.0,136.0,132.25,0.0
geolife,user025,266,136,uniform,250,random,16,136.0,134.0,136.0,132.25,0.0
geolife,user025,266,136,uniform,250,random,17,136.0,134.0,136.0,132.2,0.0
geolife,user025,266,136,uniform,250,random,18,136.0,134.0,136.0,132.2,0.0
geolife,user025,266,136,uniform,250,random,19,136.0,134.0,136.0,132.2,0.0
geolife,user025,266,136,uniform,250,random,20,136.0,134.0,136.0,132.175,0.0
geolife,user025,266,136,uniform,250,random,21,136.0,134.0,136.0,132.175,0.0
geolife,user025,266,136,uniform,250,random,22,136.0,134.0,136.0,132.175,0.0
geolife,user025,266,136,uniform,250,random,23,136.0,134.0,136.0,132.175,0.0
geolife,user025,266,136,uniform,250,random,24,136.0,134.0,136.0,132.15,0.0
geolife,user025,266,136,uniform,250,random,25,136.0,134.0,136.0,132.125,0.0
geolife,user025,266,136,uniform,250,random,26,136.0,133.9,136.0,132.1,0.0
geolife,user025,266,136,uniform,250,random,27,136.0,133.9,136.0,132.1,0.0
geolife,user025,266,136,uniform,250,random,28,136.0,133.9,136.0,132.1,0.0
geolife,user025,266,136,uniform,250,random,29,136.0,133.9,136.0,132.1,0.0
geolife,user025,266,136,uniform,250,random,30,136.0,133.0,136.0,132.0,0.0
geolife,user025,266,136,uniform,250,random,31,136.0,133.0,136.0,132.0,0.0
geolife,user025,266,136,uniform,250,random,32,136.0,133.0,136.0,131.9,0.0
geolife,user025,266,136,uniform,250,random,33,136.0,133.0,136.0,131.825,0.0
geolife,user025,266,136,uniform,250,random,34,136.0,133.0,136.0,131.825,0.0
geolife,user025,266,136,uniform,250,random,35,135.5,133.0,136.0,131.75,0.0
geolife,user025,266,136,uniform,250,random,36,135.0,133.0,136.0,131.075,0.0
geolife,user025,266,136,uniform,250,random,37,135.0,133.0,136.0,131.05,0.0
geolife,user025,266,136,uniform,250,random,38,135.0,133.0,136.0,131.0,0.0
geolife,user025,266,136,uniform,250,random,39,135.0,133.0,136.0,131.0,0.0
geolife,user025,266,136,uniform,250,random,40,135.0,133.0,136.0,130.95,0.0
geolife,user025,266,136,uniform,250,adaptive,0,136.0,136.0,136.0,136.0,0.0
geolife,user025,266,136,uniform,250,adaptive,1,109.0,27.0,109.0,92.6,0.0
geolife,user025,266,136,uniform,250,adaptive,2,106.0,26.0,106.0,84.85,0.0
geolife,user025,266,136,uniform,250,adaptive,3,104.0,25.0,104.0,83.15,0.0
geolife,user025,266,136,uniform,250,adaptive,4,103.0,24.0,103.0,82.2,0.0
geolife,user025,266,136,uniform,250,adaptive,5,102.0,23.0,102.0,81.25,0.0
geolife,user025,266,136,uniform,250,adaptive,6,101.0,23.0,101.0,80.5,0.0
geolife,user025,266,136,uniform,250,adaptive,7,101.0,23.0,101.0,80.5,0.0
geolife,user025,266,136,uniform,250,adaptive,8,101.0,23.0,101.0,80.5,0.0
geolife,user025,266,136,uniform,250,adaptive,9,101.0,23.0,101.0,80.5,0.0
geolife,user025,266,136,uniform,250,adaptive,10,101.0,23.0,101.0,80.5,0.0
geolife,user025,266,136,uniform,250,adaptive,11,101.0,23.0,101.0,80.5,0.0
geolife,user025,266,136,uniform,250,adaptive,12,101.0,23.0,101.0,80.5,0.0
geolife,user025,266,136,uniform,250,adaptive,13,101.0,23.0,101.0,80.5,0.0
geolife,user025,266,136,uniform,250,adaptive,14,101.0,23.0,101.0,80.5,0.0
geolife,user025,266,136,uniform,250,adaptive,15,101.0,23.0,101.0,80.5,0.0
geolife,user025,266,136,uniform,250,adaptive,16,101.0,23.0,101.0,80.5,0.0
geolife,user025,266,136,uniform,250,adaptive,17,101.0,23.0,101.0,80.5,0.0
geolife,user025,266,136,uniform,250,adaptive,18,101.0,23.0,101.0,80.5,0.0
geolife,user025,266,136,uniform,250,adaptive,19,101.0,23.0,101.0,80.5,0.0
geolife,user025,266,136,uniform,250,adaptive,20,101.0,23.0,101.0,80.5,0.0
geolife,user025,266,136,uniform,250,adaptive,21,101.0,23.0,101.0,80.5,0.0
geolife,user025,266,136,uniform,250,adaptive,22,101.0,23.0,101.0,80.5,0.0
geolife,user025,266,136,uniform,250,adaptive,23,101.0,23.0,101.0,80.5,0.0
geolife,user025,266,136,uniform,250,adaptive,24,101.0,23.0,101.0,80.5,0.0
geolife,user025,266,136,uniform,250,adaptive,25,101.0,23.0,101.0,80.5,0.0
geolife,user025,266,136,uniform,250,adaptive,26,101.0,23.0,101.0,80.5,0.0
geolife,user025,266,136,uniform,250,adaptive,27,101.0,23.0,101.0,80.5,0.0
geolife,user025,266,136,uniform,250,adaptive,28,101.0,23.0,101.0,80.5,0.0
geolife,user025,266,136,uniform,250,adaptive,29,101.0,23.0,101.0,80.5,0.0
geolife,user025,266,136,uniform,250,adaptive,30,101.0,23.0,101.0,80.5,0.0
geolife,user025,266,136,uniform,250,adaptive,31,101.0,23.0,101.0,80.5,0.0
geolife,user025,266,136,uniform,250,adaptive,32,101.0,23.0,101.0,80.5,0.0
geolife,user025,266,136,uniform,250,adaptive,33,101.0,23.0,101.0,80.5,0.0
geolife,user025,266,136,uniform,250,adaptive,34,101.0,23.0,101.0,80.5,0.0
geolife,user025,266,136,uniform,250,adaptive,35,101.0,23.0,101.0,80.5,0.0
geolife,user025,266,136,uniform,250,adaptive,36,101.0,23.0,101.0,80.5,0.0
geolife,user025,266,136,uniform,250,adaptive,37,101.0,23.0,101.0,80.5,0.0
geolife,user025,266,136,uniform,250,adaptive,38,101.0,23.0,101.0,80.5,0.0
geolife,user025,266,136,uniform,250,adaptive,39,101.0,23.0,101.0,80.5,0.0
geolife,user025,266,136,uniform,250,adaptive,40,101.0,23.0,101.0,80.5,0.0
geolife,user025,266,136,popular,500,random,0,136.0,136.0,136.0,136.0,0.0
geolife,user025,266,136,popular,500,random,1,136.0,131.70000000000002,136.0,130.75,0.0
geolife,user025,266,136,popular,500,random,2,136.0,95.2,136.0,127.4,0.0
geolife,user025,266,136,popular,500,random,3,136.0,91.60000000000001,136.0,123.5,0.0
geolife,user025,266,136,popular,500,random,4,134.0,76.8,136.0,114.75,0.0
geolife,user025,266,136,popular,500,random,5,133.5,65.3,136.0,113.375,0.0
geolife,user025,266,136,popular,500,random,6,133.0,59.0,136.0,109.8,0.0
geolife,user025,266,136,popular,500,random,7,128.5,56.400000000000006,136.0,107.25,0.0
geolife,user025,266,136,popular,500,random,8,122.0,56.400000000000006,136.0,105.15,0.0
geolife,user025,266,136,popular,500,random,9,122.0,50.2,136.0,103.7,0.0
geolife,user025,266,136,popular,500,random,10,120.0,50.2,136.0,102.9,0.0
geolife,user025,266,136,popular,500,random,11,120.0,39.400000000000006,136.0,98.675,0.0
geolife,user025,266,136,popular,500,random,12,118.5,22.400000000000002,136.0,94.0,0.0
geolife,user025,266,136,popular,500,random,13,118.5,21.5,136.0,92.45,0.0
geolife,user025,266,136,popular,500,random,14,110.0,21.5,136.0,90.85,0.0
geolife,user025,266,136,popular,500,random,15,98.5,21.5,136.0,89.4,0.0
geolife,user025,266,136,popular,500,random,16,93.5,16.5,136.0,85.375,0.0
geolife,user025,266,136,popular,500,random,17,93.5,16.5,136.0,84.975,0.0
geolife,user025,266,136,popular,500,random,18,93.5,16.5,136.0,84.95,0.0
geolife,user025,266,136,popular,500,random,19,93.5,16.5,136.0,84.15,0.0
geolife,user025,266,136,popular,500,random,20,83.5,14.700000000000001,136.0,78.5,0.0
geolife,user025,266,136,popular,500,random,21,83.5,14.700000000000001,136.0,78.4,0.0
geolife,user025,266,136,popular,500,random,22,83.5,11.9,135.1,78.125,0.0
geolife,user025,266,136,popular,500,random,23,79.0,11.9,134.0,74.85,0.0
geolife,user025,266,136,popular,500,random,24,73.5,11.9,131.3,71.975,0.0
geolife,user025,266,136,popular,500,random,25,59.0,11.0,130.1,66.5,0.0
geolife,user025,266,136,popular,500,random,26,57.5,11.0,130.1,66.025,0.0
geolife,user025,266,136,popular,500,random,27,57.5,11.0,130.1,63.875,0.0
geolife,user025,266,136,popular,500,random,28,57.5,10.8,130.1,60.625,0.0
geolife,user025,266,136,popular,500,random,29,57.5,10.8,130.1,59.45,0.0
geolife,user025,266,136,popular,500,random,30,56.5,10.8,129.2,59.375,0.0
geolife,user025,266,136,popular,500,random,31,54.0,10.8,120.00000000000001,57.1,0.0
geolife,user025,266,136,popular,500,random,32,49.5,8.600000000000001,117.2,55.2,0.0
geolife,user025,266,136,popular,500,random,33,47.0,8.600000000000001,117.2,55.025,0.0
geolife,user025,266,136,popular,500,random,34,47.0,5.0,115.4,54.725,0.0
geolife,user025,266,136,popular,500,random,35,47.0,5.0,115.4,54.7,0.0
geolife,user025,266,136,popular,500,random,36,47.0,5.0,115.4,54.5,0.0
geolife,user025,266,136,popular,500,random,37,47.0,5.0,113.60000000000001,51.675,0.0
geolife,user025,266,136,popular,500,random,38,44.0,5.0,113.60000000000001,50.5,0.0
geolife,user025,266,136,popular,500,random,39,43.5,5.0,113.60000000000001,50.45,0.0
geolife,user025,266,136,popular,500,random,40,36.0,5.0,113.60000000000001,49.525,0.0
geolife,user025,266,136,popular,500,adaptive,0,136.0,136.0,136.0,136.0,0.0
geolife,user025,266,136,popular,500,adaptive,1,71.0,65.0,71.0,68.15,0.0
geolife,user025,266,136,popular,500,adaptive,2,35.0,31.0,36.0,34.275,0.0
geolife,user025,266,136,popular,500,adaptive,3,17.5,13.0,21.0,17.65,0.0
geolife,user025,266,136,popular,500,adaptive,4,9.0,7.0,13.0,9.55,0.0
geolife,user025,266,136,popular,500,adaptive,5,5.0,3.0,11.0,5.4,0.0
geolife,user025,266,136,popular,500,adaptive,6,3.0,1.0,9.0,3.625,0.15
geolife,user025,266,136,popular,500,adaptive,7,2.0,1.0,8.0,2.9,0.4
geolife,user025,266,136,popular,500,adaptive,8,1.5,1.0,7.0,2.6,0.5
geolife,user025,266,136,popular,500,adaptive,9,1.0,1.0,6.0,2.425,0.55
geolife,user025,266,136,popular,500,adaptive,10,1.0,1.0,5.0,2.2,0.575
geolife,user025,266,136,popular,500,adaptive,11,1.0,1.0,4.100000000000001,2.1,0.575
geolife,user025,266,136,popular,500,adaptive,12,1.0,1.0,4.100000000000001,2.1,0.575
geolife,user025,266,136,popular,500,adaptive,13,1.0,1.0,4.100000000000001,2.1,0.575
geolife,user025,266,136,popular,500,adaptive,14,1.0,1.0,4.100000000000001,2.1,0.575
geolife,user025,266,136,popular,500,adaptive,15,1.0,1.0,4.100000000000001,2.1,0.575
geolife,user025,266,136,popular,500,adaptive,16,1.0,1.0,4.100000000000001,2.1,0.575
geolife,user025,266,136,popular,500,adaptive,17,1.0,1.0,4.100000000000001,2.1,0.575
geolife,user025,266,136,popular,500,adaptive,18,1.0,1.0,4.100000000000001,2.1,0.575
geolife,user025,266,136,popular,500,adaptive,19,1.0,1.0,4.100000000000001,2.1,0.575
geolife,user025,266,136,popular,500,adaptive,20,1.0,1.0,4.100000000000001,2.1,0.575
geolife,user025,266,136,popular,500,adaptive,21,1.0,1.0,4.100000000000001,2.1,0.575
geolife,user025,266,136,popular,500,adaptive,22,1.0,1.0,4.100000000000001,2.1,0.575
geolife,user025,266,136,popular,500,adaptive,23,1.0,1.0,4.100000000000001,2.1,0.575
geolife,user025,266,136,popular,500,adaptive,24,1.0,1.0,4.100000000000001,2.1,0.575
geolife,user025,266,136,popular,500,adaptive,25,1.0,1.0,4.100000000000001,2.1,0.575
geolife,user025,266,136,popular,500,adaptive,26,1.0,1.0,4.100000000000001,2.1,0.575
geolife,user025,266,136,popular,500,adaptive,27,1.0,1.0,4.100000000000001,2.1,0.575
geolife,user025,266,136,popular,500,adaptive,28,1.0,1.0,4.100000000000001,2.1,0.575
geolife,user025,266,136,popular,500,adaptive,29,1.0,1.0,4.100000000000001,2.1,0.575
geolife,user025,266,136,popular,500,adaptive,30,1.0,1.0,4.100000000000001,2.1,0.575
geolife,user025,266,136,popular,500,adaptive,31,1.0,1.0,4.100000000000001,2.1,0.575
geolife,user025,266,136,popular,500,adaptive,32,1.0,1.0,4.100000000000001,2.1,0.575
geolife,user025,266,136,popular,500,adaptive,33,1.0,1.0,4.100000000000001,2.1,0.575
geolife,user025,266,136,popular,500,adaptive,34,1.0,1.0,4.100000000000001,2.1,0.575
geolife,user025,266,136,popular,500,adaptive,35,1.0,1.0,4.100000000000001,2.1,0.575
geolife,user025,266,136,popular,500,adaptive,36,1.0,1.0,4.100000000000001,2.1,0.575
geolife,user025,266,136,popular,500,adaptive,37,1.0,1.0,4.100000000000001,2.1,0.575
geolife,user025,266,136,popular,500,adaptive,38,1.0,1.0,4.100000000000001,2.1,0.575
geolife,user025,266,136,popular,500,adaptive,39,1.0,1.0,4.100000000000001,2.1,0.575
geolife,user025,266,136,popular,500,adaptive,40,1.0,1.0,4.100000000000001,2.1,0.575
geolife,user025,266,136,uniform,500,random,0,136.0,136.0,136.0,136.0,0.0
geolife,user025,266,136,uniform,500,random,1,136.0,136.0,136.0,135.925,0.0
geolife,user025,266,136,uniform,500,random,2,136.0,136.0,136.0,135.9,0.0
geolife,user025,266,136,uniform,500,random,3,136.0,135.9,136.0,134.95,0.0
geolife,user025,266,136,uniform,500,random,4,136.0,135.0,136.0,134.9,0.0
geolife,user025,266,136,uniform,500,random,5,136.0,134.9,136.0,134.8,0.0
geolife,user025,266,136,uniform,500,random,6,136.0,134.9,136.0,134.7,0.0
geolife,user025,266,136,uniform,500,random,7,136.0,134.0,136.0,134.65,0.0
geolife,user025,266,136,uniform,500,random,8,136.0,133.9,136.0,134.525,0.0
geolife,user025,266,136,uniform,500,random,9,136.0,133.9,136.0,134.525,0.0
geolife,user025,266,136,uniform,500,random,10,136.0,133.0,136.0,134.4,0.0
geolife,user025,266,136,uniform,500,random,11,136.0,133.0,136.0,134.35,0.0
geolife,user025,266,136,uniform,500,random,12,136.0,132.0,136.0,132.025,0.0
geolife,user025,266,136,uniform,500,random,13,136.0,131.9,136.0,131.975,0.0
geolife,user025,266,136,uniform,500,random,14,136.0,131.9,136.0,131.9,0.0
geolife,user025,266,136,uniform,500,random,15,135.5,131.9,136.0,131.65,0.0
geolife,user025,266,136,uniform,500,random,16,135.5,131.9,136.0,131.65,0.0
geolife,user025,266,136,uniform,500,random,17,135.5,131.9,136.0,131.625,0.0
geolife,user025,266,136,uniform,500,random,18,135.0,131.9,136.0,131.6,0.0
geolife,user025,266,136,uniform,500,random,19,135.0,131.9,136.0,131.475,0.0
geolife,user025,266,136,uniform,500,random,20,135.0,130.8,136.0,128.15,0.025
geolife,user025,266,136,uniform,500,random,21,135.0,130.8,136.0,128.125,0.025
geolife,user025,266,136,uniform,500,random,22,135.0,126.00000000000001,136.0,127.2,0.025
geolife,user025,266,136,uniform,500,random,23,135.0,125.10000000000001,136.0,126.975,0.025
geolife,user025,266,136,uniform,500,random,24,135.0,99.0,136.0,124.4,0.025
geolife,user025,266,136,uniform,500,random,25,134.5,99.0,136.0,124.325,0.025
geolife,user025,266,136,uniform,500,random,26,134.0,98.9,136.0,124.2,0.025
geolife,user025,266,136,uniform,500,random,27,134.0,98.9,136.0,124.125,0.025
geolife,user025,266,136,uniform,500,random,28,134.0,98.9,136.0,123.7,0.025
geolife,user025,266,136,uniform,500,random,29,134.0,98.9,136.0,123.675,0.025
geolife,user025,266,136,uniform,500,random,30,133.5,98.9,136.0,123.575,0.025
geolife,user025,266,136,uniform,500,random,31,133.0,98.9,136.0,123.45,0.025
geolife,user025,266,136,uniform,500,random,32,133.0,98.0,136.0,123.3,0.025
geolife,user025,266,136,uniform,500,random,33,133.0,98.0,136.0,123.25,0.025
geolife,user025,266,136,uniform,500,random,34,133.0,98.0,136.0,123.15,0.025
geolife,user025,266,136,uniform,500,random,35,133.0,98.0,136.0,123.15,0.025
geolife,user025,266,136,uniform,500,random,36,133.0,97.2,136.0,122.95,0.025
geolife,user025,266,136,uniform,500,random,37,133.0,97.2,136.0,122.95,0.025
geolife,user025,266,136,uniform,500,random,38,133.0,97.2,136.0,122.9,0.025
geolife,user025,266,136,uniform,500,random,39,133.0,97.2,136.0,122.725,0.025
geolife,user025,266,136,uniform,500,random,40,133.0,97.2,136.0,122.725,0.025
geolife,user025,266,136,uniform,500,adaptive,0,136.0,136.0,136.0,136.0,0.0
geolife,user025,266,136,uniform,500,adaptive,1,71.0,65.0,71.0,68.15,0.0
geolife,user025,266,136,uniform,500,adaptive,2,35.0,30.0,66.0,47.225,0.0
geolife,user025,266,136,uniform,500,adaptive,3,33.0,10.0,62.0,41.625,0.0
geolife,user025,266,136,uniform,500,adaptive,4,32.0,3.0,60.0,38.95,0.05
geolife,user025,266,136,uniform,500,adaptive,5,31.0,2.0,58.0,36.85,0.075
geolife,user025,266,136,uniform,500,adaptive,6,30.0,2.0,56.0,35.6,0.075
geolife,user025,266,136,uniform,500,adaptive,7,30.0,2.0,54.0,34.65,0.075
geolife,user025,266,136,uniform,500,adaptive,8,30.0,2.0,53.0,34.175,0.075
geolife,user025,266,136,uniform,500,adaptive,9,30.0,1.9000000000000004,52.0,32.425,0.1
geolife,user025,266,136,uniform,500,adaptive,10,30.0,1.9000000000000004,51.0,31.975,0.1
geolife,user025,266,136,uniform,500,adaptive,11,30.0,1.9000000000000004,50.0,31.525,0.1
geolife,user025,266,136,uniform,500,adaptive,12,30.0,1.9000000000000004,50.0,31.525,0.1
geolife,user025,266,136,uniform,500,adaptive,13,30.0,1.9000000000000004,50.0,31.525,0.1
geolife,user025,266,136,uniform,500,adaptive,14,30.0,1.9000000000000004,50.0,31.525,0.1
geolife,user025,266,136,uniform,500,adaptive,15,30.0,1.9000000000000004,50.0,31.525,0.1
geolife,user025,266,136,uniform,500,adaptive,16,30.0,1.9000000000000004,50.0,31.525,0.1
geolife,user025,266,136,uniform,500,adaptive,17,30.0,1.9000000000000004,50.0,31.525,0.1
geolife,user025,266,136,uniform,500,adaptive,18,30.0,1.9000000000000004,50.0,31.525,0.1
geolife,user025,266,136,uniform,500,adaptive,19,30.0,1.9000000000000004,50.0,31.525,0.1
geolife,user025,266,136,uniform,500,adaptive,20,30.0,1.9000000000000004,50.0,31.525,0.1
geolife,user025,266,136,uniform,500,adaptive,21,30.0,1.9000000000000004,50.0,31.525,0.1
geolife,user025,266,136,uniform,500,adaptive,22,30.0,1.9000000000000004,50.0,31.525,0.1
geolife,user025,266,136,uniform,500,adaptive,23,30.0,1.9000000000000004,50.0,31.525,0.1
geolife,user025,266,136,uniform,500,adaptive,24,30.0,1.9000000000000004,50.0,31.525,0.1
geolife,user025,266,136,uniform,500,adaptive,25,30.0,1.9000000000000004,50.0,31.525,0.1
geolife,user025,266,136,uniform,500,adaptive,26,30.0,1.9000000000000004,50.0,31.525,0.1
geolife,user025,266,136,uniform,500,adaptive,27,30.0,1.9000000000000004,50.0,31.525,0.1
geolife,user025,266,136,uniform,500,adaptive,28,30.0,1.9000000000000004,50.0,31.525,0.1
geolife,user025,266,136,uniform,500,adaptive,29,30.0,1.9000000000000004,50.0,31.525,0.1
geolife,user025,266,136,uniform,500,adaptive,30,30.0,1.9000000000000004,50.0,31.525,0.1
geolife,user025,266,136,uniform,500,adaptive,31,30.0,1.9000000000000004,50.0,31.525,0.1
geolife,user025,266,136,uniform,500,adaptive,32,30.0,1.9000000000000004,50.0,31.525,0.1
geolife,user025,266,136,uniform,500,adaptive,33,30.0,1.9000000000000004,50.0,31.525,0.1
geolife,user025,266,136,uniform,500,adaptive,34,30.0,1.9000000000000004,50.0,31.525,0.1
geolife,user025,266,136,uniform,500,adaptive,35,30.0,1.9000000000000004,50.0,31.525,0.1
geolife,user025,266,136,uniform,500,adaptive,36,30.0,1.9000000000000004,50.0,31.525,0.1
geolife,user025,266,136,uniform,500,adaptive,37,30.0,1.9000000000000004,50.0,31.525,0.1
geolife,user025,266,136,uniform,500,adaptive,38,30.0,1.9000000000000004,50.0,31.525,0.1
geolife,user025,266,136,uniform,500,adaptive,39,30.0,1.9000000000000004,50.0,31.525,0.1
geolife,user025,266,136,uniform,500,adaptive,40,30.0,1.9000000000000004,50.0,31.525,0.1
geolife,user025,266,136,popular,1000,random,0,136.0,136.0,136.0,136.0,0.0
geolife,user025,266,136,popular,1000,random,1,136.0,135.0,136.0,135.25,0.0
geolife,user025,266,136,popular,1000,random,2,136.0,117.9,136.0,129.7,0.0
geolife,user025,266,136,popular,1000,random,3,136.0,99.6,136.0,127.55,0.0
geolife,user025,266,136,popular,1000,random,4,136.0,80.60000000000001,136.0,120.9,0.0
geolife,user025,266,136,popular,1000,random,5,135.0,68.9,136.0,117.725,0.0
geolife,user025,266,136,popular,1000,random,6,135.0,68.3,136.0,115.025,0.0
geolife,user025,266,136,popular,1000,random,7,132.5,51.7,136.0,109.95,0.0
geolife,user025,266,136,popular,1000,random,8,127.5,51.7,136.0,109.475,0.0
geolife,user025,266,136,popular,1000,random,9,120.5,51.7,136.0,106.15,0.0
geolife,user025,266,136,popular,1000,random,10,119.0,51.7,136.0,102.6,0.0
geolife,user025,266,136,popular,1000,random,11,116.0,51.7,136.0,101.05,0.0
geolife,user025,266,136,popular,1000,random,12,110.0,51.7,136.0,99.05,0.0
geolife,user025,266,136,popular,1000,random,13,110.0,45.400000000000006,136.0,98.2,0.0
geolife,user025,266,136,popular,1000,random,14,102.0,33.6,136.0,93.25,0.0
geolife,user025,266,136,popular,1000,random,15,98.5,29.9,136.0,90.875,0.0
geolife,user025,266,136,popular,1000,random,16,95.0,29.9,134.1,86.825,0.0
geolife,user025,266,136,popular,1000,random,17,94.5,28.9,134.1,85.55,0.0
geolife,user025,266,136,popular,1000,random,18,88.5,28.9,134.1,84.025,0.0
geolife,user025,266,136,popular,1000,random,19,80.0,27.9,134.1,80.125,0.0
geolife,user025,266,136,popular,1000,random,20,80.0,25.700000000000003,132.2,76.95,0.0
geolife,user025,266,136,popular,1000,random,21,68.0,22.0,122.10000000000002,69.7,0.0
geolife,user025,266,136,popular,1000,random,22,64.5,22.0,117.60000000000002,66.85,0.0
geolife,user025,266,136,popular,1000,random,23,61.5,21.9,117.60000000000002,65.2,0.0
geolife,user025,266,136,popular,1000,random,24,61.5,20.8,112.4,62.55,0.0
geolife,user025,266,136,popular,1000,random,25,56.5,19.0,112.4,60.025,0.0
geolife,user025,266,136,popular,1000,random,26,54.0,19.0,106.60000000000001,57.725,0.0
geolife,user025,266,136,popular,1000,random,27,50.5,19.0,106.60000000000001,56.1,0.0
geolife,user025,266,136,popular,1000,random,28,50.5,19.0,106.60000000000001,54.975,0.0
geolife,user025,266,136,popular,1000,random,29,50.5,19.0,106.60000000000001,54.95,0.0
geolife,user025,266,136,popular,1000,random,30,50.5,19.0,106.60000000000001,54.9,0.0
geolife,user025,266,136,popular,1000,random,31,50.5,19.0,105.1,52.875,0.0
geolife,user025,266,136,popular,1000,random,32,45.5,19.0,93.2,49.575,0.0
geolife,user025,266,136,popular,1000,random,33,43.5,18.9,93.1,48.85,0.0
geolife,user025,266,136,popular,1000,random,34,42.0,18.9,93.1,47.9,0.0
geolife,user025,266,136,popular,1000,random,35,42.0,18.9,93.1,47.625,0.0
geolife,user025,266,136,popular,1000,random,36,39.0,18.9,93.1,46.8,0.0
geolife,user025,266,136,popular,1000,random,37,39.0,18.9,92.2,45.975,0.0
geolife,user025,266,136,popular,1000,random,38,36.0,18.0,91.1,44.025,0.0
geolife,user025,266,136,popular,1000,random,39,35.0,18.0,81.10000000000002,43.125,0.0
geolife,user025,266,136,popular,1000,random,40,35.0,18.0,81.10000000000002,42.825,0.0
geolife,user025,266,136,popular,1000,adaptive,0,136.0,136.0,136.0,136.0,0.0
geolife,user025,266,136,popular,1000,adaptive,1,68.0,68.0,68.0,68.0,0.0
geolife,user025,266,136,popular,1000,adaptive,2,34.0,33.0,35.0,34.125,0.0
geolife,user025,266,136,popular,1000,adaptive,3,18.0,13.0,22.0,17.475,0.0
geolife,user025,266,136,popular,1000,adaptive,4,9.0,6.9,13.0,9.25,0.0
geolife,user025,266,136,popular,1000,adaptive,5,5.0,3.0,8.0,5.05,0.0
geolife,user025,266,136,popular,1000,adaptive,6,2.5,1.0,7.0,3.175,0.15
geolife,user025,266,136,popular,1000,adaptive,7,1.5,1.0,6.0,2.225,0.5
geolife,user025,266,136,popular,1000,adaptive,8,1.0,1.0,6.0,1.925,0.7
geolife,user025,266,136,popular,1000,adaptive,9,1.0,1.0,4.200000000000003,1.775,0.725
geolife,user025,266,136,popular,1000,adaptive,10,1.0,1.0,4.200000000000003,1.775,0.725
geolife,user025,266,136,popular,1000,adaptive,11,1.0,1.0,4.200000000000003,1.775,0.725
geolife,user025,266,136,popular,1000,adaptive,12,1.0,1.0,4.200000000000003,1.775,0.725
geolife,user025,266,136,popular,1000,adaptive,13,1.0,1.0,4.200000000000003,1.775,0.725
geolife,user025,266,136,popular,1000,adaptive,14,1.0,1.0,4.200000000000003,1.775,0.725
geolife,user025,266,136,popular,1000,adaptive,15,1.0,1.0,4.200000000000003,1.775,0.725
geolife,user025,266,136,popular,1000,adaptive,16,1.0,1.0,4.200000000000003,1.775,0.725
geolife,user025,266,136,popular,1000,adaptive,17,1.0,1.0,4.200000000000003,1.775,0.725
geolife,user025,266,136,popular,1000,adaptive,18,1.0,1.0,4.200000000000003,1.775,0.725
geolife,user025,266,136,popular,1000,adaptive,19,1.0,1.0,4.200000000000003,1.775,0.725
geolife,user025,266,136,popular,1000,adaptive,20,1.0,1.0,4.200000000000003,1.775,0.725
geolife,user025,266,136,popular,1000,adaptive,21,1.0,1.0,4.200000000000003,1.775,0.725
geolife,user025,266,136,popular,1000,adaptive,22,1.0,1.0,4.200000000000003,1.775,0.725
geolife,user025,266,136,popular,1000,adaptive,23,1.0,1.0,4.200000000000003,1.775,0.725
geolife,user025,266,136,popular,1000,adaptive,24,1.0,1.0,4.200000000000003,1.775,0.725
geolife,user025,266,136,popular,1000,adaptive,25,1.0,1.0,4.200000000000003,1.775,0.725
geolife,user025,266,136,popular,1000,adaptive,26,1.0,1.0,4.200000000000003,1.775,0.725
geolife,user025,266,136,popular,1000,adaptive,27,1.0,1.0,4.200000000000003,1.775,0.725
geolife,user025,266,136,popular,1000,adaptive,28,1.0,1.0,4.200000000000003,1.775,0.725
geolife,user025,266,136,popular,1000,adaptive,29,1.0,1.0,4.200000000000003,1.775,0.725
geolife,user025,266,136,popular,1000,adaptive,30,1.0,1.0,4.200000000000003,1.775,0.725
geolife,user025,266,136,popular,1000,adaptive,31,1.0,1.0,4.200000000000003,1.775,0.725
geolife,user025,266,136,popular,1000,adaptive,32,1.0,1.0,4.200000000000003,1.775,0.725
geolife,user025,266,136,popular,1000,adaptive,33,1.0,1.0,4.200000000000003,1.775,0.725
geolife,user025,266,136,popular,1000,adaptive,34,1.0,1.0,4.200000000000003,1.775,0.725
geolife,user025,266,136,popular,1000,adaptive,35,1.0,1.0,4.200000000000003,1.775,0.725
geolife,user025,266,136,popular,1000,adaptive,36,1.0,1.0,4.200000000000003,1.775,0.725
geolife,user025,266,136,popular,1000,adaptive,37,1.0,1.0,4.200000000000003,1.775,0.725
geolife,user025,266,136,popular,1000,adaptive,38,1.0,1.0,4.200000000000003,1.775,0.725
geolife,user025,266,136,popular,1000,adaptive,39,1.0,1.0,4.200000000000003,1.775,0.725
geolife,user025,266,136,popular,1000,adaptive,40,1.0,1.0,4.200000000000003,1.775,0.725
geolife,user025,266,136,uniform,1000,random,0,136.0,136.0,136.0,136.0,0.0
geolife,user025,266,136,uniform,1000,random,1,136.0,136.0,136.0,135.875,0.0
geolife,user025,266,136,uniform,1000,random,2,136.0,135.0,136.0,135.775,0.0
geolife,user025,266,136,uniform,1000,random,3,136.0,133.0,136.0,135.075,0.0
geolife,user025,266,136,uniform,1000,random,4,136.0,129.8,136.0,132.95,0.0
geolife,user025,266,136,uniform,1000,random,5,136.0,129.8,136.0,130.25,0.0
geolife,user025,266,136,uniform,1000,random,6,136.0,129.7,136.0,129.95,0.0
geolife,user025,266,136,uniform,1000,random,7,135.5,126.0,136.0,127.825,0.0
geolife,user025,266,136,uniform,1000,random,8,134.5,126.0,136.0,127.55,0.0
geolife,user025,266,136,uniform,1000,random,9,134.5,126.0,136.0,127.525,0.0
geolife,user025,266,136,uniform,1000,random,10,134.0,126.0,136.0,127.25,0.0
geolife,user025,266,136,uniform,1000,random,11,133.5,115.4,136.0,126.25,0.0
geolife,user025,266,136,uniform,1000,random,12,133.5,115.4,136.0,126.25,0.0
geolife,user025,266,136,uniform,1000,random,13,133.0,115.4,136.0,125.8,0.0
geolife,user025,266,136,uniform,1000,random,14,133.0,115.4,136.0,125.75,0.0
geolife,user025,266,136,uniform,1000,random,15,133.0,115.4,136.0,125.675,0.0
geolife,user025,266,136,uniform,1000,random,16,133.0,115.30000000000001,136.0,125.6,0.0
geolife,user025,266,136,uniform,1000,random,17,133.0,115.30000000000001,136.0,125.5,0.0
geolife,user025,266,136,uniform,1000,random,18,132.0,100.0,136.0,123.575,0.0
geolife,user025,266,136,uniform,1000,random,19,132.0,100.0,136.0,123.225,0.0
geolife,user025,266,136,uniform,1000,random,20,132.0,99.10000000000001,136.0,120.6,0.0
geolife,user025,266,136,uniform,1000,random,21,132.0,97.3,136.0,120.525,0.0
geolife,user025,266,136,uniform,1000,random,22,132.0,97.3,136.0,120.475,0.0
geolife,user025,266,136,uniform,1000,random,23,132.0,97.3,136.0,120.375,0.0
geolife,user025,266,136,uniform,1000,random,24,132.0,97.3,136.0,120.375,0.0
geolife,user025,266,136,uniform,1000,random,25,132.0,94.6,135.1,119.4,0.0
geolife,user025,266,136,uniform,1000,random,26,131.5,94.6,135.1,119.225,0.0
geolife,user025,266,136,uniform,1000,random,27,131.0,94.6,135.0,119.0,0.0
geolife,user025,266,136,uniform,1000,random,28,131.0,94.6,135.0,118.925,0.0
geolife,user025,266,136,uniform,1000,random,29,131.0,94.6,135.0,118.925,0.0
geolife,user025,266,136,uniform,1000,random,30,131.0,91.9,135.0,118.85,0.0
geolife,user025,266,136,uniform,1000,random,31,131.0,91.9,135.0,118.85,0.0
geolife,user025,266,136,uniform,1000,random,32,131.0,87.10000000000001,135.0,115.625,0.0
geolife,user025,266,136,uniform,1000,random,33,130.5,87.10000000000001,135.0,115.575,0.0
geolife,user025,266,136,uniform,1000,random,34,130.5,87.10000000000001,135.0,114.7,0.0
geolife,user025,266,136,uniform,1000,random,35,129.5,87.10000000000001,135.0,114.525,0.0
geolife,user025,266,136,uniform,1000,random,36,129.0,87.10000000000001,134.1,113.85,0.0
geolife,user025,266,136,uniform,1000,random,37,129.0,87.10000000000001,134.1,113.825,0.0
geolife,user025,266,136,uniform,1000,random,38,129.0,87.10000000000001,134.1,113.825,0.0
geolife,user025,266,136,uniform,1000,random,39,129.0,82.60000000000001,134.1,113.675,0.0
geolife,user025,266,136,uniform,1000,random,40,128.5,82.60000000000001,134.1,113.525,0.0
geolife,user025,266,136,uniform,1000,adaptive,0,136.0,136.0,136.0,136.0,0.0
geolife,user025,266,136,uniform,1000,adaptive,1,83.0,53.0,83.0,74.75,0.0
geolife,user025,266,136,uniform,1000,adaptive,2,45.0,38.0,45.0,40.875,0.0
geolife,user025,266,136,uniform,1000,adaptive,3,37.0,15.0,42.0,31.4,0.0
geolife,user025,266,136,uniform,1000,adaptive,4,33.0,3.9000000000000004,39.0,24.525,0.025
geolife,user025,266,136,uniform,1000,adaptive,5,24.5,2.0,36.0,20.75,0.075
geolife,user025,266,136,uniform,1000,adaptive,6,17.0,1.0,34.0,18.025,0.175
geolife,user025,266,136,uniform,1000,adaptive,7,17.0,1.0,32.0,17.475,0.175
geolife,user025,266,136,uniform,1000,adaptive,8,17.0,1.0,31.0,17.2,0.175
geolife,user025,266,136,uniform,1000,adaptive,9,17.0,1.0,30.0,16.925,0.175
geolife,user025,266,136,uniform,1000,adaptive,10,17.0,1.0,29.0,16.65,0.175
geolife,user025,266,136,uniform,1000,adaptive,11,17.0,1.0,29.0,16.375,0.175
geolife,user025,266,136,uniform,1000,adaptive,12,17.0,1.0,29.0,14.8,0.225
geolife,user025,266,136,uniform,1000,adaptive,13,17.0,1.0,29.0,14.8,0.225
geolife,user025,266,136,uniform,1000,adaptive,14,17.0,1.0,29.0,14.8,0.225
geolife,user025,266,136,uniform,1000,adaptive,15,17.0,1.0,29.0,14.8,0.225
geolife,user025,266,136,uniform,1000,adaptive,16,17.0,1.0,29.0,14.8,0.225
geolife,user025,266,136,uniform,1000,adaptive,17,17.0,1.0,29.0,14.8,0.225
geolife,user025,266,136,uniform,1000,adaptive,18,17.0,1.0,29.0,14.8,0.225
geolife,user025,266,136,uniform,1000,adaptive,19,17.0,1.0,29.0,14.8,0.225
geolife,user025,266,136,uniform,1000,adaptive,20,17.0,1.0,29.0,14.8,0.225
geolife,user025,266,136,uniform,1000,adaptive,21,17.0,1.0,29.0,14.8,0.225
geolife,user025,266,136,uniform,1000,adaptive,22,17.0,1.0,29.0,14.8,0.225
geolife,user025,266,136,uniform,1000,adaptive,23,17.0,1.0,29.0,14.8,0.225
geolife,user025,266,136,uniform,1000,adaptive,24,17.0,1.0,29.0,14.8,0.225
geolife,user025,266,136,uniform,1000,adaptive,25,17.0,1.0,29.0,14.8,0.225
geolife,user025,266,136,uniform,1000,adaptive,26,17.0,1.0,29.0,14.8,0.225
geolife,user025,266,136,uniform,1000,adaptive,27,17.0,1.0,29.0,14.8,0.225
geolife,user025,266,136,uniform,1000,adaptive,28,17.0,1.0,29.0,14.8,0.225
geolife,user025,266,136,uniform,1000,adaptive,29,17.0,1.0,29.0,14.8,0.225
geolife,user025,266,136,uniform,1000,adaptive,30,17.0,1.0,29.0,14.8,0.225
geolife,user025,266,136,uniform,1000,adaptive,31,17.0,1.0,29.0,14.8,0.225
geolife,user025,266,136,uniform,1000,adaptive,32,17.0,1.0,29.0,14.8,0.225
geolife,user025,266,136,uniform,1000,adaptive,33,17.0,1.0,29.0,14.8,0.225
geolife,user025,266,136,uniform,1000,adaptive,34,17.0,1.0,29.0,14.8,0.225
geolife,user025,266,136,uniform,1000,adaptive,35,17.0,1.0,29.0,14.8,0.225
geolife,user025,266,136,uniform,1000,adaptive,36,17.0,1.0,29.0,14.8,0.225
geolife,user025,266,136,uniform,1000,adaptive,37,17.0,1.0,29.0,14.8,0.225
geolife,user025,266,136,uniform,1000,adaptive,38,17.0,1.0,29.0,14.8,0.225
geolife,user025,266,136,uniform,1000,adaptive,39,17.0,1.0,29.0,14.8,0.225
geolife,user025,266,136,uniform,1000,adaptive,40,17.0,1.0,29.0,14.8,0.225
geolife,user062,288,135,popular,250,random,0,135.0,135.0,135.0,135.0,0.0
geolife,user062,288,135,popular,250,random,1,135.0,129.9,135.0,133.725,0.0
geolife,user062,288,135,popular,250,random,2,135.0,129.9,135.0,133.55,0.0
geolife,user062,288,135,popular,250,random,3,135.0,126.0,135.0,130.35,0.0
geolife,user062,288,135,popular,250,random,4,135.0,116.0,135.0,128.075,0.0
geolife,user062,288,135,popular,250,random,5,135.0,116.0,135.0,127.375,0.0
geolife,user062,288,135,popular,250,random,6,135.0,115.5,135.0,126.225,0.0
geolife,user062,288,135,popular,250,random,7,134.5,110.0,135.0,125.225,0.0
geolife,user062,288,135,popular,250,random,8,130.5,108.2,135.0,123.8,0.0
geolife,user062,288,135,popular,250,random,9,130.0,94.10000000000001,135.0,120.125,0.0
geolife,user062,288,135,popular,250,random,10,129.5,90.5,135.0,119.0,0.0
geolife,user062,288,135,popular,250,random,11,129.5,90.5,135.0,118.9,0.0
geolife,user062,288,135,popular,250,random,12,129.5,90.5,135.0,118.85,0.0
geolife,user062,288,135,popular,250,random,13,129.5,90.5,135.0,118.85,0.0
geolife,user062,288,135,popular,250,random,14,126.5,85.9,135.0,114.975,0.0
geolife,user062,288,135,popular,250,random,15,126.5,85.9,135.0,114.825,0.0
geolife,user062,288,135,popular,250,random,16,126.0,24.9,135.0,108.9,0.0
geolife,user062,288,135,popular,250,random,17,124.5,24.9,135.0,108.275,0.0
geolife,user062,288,135,popular,250,random,18,124.5,24.9,135.0,107.925,0.0
geolife,user062,288,135,popular,250,random,19,124.0,23.000000000000004,135.0,104.65,0.0
geolife,user062,288,135,popular,250,random,20,124.0,23.000000000000004,135.0,103.85,0.0
geolife,user062,288,135,popular,250,random,21,123.0,23.000000000000004,135.0,103.2,0.0
geolife,user062,288,135,popular,250,random,22,120.5,23.000000000000004,135.0,100.675,0.0
geolife,user062,288,135,popular,250,random,23,120.5,23.000000000000004,135.0,100.675,0.0
geolife,user062,288,135,popular,250,random,24,119.5,23.000000000000004,134.1,100.425,0.0
geolife,user062,288,135,popular,250,random,25,119.5,23.000000000000004,134.0,100.1,0.0
geolife,user062,288,135,popular,250,random,26,119.0,23.000000000000004,134.0,99.875,0.0
geolife,user062,288,135,popular,250,random,27,116.5,23.000000000000004,133.1,99.2,0.0
geolife,user062,288,135,popular,250,random,28,116.5,23.000000000000004,133.1,99.2,0.0
geolife,user062,288,135,popular,250,random,29,116.5,23.000000000000004,133.1,98.8,0.0
geolife,user062,288,135,popular,250,random,30,116.5,23.000000000000004,133.1,98.75,0.0
geolife,user062,288,135,popular,250,random,31,116.5,23.000000000000004,131.2,98.3,0.0
geolife,user062,288,135,popular,250,random,32,112.5,14.9,131.0,95.275,0.0
geolife,user062,288,135,popular,250,random,33,112.5,14.9,131.0,95.075,0.0
geolife,user062,288,135,popular,250,random,34,110.0,14.9,131.0,94.45,0.0
geolife,user062,288,135,popular,250,random,35,110.0,14.9,131.0,94.45,0.0
geolife,user062,288,135,popular,250,random,36,102.5,14.9,130.1,91.3,0.0
geolife,user062,288,135,popular,250,random,37,102.5,14.9,130.1,91.3,0.0
geolife,user062,288,135,popular,250,random,38,102.5,14.9,129.1,90.45,0.0
geolife,user062,288,135,popular,250,random,39,102.5,14.8,126.30000000000001,89.575,0.025
geolife,user062,288,135,popular,250,random,40,102.5,14.8,126.30000000000001,89.425,0.025
geolife,user062,288,135,popular,250,adaptive,0,135.0,135.0,135.0,135.0,0.0
geolife,user062,288,135,popular,250,adaptive,1,84.0,51.0,84.0,69.975,0.0
geolife,user062,288,135,popular,250,adaptive,2,37.0,14.0,55.0,38.625,0.0
geolife,user062,288,135,popular,250,adaptive,3,17.0,9.0,45.0,22.6,0.0
geolife,user062,288,135,popular,250,adaptive,4,8.0,4.0,36.0,12.075,0.025
geolife,user062,288,135,popular,250,adaptive,5,4.0,3.0,31.0,8.475,0.05
geolife,user062,288,135,popular,250,adaptive,6,3.0,1.0,26.0,6.625,0.125
geolife,user062,288,135,popular,250,adaptive,7,2.0,1.0,23.0,5.725,0.375
geolife,user062,288,135,popular,250,adaptive,8,2.0,1.0,21.0,5.3,0.425
geolife,user062,288,135,popular,250,adaptive,9,2.0,1.0,10.900000000000013,4.15,0.425
geolife,user062,288,135,popular,250,adaptive,10,2.0,1.0,10.70000000000001,3.9,0.475
geolife,user062,288,135,popular,250,adaptive,11,1.5,1.0,7.300000000000004,3.425,0.5
geolife,user062,288,135,popular,250,adaptive,12,1.0,1.0,7.0,2.65,0.55
geolife,user062,288,135,popular,250,adaptive,13,1.0,1.0,7.0,2.625,0.55
geolife,user062,288,135,popular,250,adaptive,14,1.0,1.0,4.300000000000004,2.3,0.575
geolife,user062,288,135,popular,250,adaptive,15,1.0,1.0,4.300000000000004,2.3,0.575
geolife,user062,288,135,popular,250,adaptive,16,1.0,1.0,4.300000000000004,2.3,0.575
geolife,user062,288,135,popular,250,adaptive,17,1.0,1.0,4.300000000000004,2.3,0.575
geolife,user062,288,135,popular,250,adaptive,18,1.0,1.0,4.300000000000004,2.3,0.575
geolife,user062,288,135,popular,250,adaptive,19,1.0,1.0,4.300000000000004,2.3,0.575
geolife,user062,288,135,popular,250,adaptive,20,1.0,1.0,4.300000000000004,2.3,0.575
geolife,user062,288,135,popular,250,adaptive,21,1.0,1.0,4.300000000000004,2.3,0.575
geolife,user062,288,135,popular,250,adaptive,22,1.0,1.0,4.300000000000004,2.3,0.575
geolife,user062,288,135,popular,250,adaptive,23,1.0,1.0,4.300000000000004,2.3,0.575
geolife,user062,288,135,popular,250,adaptive,24,1.0,1.0,4.300000000000004,2.3,0.575
geolife,user062,288,135,popular,250,adaptive,25,1.0,1.0,4.300000000000004,2.3,0.575
geolife,user062,288,135,popular,250,adaptive,26,1.0,1.0,4.300000000000004,2.3,0.575
geolife,user062,288,135,popular,250,adaptive,27,1.0,1.0,4.300000000000004,2.3,0.575
geolife,user062,288,135,popular,250,adaptive,28,1.0,1.0,4.300000000000004,2.3,0.575
geolife,user062,288,135,popular,250,adaptive,29,1.0,1.0,4.300000000000004,2.3,0.575
geolife,user062,288,135,popular,250,adaptive,30,1.0,1.0,4.300000000000004,2.3,0.575
geolife,user062,288,135,popular,250,adaptive,31,1.0,1.0,4.300000000000004,2.3,0.575
geolife,user062,288,135,popular,250,adaptive,32,1.0,1.0,4.300000000000004,2.3,0.575
geolife,user062,288,135,popular,250,adaptive,33,1.0,1.0,4.300000000000004,2.3,0.575
geolife,user062,288,135,popular,250,adaptive,34,1.0,1.0,4.300000000000004,2.3,0.575
geolife,user062,288,135,popular,250,adaptive,35,1.0,1.0,4.300000000000004,2.3,0.575
geolife,user062,288,135,popular,250,adaptive,36,1.0,1.0,4.300000000000004,2.3,0.575
geolife,user062,288,135,popular,250,adaptive,37,1.0,1.0,4.300000000000004,2.3,0.575
geolife,user062,288,135,popular,250,adaptive,38,1.0,1.0,4.300000000000004,2.3,0.575
geolife,user062,288,135,popular,250,adaptive,39,1.0,1.0,4.300000000000004,2.3,0.575
geolife,user062,288,135,popular,250,adaptive,40,1.0,1.0,4.300000000000004,2.3,0.575
geolife,user062,288,135,uniform,250,random,0,135.0,135.0,135.0,135.0,0.0
geolife,user062,288,135,uniform,250,random,1,135.0,135.0,135.0,134.925,0.0
geolife,user062,288,135,uniform,250,random,2,135.0,135.0,135.0,134.925,0.0
geolife,user062,288,135,uniform,250,random,3,135.0,135.0,135.0,134.575,0.0
geolife,user062,288,135,uniform,250,random,4,135.0,135.0,135.0,134.575,0.0
geolife,user062,288,135,uniform,250,random,5,135.0,134.9,135.0,134.5,0.0
geolife,user062,288,135,uniform,250,random,6,135.0,133.9,135.0,134.425,0.0
geolife,user062,288,135,uniform,250,random,7,135.0,133.0,135.0,134.375,0.0
geolife,user062,288,135,uniform,250,random,8,135.0,133.0,135.0,134.375,0.0
geolife,user062,288,135,uniform,250,random,9,135.0,132.0,135.0,131.15,0.0
geolife,user062,288,135,uniform,250,random,10,135.0,132.0,135.0,127.85,0.0
geolife,user062,288,135,uniform,250,random,11,135.0,132.0,135.0,127.85,0.0
geolife,user062,288,135,uniform,250,random,12,135.0,132.0,135.0,127.85,0.0
geolife,user062,288,135,uniform,250,random,13,135.0,132.0,135.0,127.85,0.0
geolife,user062,288,135,uniform,250,random,14,135.0,132.0,135.0,127.85,0.0
geolife,user062,288,135,uniform,250,random,15,135.0,132.0,135.0,127.775,0.0
geolife,user062,288,135,uniform,250,random,16,135.0,131.9,135.0,127.675,0.0
geolife,user062,288,135,uniform,250,random,17,135.0,131.9,135.0,127.55,0.0
geolife,user062,288,135,uniform,250,random,18,135.0,131.9,135.0,127.55,0.0
geolife,user062,288,135,uniform,250,random,19,135.0,131.9,135.0,127.55,0.0
geolife,user062,288,135,uniform,250,random,20,135.0,130.0,135.0,127.175,0.0
geolife,user062,288,135,uniform,250,random,21,135.0,130.0,135.0,127.05,0.0
geolife,user062,288,135,uniform,250,random,22,134.5,130.0,135.0,126.95,0.0
geolife,user062,288,135,uniform,250,random,23,134.0,130.0,135.0,126.9,0.0
geolife,user062,288,135,uniform,250,random,24,134.0,130.0,135.0,126.9,0.0
geolife,user062,288,135,uniform,250,random,25,134.0,130.0,135.0,126.8,0.0
geolife,user062,288,135,uniform,250,random,26,134.0,120.9,135.0,126.425,0.0
geolife,user062,288,135,uniform,250,random,27,134.0,120.9,135.0,126.425,0.0
geolife,user062,288,135,uniform,250,random,28,134.0,120.9,135.0,126.325,0.0
geolife,user062,288,135,uniform,250,random,29,134.0,120.9,135.0,126.325,0.0
geolife,user062,288,135,uniform,250,random,30,134.0,120.9,135.0,126.325,0.0
geolife,user062,288,135,uniform,250,random,31,134.0,120.9,135.0,126.325,0.0
geolife,user062,288,135,uniform,250,random,32,133.5,119.9,135.0,125.9,0.0
geolife,user062,288,135,uniform,250,random,33,133.5,119.9,135.0,125.9,0.0
geolife,user062,288,135,uniform,250,random,34,133.5,119.9,135.0,125.9,0.0
geolife,user062,288,135,uniform,250,random,35,133.0,119.9,135.0,125.525,0.0
geolife,user062,288,135,uniform,250,random,36,133.0,119.9,135.0,125.175,0.0
geolife,user062,288,135,uniform,250,random,37,133.0,119.9,135.0,125.175,0.0
geolife,user062,288,135,uniform,250,random,38,133.0,119.9,135.0,125.175,0.0
geolife,user062,288,135,uniform,250,random,39,133.0,119.9,135.0,125.175,0.0
geolife,user062,288,135,uniform,250,random,40,133.0,119.9,135.0,125.175,0.0
geolife,user062,288,135,uniform,250,adaptive,0,135.0,135.0,135.0,135.0,0.0
geolife,user062,288,135,uniform,250,adaptive,1,120.0,15.0,120.0,99.0,0.0
geolife,user062,288,135,uniform,250,adaptive,2,115.0,9.0,115.0,93.575,0.0
geolife,user062,288,135,uniform,250,adaptive,3,113.0,6.800000000000001,113.0,91.425,0.025
geolife,user062,288,135,uniform,250,adaptive,4,111.0,6.800000000000001,111.0,89.8,0.05
geolife,user062,288,135,uniform,250,adaptive,5,109.0,5.0,109.0,85.525,0.05
geolife,user062,288,135,uniform,250,adaptive,6,108.0,5.0,108.0,84.75,0.05
geolife,user062,288,135,uniform,250,adaptive,7,107.0,5.0,107.0,83.975,0.05
geolife,user062,288,135,uniform,250,adaptive,8,107.0,5.0,107.0,83.975,0.05
geolife,user062,288,135,uniform,250,adaptive,9,107.0,5.0,107.0,83.975,0.05
geolife,user062,288,135,uniform,250,adaptive,10,107.0,5.0,107.0,83.975,0.05
geolife,user062,288,135,uniform,250,adaptive,11,107.0,5.0,107.0,83.975,0.05
geolife,user062,288,135,uniform,250,adaptive,12,107.0,5.0,107.0,83.975,0.05
geolife,user062,288,135,uniform,250,adaptive,13,107.0,5.0,107.0,83.975,0.05
geolife,user062,288,135,uniform,250,adaptive,14,107.0,5.0,107.0,83.975,0.05
geolife,user062,288,135,uniform,250,adaptive,15,107.0,5.0,107.0,83.975,0.05
geolife,user062,288,135,uniform,250,adaptive,16,107.0,5.0,107.0,83.975,0.05
geolife,user062,288,135,uniform,250,adaptive,17,107.0,5.0,107.0,83.975,0.05
geolife,user062,288,135,uniform,250,adaptive,18,107.0,5.0,107.0,83.975,0.05
geolife,user062,288,135,uniform,250,adaptive,19,107.0,5.0,107.0,83.975,0.05
geolife,user062,288,135,uniform,250,adaptive,20,107.0,5.0,107.0,83.975,0.05
geolife,user062,288,135,uniform,250,adaptive,21,107.0,5.0,107.0,83.975,0.05
geolife,user062,288,135,uniform,250,adaptive,22,107.0,5.0,107.0,83.975,0.05
geolife,user062,288,135,uniform,250,adaptive,23,107.0,5.0,107.0,83.975,0.05
geolife,user062,288,135,uniform,250,adaptive,24,107.0,5.0,107.0,83.975,0.05
geolife,user062,288,135,uniform,250,adaptive,25,107.0,5.0,107.0,83.975,0.05
geolife,user062,288,135,uniform,250,adaptive,26,107.0,5.0,107.0,83.975,0.05
geolife,user062,288,135,uniform,250,adaptive,27,107.0,5.0,107.0,83.975,0.05
geolife,user062,288,135,uniform,250,adaptive,28,107.0,5.0,107.0,83.975,0.05
geolife,user062,288,135,uniform,250,adaptive,29,107.0,5.0,107.0,83.975,0.05
geolife,user062,288,135,uniform,250,adaptive,30,107.0,5.0,107.0,83.975,0.05
geolife,user062,288,135,uniform,250,adaptive,31,107.0,5.0,107.0,83.975,0.05
geolife,user062,288,135,uniform,250,adaptive,32,107.0,5.0,107.0,83.975,0.05
geolife,user062,288,135,uniform,250,adaptive,33,107.0,5.0,107.0,83.975,0.05
geolife,user062,288,135,uniform,250,adaptive,34,107.0,5.0,107.0,83.975,0.05
geolife,user062,288,135,uniform,250,adaptive,35,107.0,5.0,107.0,83.975,0.05
geolife,user062,288,135,uniform,250,adaptive,36,107.0,5.0,107.0,83.975,0.05
geolife,user062,288,135,uniform,250,adaptive,37,107.0,5.0,107.0,83.975,0.05
geolife,user062,288,135,uniform,250,adaptive,38,107.0,5.0,107.0,83.975,0.05
geolife,user062,288,135,uniform,250,adaptive,39,107.0,5.0,107.0,83.975,0.05
geolife,user062,288,135,uniform,250,adaptive,40,107.0,5.0,107.0,83.975,0.05
geolife,user062,288,135,popular,500,random,0,135.0,135.0,135.0,135.0,0.0
geolife,user062,288,135,popular,500,random,1,135.0,133.9,135.0,130.925,0.0
geolife,user062,288,135,popular,500,random,2,135.0,129.6,135.0,129.9,0.0
geolife,user062,288,135,popular,500,random,3,135.0,124.9,135.0,127.375,0.0
geolife,user062,288,135,popular,500,random,4,135.0,113.2,135.0,122.725,0.0
geolife,user062,288,135,popular,500,random,5,134.5,99.70000000000002,135.0,120.05,0.0
geolife,user062,288,135,popular,500,random,6,133.5,99.70000000000002,135.0,119.9,0.0
geolife,user062,288,135,popular,500,random,7,133.0,72.70000000000002,135.0,117.525,0.0
geolife,user062,288,135,popular,500,random,8,132.5,72.70000000000002,135.0,117.425,0.0
geolife,user062,288,135,popular,500,random,9,132.0,72.70000000000002,135.0,117.0,0.0
geolife,user062,288,135,popular,500,random,10,131.5,42.0,135.0,113.175,0.0
geolife,user062,288,135,popular,500,random,11,129.5,39.300000000000004,135.0,110.475,0.0
geolife,user062,288,135,popular,500,random,12,129.0,39.300000000000004,135.0,110.05,0.0
geolife,user062,288,135,popular,500,random,13,127.5,39.300000000000004,135.0,108.5,0.0
geolife,user062,288,135,popular,500,random,14,126.0,39.300000000000004,135.0,107.15,0.0
geolife,user062,288,135,popular,500,random,15,125.5,39.300000000000004,135.0,105.05,0.0
geolife,user062,288,135,popular,500,random,16,125.0,31.200000000000003,135.0,101.925,0.0
geolife,user062,288,135,popular,500,random,17,121.5,31.200000000000003,135.0,101.425,0.0
geolife,user062,288,135,popular,500,random,18,116.0,29.400000000000002,135.0,100.525,0.0
geolife,user062,288,135,popular,500,random,19,113.0,29.400000000000002,135.0,99.875,0.0
geolife,user062,288,135,popular,500,random,20,113.0,29.400000000000002,135.0,99.85,0.0
geolife,user062,288,135,popular,500,random,21,112.5,29.200000000000003,135.0,99.35,0.0
geolife,user062,288,135,popular,500,random,22,109.0,17.9,135.0,90.025,0.0
geolife,user062,288,135,popular,500,random,23,109.0,17.9,135.0,89.575,0.0
geolife,user062,288,135,popular,500,random,24,107.5,17.9,135.0,88.0,0.0
geolife,user062,288,135,popular,500,random,25,103.0,16.700000000000003,135.0,87.05,0.0
geolife,user062,288,135,popular,500,random,26,103.0,16.700000000000003,133.2,86.75,0.0
geolife,user062,288,135,popular,500,random,27,103.0,16.700000000000003,133.2,85.9,0.0
geolife,user062,288,135,popular,500,random,28,103.0,16.700000000000003,133.2,85.575,0.0
geolife,user062,288,135,popular,500,random,29,100.5,16.700000000000003,133.1,85.0,0.0
geolife,user062,288,135,popular,500,random,30,96.0,16.700000000000003,133.1,83.725,0.0
geolife,user062,288,135,popular,500,random,31,92.0,13.9,132.2,80.65,0.025
geolife,user062,288,135,popular,500,random,32,88.5,13.9,132.0,79.325,0.025
geolife,user062,288,135,popular,500,random,33,84.0,13.9,132.0,77.45,0.025
geolife,user062,288,135,popular,500,random,34,84.0,13.9,131.1,77.325,0.025
geolife,user062,288,135,popular,500,random,35,82.5,13.9,131.1,75.375,0.025
geolife,user062,288,135,popular,500,random,36,82.5,13.9,131.0,75.1,0.05
geolife,user062,288,135,popular,500,random,37,79.5,13.9,130.0,72.375,0.05
geolife,user062,288,135,popular,500,random,38,79.5,13.9,130.0,72.15,0.05
geolife,user062,288,135,popular,500,random,39,79.5,12.9,130.0,71.2,0.05
geolife,user062,288,135,popular,500,random,40,79.5,12.9,127.30000000000001,69.85,0.05
geolife,user062,288,135,popular,500,adaptive,0,135.0,135.0,135.0,135.0,0.0
geolife,user062,288,135,popular,500,adaptive,1,84.0,51.0,84.0,70.8,0.0
geolife,user062,288,135,popular,500,adaptive,2,36.0,25.0,48.0,35.675,0.0
geolife,user062,288,135,popular,500,adaptive,3,14.0,12.0,20.50000000000002,16.625,0.0
geolife,user062,288,135,popular,500,adaptive,4,9.0,6.0,11.600000000000023,9.625,0.0
geolife,user062,288,135,popular,500,adaptive,5,5.0,2.9000000000000004,8.0,5.6,0.05
geolife,user062,288,135,popular,500,adaptive,6,3.0,1.0,8.0,3.925,0.125
geolife,user062,288,135,popular,500,adaptive,7,2.0,1.0,8.0,3.375,0.4
geolife,user062,288,135,popular,500,adaptive,8,2.0,1.0,8.0,3.225,0.45
geolife,user062,288,135,popular,500,adaptive,9,2.0,1.0,8.0,3.125,0.45
geolife,user062,288,135,popular,500,adaptive,10,2.0,1.0,8.0,2.925,0.475
geolife,user062,288,135,popular,500,adaptive,11,1.5,1.0,8.0,2.775,0.5
geolife,user062,288,135,popular,500,adaptive,12,1.5,1.0,8.0,2.775,0.5
geolife,user062,288,135,popular,500,adaptive,13,1.5,1.0,8.0,2.775,0.5
geolife,user062,288,135,popular,500,adaptive,14,1.5,1.0,8.0,2.775,0.5
geolife,user062,288,135,popular,500,adaptive,15,1.5,1.0,8.0,2.775,0.5
geolife,user062,288,135,popular,500,adaptive,16,1.5,1.0,8.0,2.775,0.5
geolife,user062,288,135,popular,500,adaptive,17,1.5,1.0,8.0,2.775,0.5
geolife,user062,288,135,popular,500,adaptive,18,1.5,1.0,8.0,2.775,0.5
geolife,user062,288,135,popular,500,adaptive,19,1.5,1.0,8.0,2.775,0.5
geolife,user062,288,135,popular,500,adaptive,20,1.5,1.0,8.0,2.775,0.5
geolife,user062,288,135,popular,500,adaptive,21,1.5,1.0,8.0,2.775,0.5
geolife,user062,288,135,popular,500,adaptive,22,1.5,1.0,8.0,2.775,0.5
geolife,user062,288,135,popular,500,adaptive,23,1.5,1.0,8.0,2.775,0.5
geolife,user062,288,135,popular,500,adaptive,24,1.5,1.0,8.0,2.775,0.5
geolife,user062,288,135,popular,500,adaptive,25,1.5,1.0,8.0,2.775,0.5
geolife,user062,288,135,popular,500,adaptive,26,1.5,1.0,8.0,2.775,0.5
geolife,user062,288,135,popular,500,adaptive,27,1.5,1.0,8.0,2.775,0.5
geolife,user062,288,135,popular,500,adaptive,28,1.5,1.0,8.0,2.775,0.5
geolife,user062,288,135,popular,500,adaptive,29,1.5,1.0,8.0,2.775,0.5
geolife,user062,288,135,popular,500,adaptive,30,1.5,1.0,8.0,2.775,0.5
geolife,user062,288,135,popular,500,adaptive,31,1.5,1.0,8.0,2.775,0.5
geolife,user062,288,135,popular,500,adaptive,32,1.5,1.0,8.0,2.775,0.5
geolife,user062,288,135,popular,500,adaptive,33,1.5,1.0,8.0,2.775,0.5
geolife,user062,288,135,popular,500,adaptive,34,1.5,1.0,8.0,2.775,0.5
geolife,user062,288,135,popular,500,adaptive,35,1.5,1.0,8.0,2.775,0.5
geolife,user062,288,135,popular,500,adaptive,36,1.5,1.0,8.0,2.775,0.5
geolife,user062,288,135,popular,500,adaptive,37,1.5,1.0,8.0,2.775,0.5
geolife,user062,288,135,popular,500,adaptive,38,1.5,1.0,8.0,2.775,0.5
geolife,user062,288,135,popular,500,adaptive,39,1.5,1.0,8.0,2.775,0.5
geolife,user062,288,135,popular,500,adaptive,40,1.5,1.0,8.0,2.775,0.5
geolife,user062,288,135,uniform,500,random,0,135.0,135.0,135.0,135.0,0.0
geolife,user062,288,135,uniform,500,random,1,135.0,135.0,135.0,135.0,0.0
geolife,user062,288,135,uniform,500,random,2,135.0,135.0,135.0,134.95,0.0
geolife,user062,288,135,uniform,500,random,3,135.0,135.0,135.0,134.35,0.0
geolife,user062,288,135,uniform,500,random,4,135.0,135.0,135.0,134.35,0.0
geolife,user062,288,135,uniform,500,random,5,135.0,132.9,135.0,133.925,0.0
geolife,user062,288,135,uniform,500,random,6,135.0,132.9,135.0,133.875,0.0
geolife,user062,288,135,uniform,500,random,7,135.0,131.9,135.0,133.775,0.0
geolife,user062,288,135,uniform,500,random,8,135.0,130.9,135.0,133.55,0.0
geolife,user062,288,135,uniform,500,random,9,135.0,130.9,135.0,133.5,0.0
geolife,user062,288,135,uniform,500,random,10,135.0,130.9,135.0,133.375,0.0
geolife,user062,288,135,uniform,500,random,11,135.0,129.9,135.0,133.075,0.0
geolife,user062,288,135,uniform,500,random,12,135.0,128.5,135.0,132.375,0.0
geolife,user062,288,135,uniform,500,random,13,135.0,128.5,135.0,132.35,0.0
geolife,user062,288,135,uniform,500,random,14,135.0,128.5,135.0,132.325,0.0
geolife,user062,288,135,uniform,500,random,15,135.0,128.5,135.0,132.275,0.0
geolife,user062,288,135,uniform,500,random,16,135.0,124.0,135.0,128.925,0.025
geolife,user062,288,135,uniform,500,random,17,135.0,124.0,135.0,128.925,0.025
geolife,user062,288,135,uniform,500,random,18,135.0,123.9,135.0,128.875,0.025
geolife,user062,288,135,uniform,500,random,19,135.0,122.8,135.0,128.3,0.025
geolife,user062,288,135,uniform,500,random,20,135.0,122.8,135.0,128.3,0.025
geolife,user062,288,135,uniform,500,random,21,135.0,122.8,135.0,128.25,0.025
geolife,user062,288,135,uniform,500,random,22,135.0,120.3,135.0,125.45,0.025
geolife,user062,288,135,uniform,500,random,23,134.5,120.3,135.0,125.375,0.025
geolife,user062,288,135,uniform,500,random,24,134.0,113.2,135.0,122.55,0.025
geolife,user062,288,135,uniform,500,random,25,134.0,113.2,135.0,122.45,0.025
geolife,user062,288,135,uniform,500,random,26,134.0,113.2,135.0,122.45,0.025
geolife,user062,288,135,uniform,500,random,27,133.5,113.2,135.0,122.35,0.025
geolife,user062,288,135,uniform,500,random,28,133.0,112.7,135.0,122.075,0.025
geolife,user062,288,135,uniform,500,random,29,133.0,112.7,135.0,122.075,0.025
geolife,user062,288,135,uniform,500,random,30,133.0,112.7,135.0,121.975,0.025
geolife,user062,288,135,uniform,500,random,31,133.0,112.7,135.0,121.9,0.025
geolife,user062,288,135,uniform,500,random,32,133.0,112.7,135.0,121.9,0.025
geolife,user062,288,135,uniform,500,random,33,133.0,112.7,135.0,121.9,0.025
geolife,user062,288,135,uniform,500,random,34,132.5,112.7,135.0,121.7,0.025
geolife,user062,288,135,uniform,500,random,35,132.0,112.7,135.0,121.625,0.025
geolife,user062,288,135,uniform,500,random,36,132.0,111.80000000000001,135.0,121.6,0.025
geolife,user062,288,135,uniform,500,random,37,132.0,111.80000000000001,135.0,121.6,0.025
geolife,user062,288,135,uniform,500,random,38,132.0,111.80000000000001,135.0,121.6,0.025
geolife,user062,288,135,uniform,500,random,39,131.5,111.80000000000001,135.0,121.3,0.025
geolife,user062,288,135,uniform,500,random,40,131.5,111.80000000000001,135.0,121.3,0.025
geolife,user062,288,135,uniform,500,adaptive,0,135.0,135.0,135.0,135.0,0.0
geolife,user062,288,135,uniform,500,adaptive,1,92.0,43.0,92.0,74.85,0.0
geolife,user062,288,135,uniform,500,adaptive,2,83.0,18.0,83.0,60.15,0.0
geolife,user062,288,135,uniform,500,adaptive,3,78.0,9.600000000000001,78.0,48.3,0.0
geolife,user062,288,135,uniform,500,adaptive,4,75.0,3.9000000000000004,75.0,45.45,0.0
geolife,user062,288,135,uniform,500,adaptive,5,73.0,3.0,73.0,43.975,0.05
geolife,user062,288,135,uniform,500,adaptive,6,72.0,2.8000000000000007,72.0,41.575,0.1
geolife,user062,288,135,uniform,500,adaptive,7,71.0,2.8000000000000007,71.0,41.05,0.1
geolife,user062,288,135,uniform,500,adaptive,8,70.0,2.8000000000000007,70.0,40.525,0.1
geolife,user062,288,135,uniform,500,adaptive,9,69.0,2.8000000000000007,69.0,40.0,0.1
geolife,user062,288,135,uniform,500,adaptive,10,69.0,2.8000000000000007,69.0,40.0,0.1
geolife,user062,288,135,uniform,500,adaptive,11,69.0,2.8000000000000007,69.0,40.0,0.1
geolife,user062,288,135,uniform,500,adaptive,12,69.0,2.8000000000000007,69.0,40.0,0.1
geolife,user062,288,135,uniform,500,adaptive,13,69.0,2.8000000000000007,69.0,40.0,0.1
geolife,user062,288,135,uniform,500,adaptive,14,69.0,2.8000000000000007,69.0,40.0,0.1
geolife,user062,288,135,uniform,500,adaptive,15,69.0,2.8000000000000007,69.0,40.0,0.1
geolife,user062,288,135,uniform,500,adaptive,16,69.0,2.8000000000000007,69.0,40.0,0.1
geolife,user062,288,135,uniform,500,adaptive,17,69.0,2.8000000000000007,69.0,40.0,0.1
geolife,user062,288,135,uniform,500,adaptive,18,69.0,2.8000000000000007,69.0,40.0,0.1
geolife,user062,288,135,uniform,500,adaptive,19,69.0,2.8000000000000007,69.0,40.0,0.1
geolife,user062,288,135,uniform,500,adaptive,20,69.0,2.8000000000000007,69.0,40.0,0.1
geolife,user062,288,135,uniform,500,adaptive,21,69.0,2.8000000000000007,69.0,40.0,0.1
geolife,user062,288,135,uniform,500,adaptive,22,69.0,2.8000000000000007,69.0,40.0,0.1
geolife,user062,288,135,uniform,500,adaptive,23,69.0,2.8000000000000007,69.0,40.0,0.1
geolife,user062,288,135,uniform,500,adaptive,24,69.0,2.8000000000000007,69.0,40.0,0.1
geolife,user062,288,135,uniform,500,adaptive,25,69.0,2.8000000000000007,69.0,40.0,0.1
geolife,user062,288,135,uniform,500,adaptive,26,69.0,2.8000000000000007,69.0,40.0,0.1
geolife,user062,288,135,uniform,500,adaptive,27,69.0,2.8000000000000007,69.0,40.0,0.1
geolife,user062,288,135,uniform,500,adaptive,28,69.0,2.8000000000000007,69.0,40.0,0.1
geolife,user062,288,135,uniform,500,adaptive,29,69.0,2.8000000000000007,69.0,40.0,0.1
geolife,user062,288,135,uniform,500,adaptive,30,69.0,2.8000000000000007,69.0,40.0,0.1
geolife,user062,288,135,uniform,500,adaptive,31,69.0,2.8000000000000007,69.0,40.0,0.1
geolife,user062,288,135,uniform,500,adaptive,32,69.0,2.8000000000000007,69.0,40.0,0.1
geolife,user062,288,135,uniform,500,adaptive,33,69.0,2.8000000000000007,69.0,40.0,0.1
geolife,user062,288,135,uniform,500,adaptive,34,69.0,2.8000000000000007,69.0,40.0,0.1
geolife,user062,288,135,uniform,500,adaptive,35,69.0,2.8000000000000007,69.0,40.0,0.1
geolife,user062,288,135,uniform,500,adaptive,36,69.0,2.8000000000000007,69.0,40.0,0.1
geolife,user062,288,135,uniform,500,adaptive,37,69.0,2.8000000000000007,69.0,40.0,0.1
geolife,user062,288,135,uniform,500,adaptive,38,69.0,2.8000000000000007,69.0,40.0,0.1
geolife,user062,288,135,uniform,500,adaptive,39,69.0,2.8000000000000007,69.0,40.0,0.1
geolife,user062,288,135,uniform,500,adaptive,40,69.0,2.8000000000000007,69.0,40.0,0.1
geolife,user062,288,135,popular,1000,random,0,135.0,135.0,135.0,135.0,0.0
geolife,user062,288,135,popular,1000,random,1,135.0,130.8,135.0,131.25,0.0
geolife,user062,288,135,popular,1000,random,2,135.0,110.3,135.0,125.575,0.0
geolife,user062,288,135,popular,1000,random,3,135.0,57.0,135.0,119.075,0.0
geolife,user062,288,135,popular,1000,random,4,135.0,57.0,135.0,118.375,0.0
geolife,user062,288,135,popular,1000,random,5,132.5,57.0,135.0,114.325,0.0
geolife,user062,288,135,popular,1000,random,6,128.0,55.50000000000001,135.0,111.0,0.0
geolife,user062,288,135,popular,1000,random,7,125.5,55.50000000000001,135.0,108.4,0.0
geolife,user062,288,135,popular,1000,random,8,124.0,42.0,135.0,105.1,0.0
geolife,user062,288,135,popular,1000,random,9,122.0,42.0,135.0,104.475,0.0
geolife,user062,288,135,popular,1000,random,10,113.0,35.300000000000004,135.0,98.875,0.0
geolife,user062,288,135,popular,1000,random,11,112.0,35.300000000000004,135.0,98.15,0.0
geolife,user062,288,135,popular,1000,random,12,112.0,35.300000000000004,135.0,97.625,0.0
geolife,user062,288,135,popular,1000,random,13,112.0,35.300000000000004,135.0,96.75,0.0
geolife,user062,288,135,popular,1000,random,14,112.0,28.700000000000003,135.0,95.25,0.0
geolife,user062,288,135,popular,1000,random,15,109.5,26.9,135.0,93.475,0.0
geolife,user062,288,135,popular,1000,random,16,109.5,26.9,132.0,93.125,0.0
geolife,user062,288,135,popular,1000,random,17,109.5,25.5,132.0,92.1,0.0
geolife,user062,288,135,popular,1000,random,18,109.5,23.700000000000003,132.0,91.975,0.0
geolife,user062,288,135,popular,1000,random,19,106.0,23.700000000000003,132.0,90.65,0.0
geolife,user062,288,135,popular,1000,random,20,103.5,23.700000000000003,128.4,87.225,0.0
geolife,user062,288,135,popular,1000,random,21,98.0,23.700000000000003,127.1,85.25,0.0
geolife,user062,288,135,popular,1000,random,22,97.0,19.5,127.1,83.45,0.0
geolife,user062,288,135,popular,1000,random,23,97.0,16.8,127.0,82.675,0.0
geolife,user062,288,135,popular,1000,random,24,95.5,14.700000000000001,126.1,78.825,0.0
geolife,user062,288,135,popular,1000,random,25,95.0,14.700000000000001,120.5,76.2,0.0
geolife,user062,288,135,popular,1000,random,26,94.5,14.700000000000001,120.5,75.375,0.0
geolife,user062,288,135,popular,1000,random,27,94.5,14.700000000000001,120.0,74.9,0.0
geolife,user062,288,135,popular,1000,random,28,93.0,14.700000000000001,118.2,73.825,0.0
geolife,user062,288,135,popular,1000,random,29,90.5,14.700000000000001,118.2,73.2,0.0
geolife,user062,288,135,popular,1000,random,30,90.5,14.700000000000001,118.2,73.2,0.0
geolife,user062,288,135,popular,1000,random,31,88.5,14.700000000000001,116.2,71.35,0.0
geolife,user062,288,135,popular,1000,random,32,77.5,14.700000000000001,116.2,70.4,0.0
geolife,user062,288,135,popular,1000,random,33,72.0,14.700000000000001,116.2,68.0,0.0
geolife,user062,288,135,popular,1000,random,34,71.5,11.600000000000001,116.2,65.625,0.0
geolife,user062,288,135,popular,1000,random,35,71.5,11.600000000000001,116.2,65.25,0.0
geolife,user062,288,135,popular,1000,random,36,71.0,11.600000000000001,116.2,64.925,0.0
geolife,user062,288,135,popular,1000,random,37,71.0,11.600000000000001,116.2,64.85,0.0
geolife,user062,288,135,popular,1000,random,38,71.0,11.600000000000001,115.30000000000001,64.825,0.0
geolife,user062,288,135,popular,1000,random,39,70.5,10.700000000000001,115.30000000000001,64.05,0.0
geolife,user062,288,135,popular,1000,random,40,70.5,10.700000000000001,115.0,63.225,0.0
geolife,user062,288,135,popular,1000,adaptive,0,135.0,135.0,135.0,135.0,0.0
geolife,user062,288,135,popular,1000,adaptive,1,72.0,63.0,72.0,68.4,0.0
geolife,user062,288,135,popular,1000,adaptive,2,36.0,27.0,38.0,34.05,0.0
geolife,user062,288,135,popular,1000,adaptive,3,23.0,11.0,25.0,18.55,0.0
geolife,user062,288,135,popular,1000,adaptive,4,8.0,5.9,21.0,11.75,0.0
geolife,user062,288,135,popular,1000,adaptive,5,5.0,2.0,20.0,7.85,0.075
geolife,user062,288,135,popular,1000,adaptive,6,3.0,1.0,19.0,6.425,0.25
geolife,user062,288,135,popular,1000,adaptive,7,2.0,1.0,19.0,5.85,0.4
geolife,user062,288,135,popular,1000,adaptive,8,1.5,1.0,19.0,5.725,0.5
geolife,user062,288,135,popular,1000,adaptive,9,1.0,1.0,19.0,5.675,0.525
geolife,user062,288,135,popular,1000,adaptive,10,1.0,1.0,19.0,5.675,0.525
geolife,user062,288,135,popular,1000,adaptive,11,1.0,1.0,19.0,5.675,0.525
geolife,user062,288,135,popular,1000,adaptive,12,1.0,1.0,19.0,5.675,0.525
geolife,user062,288,135,popular,1000,adaptive,13,1.0,1.0,19.0,5.675,0.525
geolife,user062,288,135,popular,1000,adaptive,14,1.0,1.0,19.0,5.675,0.525
geolife,user062,288,135,popular,1000,adaptive,15,1.0,1.0,19.0,5.675,0.525
geolife,user062,288,135,popular,1000,adaptive,16,1.0,1.0,19.0,5.675,0.525
geolife,user062,288,135,popular,1000,adaptive,17,1.0,1.0,19.0,5.675,0.525
geolife,user062,288,135,popular,1000,adaptive,18,1.0,1.0,19.0,5.675,0.525
geolife,user062,288,135,popular,1000,adaptive,19,1.0,1.0,19.0,5.675,0.525
geolife,user062,288,135,popular,1000,adaptive,20,1.0,1.0,19.0,5.675,0.525
geolife,user062,288,135,popular,1000,adaptive,21,1.0,1.0,19.0,5.675,0.525
geolife,user062,288,135,popular,1000,adaptive,22,1.0,1.0,19.0,5.675,0.525
geolife,user062,288,135,popular,1000,adaptive,23,1.0,1.0,19.0,5.675,0.525
geolife,user062,288,135,popular,1000,adaptive,24,1.0,1.0,19.0,5.675,0.525
geolife,user062,288,135,popular,1000,adaptive,25,1.0,1.0,19.0,5.675,0.525
geolife,user062,288,135,popular,1000,adaptive,26,1.0,1.0,19.0,5.675,0.525
geolife,user062,288,135,popular,1000,adaptive,27,1.0,1.0,19.0,5.675,0.525
geolife,user062,288,135,popular,1000,adaptive,28,1.0,1.0,19.0,5.675,0.525
geolife,user062,288,135,popular,1000,adaptive,29,1.0,1.0,19.0,5.675,0.525
geolife,user062,288,135,popular,1000,adaptive,30,1.0,1.0,19.0,5.675,0.525
geolife,user062,288,135,popular,1000,adaptive,31,1.0,1.0,19.0,5.675,0.525
geolife,user062,288,135,popular,1000,adaptive,32,1.0,1.0,19.0,5.675,0.525
geolife,user062,288,135,popular,1000,adaptive,33,1.0,1.0,19.0,5.675,0.525
geolife,user062,288,135,popular,1000,adaptive,34,1.0,1.0,19.0,5.675,0.525
geolife,user062,288,135,popular,1000,adaptive,35,1.0,1.0,19.0,5.675,0.525
geolife,user062,288,135,popular,1000,adaptive,36,1.0,1.0,19.0,5.675,0.525
geolife,user062,288,135,popular,1000,adaptive,37,1.0,1.0,19.0,5.675,0.525
geolife,user062,288,135,popular,1000,adaptive,38,1.0,1.0,19.0,5.675,0.525
geolife,user062,288,135,popular,1000,adaptive,39,1.0,1.0,19.0,5.675,0.525
geolife,user062,288,135,popular,1000,adaptive,40,1.0,1.0,19.0,5.675,0.525
geolife,user062,288,135,uniform,1000,random,0,135.0,135.0,135.0,135.0,0.0
geolife,user062,288,135,uniform,1000,random,1,135.0,135.0,135.0,134.85,0.0
geolife,user062,288,135,uniform,1000,random,2,135.0,135.0,135.0,134.775,0.0
geolife,user062,288,135,uniform,1000,random,3,135.0,134.0,135.0,134.2,0.0
geolife,user062,288,135,uniform,1000,random,4,135.0,132.0,135.0,134.05,0.0
geolife,user062,288,135,uniform,1000,random,5,135.0,130.0,135.0,133.7,0.0
geolife,user062,288,135,uniform,1000,random,6,135.0,130.0,135.0,133.55,0.0
geolife,user062,288,135,uniform,1000,random,7,135.0,129.0,135.0,131.25,0.0
geolife,user062,288,135,uniform,1000,random,8,135.0,129.0,135.0,130.55,0.0
geolife,user062,288,135,uniform,1000,random,9,135.0,129.0,135.0,130.55,0.0
geolife,user062,288,135,uniform,1000,random,10,135.0,128.0,135.0,130.15,0.0
geolife,user062,288,135,uniform,1000,random,11,135.0,128.0,135.0,130.1,0.0
geolife,user062,288,135,uniform,1000,random,12,135.0,128.0,135.0,130.075,0.0
geolife,user062,288,135,uniform,1000,random,13,135.0,118.8,135.0,129.15,0.0
geolife,user062,288,135,uniform,1000,random,14,135.0,118.8,135.0,129.15,0.0
geolife,user062,288,135,uniform,1000,random,15,135.0,118.8,135.0,129.1,0.0
geolife,user062,288,135,uniform,1000,random,16,135.0,118.8,135.0,129.0,0.0
geolife,user062,288,135,uniform,1000,random,17,135.0,118.8,135.0,128.875,0.0
geolife,user062,288,135,uniform,1000,random,18,135.0,116.7,135.0,127.55,0.0
geolife,user062,288,135,uniform,1000,random,19,134.0,113.6,135.0,124.2,0.0
geolife,user062,288,135,uniform,1000,random,20,133.0,113.6,135.0,124.05,0.0
geolife,user062,288,135,uniform,1000,random,21,132.0,107.4,135.0,121.075,0.0
geolife,user062,288,135,uniform,1000,random,22,132.0,107.4,135.0,121.0,0.0
geolife,user062,288,135,uniform,1000,random,23,132.0,107.4,135.0,121.0,0.0
geolife,user062,288,135,uniform,1000,random,24,130.5,80.4,135.0,117.6,0.025
geolife,user062,288,135,uniform,1000,random,25,130.5,80.4,135.0,117.35,0.025
geolife,user062,288,135,uniform,1000,random,26,130.5,80.4,135.0,117.35,0.025
geolife,user062,288,135,uniform,1000,random,27,130.0,80.4,135.0,116.925,0.025
geolife,user062,288,135,uniform,1000,random,28,130.0,80.4,135.0,116.9,0.025
geolife,user062,288,135,uniform,1000,random,29,130.0,80.4,135.0,116.8,0.025
geolife,user062,288,135,uniform,1000,random,30,130.0,80.4,135.0,116.775,0.025
geolife,user062,288,135,uniform,1000,random,31,130.0,80.4,135.0,116.75,0.025
geolife,user062,288,135,uniform,1000,random,32,129.5,80.4,135.0,116.625,0.025
geolife,user062,288,135,uniform,1000,random,33,129.5,80.4,135.0,116.625,0.025
geolife,user062,288,135,uniform,1000,random,34,129.5,80.4,135.0,116.575,0.025
geolife,user062,288,135,uniform,1000,random,35,129.5,80.4,135.0,116.475,0.025
geolife,user062,288,135,uniform,1000,random,36,129.5,45.000000000000014,135.0,112.7,0.05
geolife,user062,288,135,uniform,1000,random,37,129.5,45.000000000000014,135.0,112.65,0.05
geolife,user062,288,135,uniform,1000,random,38,129.5,45.000000000000014,135.0,112.575,0.05
geolife,user062,288,135,uniform,1000,random,39,129.5,45.000000000000014,135.0,112.575,0.05
geolife,user062,288,135,uniform,1000,random,40,129.5,45.000000000000014,135.0,112.475,0.05
geolife,user062,288,135,uniform,1000,adaptive,0,135.0,135.0,135.0,135.0,0.0
geolife,user062,288,135,uniform,1000,adaptive,1,51.0,51.0,84.0,65.85,0.0
geolife,user062,288,135,uniform,1000,adaptive,2,37.0,14.0,63.0,37.325,0.0
geolife,user062,288,135,uniform,1000,adaptive,3,33.0,13.0,59.0,31.575,0.0
geolife,user062,288,135,uniform,1000,adaptive,4,31.0,13.0,55.0,29.0,0.0
geolife,user062,288,135,uniform,1000,adaptive,5,30.0,12.0,52.0,27.675,0.05
geolife,user062,288,135,uniform,1000,adaptive,6,29.0,11.000000000000004,50.0,26.125,0.075
geolife,user062,288,135,uniform,1000,adaptive,7,29.0,2.0,48.0,24.475,0.075
geolife,user062,288,135,uniform,1000,adaptive,8,29.0,1.9000000000000004,47.0,23.1,0.1
geolife,user062,288,135,uniform,1000,adaptive,9,29.0,1.9000000000000004,46.0,22.9,0.1
geolife,user062,288,135,uniform,1000,adaptive,10,29.0,1.9000000000000004,46.0,22.9,0.1
geolife,user062,288,135,uniform,1000,adaptive,11,29.0,1.9000000000000004,46.0,22.9,0.1
geolife,user062,288,135,uniform,1000,adaptive,12,29.0,1.9000000000000004,46.0,22.9,0.1
geolife,user062,288,135,uniform,1000,adaptive,13,29.0,1.9000000000000004,46.0,22.9,0.1
geolife,user062,288,135,uniform,1000,adaptive,14,29.0,1.9000000000000004,46.0,22.9,0.1
geolife,user062,288,135,uniform,1000,adaptive,15,29.0,1.9000000000000004,46.0,22.9,0.1
geolife,user062,288,135,uniform,1000,adaptive,16,29.0,1.9000000000000004,46.0,22.9,0.1
geolife,user062,288,135,uniform,1000,adaptive,17,29.0,1.9000000000000004,46.0,22.9,0.1
geolife,user062,288,135,uniform,1000,adaptive,18,29.0,1.9000000000000004,46.0,22.9,0.1
geolife,user062,288,135,uniform,1000,adaptive,19,29.0,1.9000000000000004,46.0,22.9,0.1
geolife,user062,288,135,uniform,1000,adaptive,20,29.0,1.9000000000000004,46.0,22.9,0.1
geolife,user062,288,135,uniform,1000,adaptive,21,29.0,1.9000000000000004,46.0,22.9,0.1
geolife,user062,288,135,uniform,1000,adaptive,22,29.0,1.9000000000000004,46.0,22.9,0.1
geolife,user062,288,135,uniform,1000,adaptive,23,29.0,1.9000000000000004,46.0,22.9,0.1
geolife,user062,288,135,uniform,1000,adaptive,24,29.0,1.9000000000000004,46.0,22.9,0.1
geolife,user062,288,135,uniform,1000,adaptive,25,29.0,1.9000000000000004,46.0,22.9,0.1
geolife,user062,288,135,uniform,1000,adaptive,26,29.0,1.9000000000000004,46.0,22.9,0.1
geolife,user062,288,135,uniform,1000,adaptive,27,29.0,1.9000000000000004,46.0,22.9,0.1
geolife,user062,288,135,uniform,1000,adaptive,28,29.0,1.9000000000000004,46.0,22.9,0.1
geolife,user062,288,135,uniform,1000,adaptive,29,29.0,1.9000000000000004,46.0,22.9,0.1
geolife,user062,288,135,uniform,1000,adaptive,30,29.0,1.9000000000000004,46.0,22.9,0.1
geolife,user062,288,135,uniform,1000,adaptive,31,29.0,1.9000000000000004,46.0,22.9,0.1
geolife,user062,288,135,uniform,1000,adaptive,32,29.0,1.9000000000000004,46.0,22.9,0.1
geolife,user062,288,135,uniform,1000,adaptive,33,29.0,1.9000000000000004,46.0,22.9,0.1
geolife,user062,288,135,uniform,1000,adaptive,34,29.0,1.9000000000000004,46.0,22.9,0.1
geolife,user062,288,135,uniform,1000,adaptive,35,29.0,1.9000000000000004,46.0,22.9,0.1
geolife,user062,288,135,uniform,1000,adaptive,36,29.0,1.9000000000000004,46.0,22.9,0.1
geolife,user062,288,135,uniform,1000,adaptive,37,29.0,1.9000000000000004,46.0,22.9,0.1
geolife,user062,288,135,uniform,1000,adaptive,38,29.0,1.9000000000000004,46.0,22.9,0.1
geolife,user062,288,135,uniform,1000,adaptive,39,29.0,1.9000000000000004,46.0,22.9,0.1
geolife,user062,288,135,uniform,1000,adaptive,40,29.0,1.9000000000000004,46.0,22.9,0.1
geolife,user144,172,80,popular,250,random,0,80.0,80.0,80.0,80.0,0.0
geolife,user144,172,80,popular,250,random,1,80.0,80.0,80.0,79.85,0.0
geolife,user144,172,80,popular,250,random,2,80.0,78.9,80.0,79.625,0.0
geolife,user144,172,80,popular,250,random,3,80.0,78.0,80.0,79.45,0.0
geolife,user144,172,80,popular,250,random,4,80.0,75.0,80.0,79.0,0.0
geolife,user144,172,80,popular,250,random,5,80.0,75.0,80.0,78.775,0.0
geolife,user144,172,80,popular,250,random,6,80.0,74.8,80.0,78.45,0.0
geolife,user144,172,80,popular,250,random,7,80.0,73.0,80.0,78.25,0.0
geolife,user144,172,80,popular,250,random,8,80.0,73.0,80.0,78.075,0.0
geolife,user144,172,80,popular,250,random,9,79.0,73.0,80.0,77.9,0.0
geolife,user144,172,80,popular,250,random,10,79.0,73.0,80.0,77.775,0.0
geolife,user144,172,80,popular,250,random,11,79.0,73.0,80.0,77.675,0.0
geolife,user144,172,80,popular,250,random,12,78.5,72.9,80.0,77.15,0.0
geolife,user144,172,80,popular,250,random,13,78.0,72.0,80.0,76.825,0.0
geolife,user144,172,80,popular,250,random,14,78.0,71.0,80.0,76.5,0.0
geolife,user144,172,80,popular,250,random,15,77.5,71.0,80.0,76.25,0.0
geolife,user144,172,80,popular,250,random,16,77.5,71.0,80.0,76.175,0.0
geolife,user144,172,80,popular,250,random,17,77.0,70.8,80.0,75.75,0.0
geolife,user144,172,80,popular,250,random,18,76.5,70.7,80.0,75.475,0.0
geolife,user144,172,80,popular,250,random,19,76.0,70.7,80.0,75.35,0.0
geolife,user144,172,80,popular,250,random,20,76.0,66.9,80.0,74.8,0.0
geolife,user144,172,80,popular,250,random,21,76.0,66.9,80.0,74.575,0.0
geolife,user144,172,80,popular,250,random,22,75.5,66.9,80.0,74.375,0.0
geolife,user144,172,80,popular,250,random,23,75.0,66.0,80.0,73.95,0.0
geolife,user144,172,80,popular,250,random,24,75.0,66.0,79.1,73.775,0.0
geolife,user144,172,80,popular,250,random,25,75.0,66.0,79.1,73.6,0.0
geolife,user144,172,80,popular,250,random,26,75.0,65.8,79.0,73.5,0.0
geolife,user144,172,80,popular,250,random,27,73.5,64.0,79.0,72.9,0.0
geolife,user144,172,80,popular,250,random,28,73.5,64.0,79.0,72.825,0.0
geolife,user144,172,80,popular,250,random,29,72.5,64.0,79.0,72.6,0.0
geolife,user144,172,80,popular,250,random,30,72.5,63.9,79.0,72.375,0.0
geolife,user144,172,80,popular,250,random,31,72.5,63.9,79.0,72.225,0.0
geolife,user144,172,80,popular,250,random,32,72.0,63.9,78.1,71.825,0.0
geolife,user144,172,80,popular,250,random,33,71.5,63.0,78.1,71.475,0.0
geolife,user144,172,80,popular,250,random,34,71.5,62.9,78.1,71.275,0.0
geolife,user144,172,80,popular,250,random,35,71.0,62.0,78.0,70.75,0.0
geolife,user144,172,80,popular,250,random,36,71.0,62.0,78.0,70.55,0.0
geolife,user144,172,80,popular,250,random,37,71.0,61.8,78.0,70.05,0.0
geolife,user144,172,80,popular,250,random,38,71.0,61.8,78.0,69.975,0.0
geolife,user144,172,80,popular,250,random,39,71.0,60.9,77.0,69.425,0.0
geolife,user144,172,80,popular,250,random,40,70.0,59.9,77.0,67.65,0.0
geolife,user144,172,80,popular,250,adaptive,0,80.0,80.0,80.0,80.0,0.0
geolife,user144,172,80,popular,250,adaptive,1,65.0,15.0,65.0,57.5,0.0
geolife,user144,172,80,popular,250,adaptive,2,53.0,8.0,53.0,42.1,0.0
geolife,user144,172,80,popular,250,adaptive,3,45.0,6.0,45.0,34.5,0.0
geolife,user144,172,80,popular,250,adaptive,4,38.0,4.0,38.0,26.6,0.0
geolife,user144,172,80,popular,250,adaptive,5,35.0,1.0,35.0,23.875,0.125
geolife,user144,172,80,popular,250,adaptive,6,33.0,1.0,33.0,22.325,0.125
geolife,user144,172,80,popular,250,adaptive,7,32.0,1.0,32.0,21.475,0.25
geolife,user144,172,80,popular,250,adaptive,8,31.0,1.0,31.0,19.9,0.325
geolife,user144,172,80,popular,250,adaptive,9,30.0,1.0,30.0,19.275,0.325
geolife,user144,172,80,popular,250,adaptive,10,29.0,1.0,29.0,18.65,0.325
geolife,user144,172,80,popular,250,adaptive,11,28.0,1.0,28.0,16.0,0.4
geolife,user144,172,80,popular,250,adaptive,12,16.0,1.0,27.0,14.15,0.45
geolife,user144,172,80,popular,250,adaptive,13,15.5,1.0,26.0,13.65,0.45
geolife,user144,172,80,popular,250,adaptive,14,4.0,1.0,25.0,12.55,0.475
geolife,user144,172,80,popular,250,adaptive,15,1.0,1.0,24.0,10.925,0.525
geolife,user144,172,80,popular,250,adaptive,16,1.0,1.0,23.0,10.5,0.525
geolife,user144,172,80,popular,250,adaptive,17,1.0,1.0,22.0,10.075,0.525
geolife,user144,172,80,popular,250,adaptive,18,1.0,1.0,22.0,10.075,0.525
geolife,user144,172,80,popular,250,adaptive,19,1.0,1.0,22.0,10.075,0.525
geolife,user144,172,80,popular,250,adaptive,20,1.0,1.0,22.0,10.075,0.525
geolife,user144,172,80,popular,250,adaptive,21,1.0,1.0,22.0,10.075,0.525
geolife,user144,172,80,popular,250,adaptive,22,1.0,1.0,22.0,10.075,0.525
geolife,user144,172,80,popular,250,adaptive,23,1.0,1.0,22.0,10.075,0.525
geolife,user144,172,80,popular,250,adaptive,24,1.0,1.0,22.0,10.075,0.525
geolife,user144,172,80,popular,250,adaptive,25,1.0,1.0,22.0,10.075,0.525
geolife,user144,172,80,popular,250,adaptive,26,1.0,1.0,22.0,10.075,0.525
geolife,user144,172,80,popular,250,adaptive,27,1.0,1.0,22.0,10.075,0.525
geolife,user144,172,80,popular,250,adaptive,28,1.0,1.0,22.0,10.075,0.525
geolife,user144,172,80,popular,250,adaptive,29,1.0,1.0,22.0,10.075,0.525
geolife,user144,172,80,popular,250,adaptive,30,1.0,1.0,22.0,10.075,0.525
geolife,user144,172,80,popular,250,adaptive,31,1.0,1.0,22.0,10.075,0.525
geolife,user144,172,80,popular,250,adaptive,32,1.0,1.0,22.0,10.075,0.525
geolife,user144,172,80,popular,250,adaptive,33,1.0,1.0,22.0,10.075,0.525
geolife,user144,172,80,popular,250,adaptive,34,1.0,1.0,22.0,10.075,0.525
geolife,user144,172,80,popular,250,adaptive,35,1.0,1.0,22.0,10.075,0.525
geolife,user144,172,80,popular,250,adaptive,36,1.0,1.0,22.0,10.075,0.525
geolife,user144,172,80,popular,250,adaptive,37,1.0,1.0,22.0,10.075,0.525
geolife,user144,172,80,popular,250,adaptive,38,1.0,1.0,22.0,10.075,0.525
geolife,user144,172,80,popular,250,adaptive,39,1.0,1.0,22.0,10.075,0.525
geolife,user144,172,80,popular,250,adaptive,40,1.0,1.0,22.0,10.075,0.525
geolife,user144,172,80,uniform,250,random,0,80.0,80.0,80.0,80.0,0.0
geolife,user144,172,80,uniform,250,random,1,80.0,80.0,80.0,79.8,0.0
geolife,user144,172,80,uniform,250,random,2,80.0,79.8,80.0,79.75,0.0
geolife,user144,172,80,uniform,250,random,3,80.0,79.8,80.0,79.75,0.0
geolife,user144,172,80,uniform,250,random,4,80.0,78.0,80.0,79.65,0.0
geolife,user144,172,80,uniform,250,random,5,80.0,78.0,80.0,79.625,0.0
geolife,user144,172,80,uniform,250,random,6,80.0,78.0,80.0,79.625,0.0
geolife,user144,172,80,uniform,250,random,7,80.0,78.0,80.0,79.625,0.0
geolife,user144,172,80,uniform,250,random,8,80.0,78.0,80.0,79.625,0.0
geolife,user144,172,80,uniform,250,random,9,80.0,78.0,80.0,79.575,0.0
geolife,user144,172,80,uniform,250,random,10,80.0,78.0,80.0,79.55,0.0
geolife,user144,172,80,uniform,250,random,11,80.0,78.0,80.0,79.525,0.0
geolife,user144,172,80,uniform,250,random,12,80.0,78.0,80.0,79.525,0.0
geolife,user144,172,80,uniform,250,random,13,80.0,78.0,80.0,79.5,0.0
geolife,user144,172,80,uniform,250,random,14,80.0,78.0,80.0,79.45,0.0
geolife,user144,172,80,uniform,250,random,15,80.0,78.0,80.0,79.375,0.0
geolife,user144,172,80,uniform,250,random,16,80.0,78.0,80.0,79.275,0.0
geolife,user144,172,80,uniform,250,random,17,80.0,78.0,80.0,79.275,0.0
geolife,user144,172,80,uniform,250,random,18,80.0,78.0,80.0,79.225,0.0
geolife,user144,172,80,uniform,250,random,19,80.0,78.0,80.0,79.15,0.0
geolife,user144,172,80,uniform,250,random,20,80.0,77.9,80.0,79.075,0.0
geolife,user144,172,80,uniform,250,random,21,80.0,75.9,80.0,78.675,0.0
geolife,user144,172,80,uniform,250,random,22,80.0,75.9,80.0,78.65,0.0
geolife,user144,172,80,uniform,250,random,23,80.0,75.9,80.0,78.625,0.0
geolife,user144,172,80,uniform,250,random,24,80.0,75.9,80.0,78.5,0.0
geolife,user144,172,80,uniform,250,random,25,80.0,75.9,80.0,78.5,0.0
geolife,user144,172,80,uniform,250,random,26,80.0,75.9,80.0,78.425,0.0
geolife,user144,172,80,uniform,250,random,27,80.0,75.9,80.0,78.425,0.0
geolife,user144,172,80,uniform,250,random,28,79.5,75.0,80.0,78.375,0.0
geolife,user144,172,80,uniform,250,random,29,79.0,75.0,80.0,78.125,0.0
geolife,user144,172,80,uniform,250,random,30,79.0,75.0,80.0,78.0,0.0
geolife,user144,172,80,uniform,250,random,31,79.0,75.0,80.0,78.0,0.0
geolife,user144,172,80,uniform,250,random,32,79.0,75.0,80.0,77.875,0.0
geolife,user144,172,80,uniform,250,random,33,79.0,75.0,80.0,77.775,0.0
geolife,user144,172,80,uniform,250,random,34,79.0,75.0,80.0,77.725,0.0
geolife,user144,172,80,uniform,250,random,35,78.5,75.0,80.0,77.675,0.0
geolife,user144,172,80,uniform,250,random,36,78.5,75.0,80.0,77.575,0.0
geolife,user144,172,80,uniform,250,random,37,78.5,75.0,80.0,77.55,0.0
geolife,user144,172,80,uniform,250,random,38,78.0,75.0,80.0,77.35,0.0
geolife,user144,172,80,uniform,250,random,39,78.0,75.0,80.0,77.35,0.0
geolife,user144,172,80,uniform,250,random,40,78.0,73.0,80.0,75.475,0.0
geolife,user144,172,80,uniform,250,adaptive,0,80.0,80.0,80.0,80.0,0.0
geolife,user144,172,80,uniform,250,adaptive,1,70.0,70.0,70.0,67.0,0.0
geolife,user144,172,80,uniform,250,adaptive,2,66.0,9.0,66.0,58.5,0.0
geolife,user144,172,80,uniform,250,adaptive,3,62.0,8.0,62.0,54.875,0.0
geolife,user144,172,80,uniform,250,adaptive,4,60.0,7.500000000000002,60.0,51.675,0.0
geolife,user144,172,80,uniform,250,adaptive,5,58.0,3.0,58.0,47.175,0.0
geolife,user144,172,80,uniform,250,adaptive,6,57.0,2.0,57.0,43.575,0.05
geolife,user144,172,80,uniform,250,adaptive,7,56.0,1.9000000000000004,56.0,40.075,0.1
geolife,user144,172,80,uniform,250,adaptive,8,55.0,1.0,55.0,38.025,0.125
geolife,user144,172,80,uniform,250,adaptive,9,54.0,1.0,54.0,37.35,0.125
geolife,user144,172,80,uniform,250,adaptive,10,53.0,1.0,53.0,35.375,0.15
geolife,user144,172,80,uniform,250,adaptive,11,52.0,1.0,52.0,34.725,0.15
geolife,user144,172,80,uniform,250,adaptive,12,51.0,1.0,51.0,34.075,0.15
geolife,user144,172,80,uniform,250,adaptive,13,50.0,1.0,50.0,30.975,0.2
geolife,user144,172,80,uniform,250,adaptive,14,49.0,1.0,49.0,30.375,0.2
geolife,user144,172,80,uniform,250,adaptive,15,48.0,1.0,48.0,29.775,0.2
geolife,user144,172,80,uniform,250,adaptive,16,48.0,1.0,48.0,29.775,0.2
geolife,user144,172,80,uniform,250,adaptive,17,48.0,1.0,48.0,29.775,0.2
geolife,user144,172,80,uniform,250,adaptive,18,48.0,1.0,48.0,29.775,0.2
geolife,user144,172,80,uniform,250,adaptive,19,48.0,1.0,48.0,29.775,0.2
geolife,user144,172,80,uniform,250,adaptive,20,48.0,1.0,48.0,29.775,0.2
geolife,user144,172,80,uniform,250,adaptive,21,48.0,1.0,48.0,29.775,0.2
geolife,user144,172,80,uniform,250,adaptive,22,48.0,1.0,48.0,29.775,0.2
geolife,user144,172,80,uniform,250,adaptive,23,48.0,1.0,48.0,29.775,0.2
geolife,user144,172,80,uniform,250,adaptive,24,48.0,1.0,48.0,29.775,0.2
geolife,user144,172,80,uniform,250,adaptive,25,48.0,1.0,48.0,29.775,0.2
geolife,user144,172,80,uniform,250,adaptive,26,48.0,1.0,48.0,29.775,0.2
geolife,user144,172,80,uniform,250,adaptive,27,48.0,1.0,48.0,29.775,0.2
geolife,user144,172,80,uniform,250,adaptive,28,48.0,1.0,48.0,29.775,0.2
geolife,user144,172,80,uniform,250,adaptive,29,48.0,1.0,48.0,29.775,0.2
geolife,user144,172,80,uniform,250,adaptive,30,48.0,1.0,48.0,29.775,0.2
geolife,user144,172,80,uniform,250,adaptive,31,48.0,1.0,48.0,29.775,0.2
geolife,user144,172,80,uniform,250,adaptive,32,48.0,1.0,48.0,29.775,0.2
geolife,user144,172,80,uniform,250,adaptive,33,48.0,1.0,48.0,29.775,0.2
geolife,user144,172,80,uniform,250,adaptive,34,48.0,1.0,48.0,29.775,0.2
geolife,user144,172,80,uniform,250,adaptive,35,48.0,1.0,48.0,29.775,0.2
geolife,user144,172,80,uniform,250,adaptive,36,48.0,1.0,48.0,29.775,0.2
geolife,user144,172,80,uniform,250,adaptive,37,48.0,1.0,48.0,29.775,0.2
geolife,user144,172,80,uniform,250,adaptive,38,48.0,1.0,48.0,29.775,0.2
geolife,user144,172,80,uniform,250,adaptive,39,48.0,1.0,48.0,29.775,0.2
geolife,user144,172,80,uniform,250,adaptive,40,48.0,1.0,48.0,29.775,0.2
geolife,user144,172,80,popular,500,random,0,80.0,80.0,80.0,80.0,0.0
geolife,user144,172,80,popular,500,random,1,80.0,78.0,80.0,79.375,0.0
geolife,user144,172,80,popular,500,random,2,80.0,77.9,80.0,79.125,0.0
geolife,user144,172,80,popular,500,random,3,80.0,70.6,80.0,75.975,0.0
geolife,user144,172,80,popular,500,random,4,79.0,65.7,80.0,74.75,0.0
geolife,user144,172,80,popular,500,random,5,79.0,65.4,80.0,74.075,0.0
geolife,user144,172,80,popular,500,random,6,78.0,65.4,80.0,73.7,0.0
geolife,user144,172,80,popular,500,random,7,78.0,65.4,80.0,73.675,0.0
geolife,user144,172,80,popular,500,random,8,77.5,65.4,80.0,73.575,0.0
geolife,user144,172,80,popular,500,random,9,76.0,50.8,80.0,71.175,0.0
geolife,user144,172,80,popular,500,random,10,75.0,50.7,79.0,70.1,0.0
geolife,user144,172,80,popular,500,random,11,74.0,47.8,79.0,67.575,0.0
geolife,user144,172,80,popular,500,random,12,72.5,47.8,79.0,66.9,0.0
geolife,user144,172,80,popular,500,random,13,72.0,44.400000000000006,79.0,65.575,0.0
geolife,user144,172,80,popular,500,random,14,72.0,44.400000000000006,79.0,65.075,0.0
geolife,user144,172,80,popular,500,random,15,70.5,42.60000000000001,79.0,64.025,0.0
geolife,user144,172,80,popular,500,random,16,70.0,28.700000000000003,78.1,61.15,0.0
geolife,user144,172,80,popular,500,random,17,69.5,28.700000000000003,78.1,60.375,0.0
geolife,user144,172,80,popular,500,random,18,68.5,28.700000000000003,78.0,59.55,0.0
geolife,user144,172,80,popular,500,random,19,65.5,28.700000000000003,77.1,58.85,0.0
geolife,user144,172,80,popular,500,random,20,64.0,28.600000000000005,77.0,58.3,0.0
geolife,user144,172,80,popular,500,random,21,63.0,15.9,75.2,56.475,0.0
geolife,user144,172,80,popular,500,random,22,61.0,15.9,75.2,55.675,0.0
geolife,user144,172,80,popular,500,random,23,59.5,15.9,75.2,54.95,0.0
geolife,user144,172,80,popular,500,random,24,59.5,15.9,75.1,54.875,0.0
geolife,user144,172,80,popular,500,random,25,59.5,15.9,73.30000000000001,54.425,0.0
geolife,user144,172,80,popular,500,random,26,58.5,15.9,73.30000000000001,52.725,0.0
geolife,user144,172,80,popular,500,random,27,58.5,15.0,73.30000000000001,52.625,0.0
geolife,user144,172,80,popular,500,random,28,57.0,15.0,72.4,51.675,0.0
geolife,user144,172,80,popular,500,random,29,56.0,15.0,70.2,51.05,0.0
geolife,user144,172,80,popular,500,random,30,56.0,15.0,70.2,50.775,0.0
geolife,user144,172,80,popular,500,random,31,55.0,15.0,70.2,50.375,0.0
geolife,user144,172,80,popular,500,random,32,55.0,15.0,68.2,49.975,0.0
geolife,user144,172,80,popular,500,random,33,54.5,11.400000000000002,68.1,48.475,0.025
geolife,user144,172,80,popular,500,random,34,54.5,11.400000000000002,68.0,48.0,0.025
geolife,user144,172,80,popular,500,random,35,54.5,11.400000000000002,68.0,47.85,0.025
geolife,user144,172,80,popular,500,random,36,54.5,11.400000000000002,67.1,47.75,0.025
geolife,user144,172,80,popular,500,random,37,54.0,11.400000000000002,66.2,47.425,0.025
geolife,user144,172,80,popular,500,random,38,54.0,11.400000000000002,66.0,46.925,0.025
geolife,user144,172,80,popular,500,random,39,54.0,11.400000000000002,66.0,46.725,0.025
geolife,user144,172,80,popular,500,random,40,54.0,11.400000000000002,66.0,46.3,0.025
geolife,user144,172,80,popular,500,adaptive,0,80.0,80.0,80.0,80.0,0.0
geolife,user144,172,80,popular,500,adaptive,1,46.0,34.0,46.0,42.1,0.0
geolife,user144,172,80,popular,500,adaptive,2,37.0,16.0,37.0,29.925,0.0
geolife,user144,172,80,popular,500,adaptive,3,31.0,6.0,31.0,21.375,0.0
geolife,user144,172,80,popular,500,adaptive,4,17.5,3.0,27.0,15.75,0.0
geolife,user144,172,80,popular,500,adaptive,5,3.0,2.0,24.0,11.925,0.025
geolife,user144,172,80,popular,500,adaptive,6,2.0,1.0,22.0,9.5,0.3
geolife,user144,172,80,popular,500,adaptive,7,2.0,1.0,20.0,7.675,0.475
geolife,user144,172,80,popular,500,adaptive,8,1.0,1.0,18.0,6.975,0.525
geolife,user144,172,80,popular,500,adaptive,9,1.0,1.0,16.0,5.625,0.525
geolife,user144,172,80,popular,500,adaptive,10,1.0,1.0,15.0,5.3,0.575
geolife,user144,172,80,popular,500,adaptive,11,1.0,1.0,14.0,4.7,0.6
geolife,user144,172,80,popular,500,adaptive,12,1.0,1.0,13.0,4.45,0.6
geolife,user144,172,80,popular,500,adaptive,13,1.0,1.0,12.0,4.2,0.6
geolife,user144,172,80,popular,500,adaptive,14,1.0,1.0,11.0,3.95,0.6
geolife,user144,172,80,popular,500,adaptive,15,1.0,1.0,11.0,3.95,0.6
geolife,user144,172,80,popular,500,adaptive,16,1.0,1.0,11.0,3.95,0.6
geolife,user144,172,80,popular,500,adaptive,17,1.0,1.0,11.0,3.95,0.6
geolife,user144,172,80,popular,500,adaptive,18,1.0,1.0,11.0,3.95,0.6
geolife,user144,172,80,popular,500,adaptive,19,1.0,1.0,11.0,3.95,0.6
geolife,user144,172,80,popular,500,adaptive,20,1.0,1.0,11.0,3.95,0.6
geolife,user144,172,80,popular,500,adaptive,21,1.0,1.0,11.0,3.95,0.6
geolife,user144,172,80,popular,500,adaptive,22,1.0,1.0,11.0,3.95,0.6
geolife,user144,172,80,popular,500,adaptive,23,1.0,1.0,11.0,3.95,0.6
geolife,user144,172,80,popular,500,adaptive,24,1.0,1.0,11.0,3.95,0.6
geolife,user144,172,80,popular,500,adaptive,25,1.0,1.0,11.0,3.95,0.6
geolife,user144,172,80,popular,500,adaptive,26,1.0,1.0,11.0,3.95,0.6
geolife,user144,172,80,popular,500,adaptive,27,1.0,1.0,11.0,3.95,0.6
geolife,user144,172,80,popular,500,adaptive,28,1.0,1.0,11.0,3.95,0.6
geolife,user144,172,80,popular,500,adaptive,29,1.0,1.0,11.0,3.95,0.6
geolife,user144,172,80,popular,500,adaptive,30,1.0,1.0,11.0,3.95,0.6
geolife,user144,172,80,popular,500,adaptive,31,1.0,1.0,11.0,3.95,0.6
geolife,user144,172,80,popular,500,adaptive,32,1.0,1.0,11.0,3.95,0.6
geolife,user144,172,80,popular,500,adaptive,33,1.0,1.0,11.0,3.95,0.6
geolife,user144,172,80,popular,500,adaptive,34,1.0,1.0,11.0,3.95,0.6
geolife,user144,172,80,popular,500,adaptive,35,1.0,1.0,11.0,3.95,0.6
geolife,user144,172,80,popular,500,adaptive,36,1.0,1.0,11.0,3.95,0.6
geolife,user144,172,80,popular,500,adaptive,37,1.0,1.0,11.0,3.95,0.6
geolife,user144,172,80,popular,500,adaptive,38,1.0,1.0,11.0,3.95,0.6
geolife,user144,172,80,popular,500,adaptive,39,1.0,1.0,11.0,3.95,0.6
geolife,user144,172,80,popular,500,adaptive,40,1.0,1.0,11.0,3.95,0.6
geolife,user144,172,80,uniform,500,random,0,80.0,80.0,80.0,80.0,0.0
geolife,user144,172,80,uniform,500,random,1,80.0,80.0,80.0,79.65,0.0
geolife,user144,172,80,uniform,500,random,2,80.0,79.0,80.0,79.475,0.0
geolife,user144,172,80,uniform,500,random,3,80.0,78.8,80.0,79.375,0.0
geolife,user144,172,80,uniform,500,random,4,80.0,77.9,80.0,79.325,0.0
geolife,user144,172,80,uniform,500,random,5,80.0,76.0,80.0,79.05,0.0
geolife,user144,172,80,uniform,500,random,6,80.0,75.8,80.0,77.025,0.0
geolife,user144,172,80,uniform,500,random,7,80.0,74.0,80.0,76.75,0.0
geolife,user144,172,80,uniform,500,random,8,79.0,73.9,80.0,74.5,0.0
geolife,user144,172,80,uniform,500,random,9,79.0,70.0,80.0,74.0,0.0
geolife,user144,172,80,uniform,500,random,10,78.5,70.0,80.0,73.7,0.0
geolife,user144,172,80,uniform,500,random,11,78.0,69.8,80.0,73.525,0.0
geolife,user144,172,80,uniform,500,random,12,78.0,67.9,80.0,73.4,0.0
geolife,user144,172,80,uniform,500,random,13,78.0,67.9,80.0,73.275,0.0
geolife,user144,172,80,uniform,500,random,14,77.0,67.0,80.0,72.875,0.0
geolife,user144,172,80,uniform,500,random,15,77.0,66.9,80.0,72.325,0.0
geolife,user144,172,80,uniform,500,random,16,77.0,66.9,80.0,72.25,0.0
geolife,user144,172,80,uniform,500,random,17,76.0,66.0,80.0,71.85,0.0
geolife,user144,172,80,uniform,500,random,18,76.0,66.0,80.0,71.65,0.0
geolife,user144,172,80,uniform,500,random,19,76.0,66.0,79.1,71.4,0.0
geolife,user144,172,80,uniform,500,random,20,75.5,66.0,79.0,70.875,0.0
geolife,user144,172,80,uniform,500,random,21,75.0,65.8,79.0,69.075,0.025
geolife,user144,172,80,uniform,500,random,22,74.0,65.6,79.0,68.725,0.025
geolife,user144,172,80,uniform,500,random,23,74.0,65.6,79.0,68.675,0.025
geolife,user144,172,80,uniform,500,random,24,74.0,65.6,79.0,68.525,0.025
geolife,user144,172,80,uniform,500,random,25,73.5,64.7,79.0,68.25,0.025
geolife,user144,172,80,uniform,500,random,26,73.5,64.7,79.0,68.2,0.025
geolife,user144,172,80,uniform,500,random,27,73.5,64.7,79.0,68.15,0.025
geolife,user144,172,80,uniform,500,random,28,73.5,64.7,78.1,68.05,0.025
geolife,user144,172,80,uniform,500,random,29,73.0,64.5,78.1,67.8,0.025
geolife,user144,172,80,uniform,500,random,30,73.0,64.5,78.1,67.775,0.025
geolife,user144,172,80,uniform,500,random,31,72.5,64.5,78.1,67.45,0.025
geolife,user144,172,80,uniform,500,random,32,72.5,63.6,77.1,67.05,0.025
geolife,user144,172,80,uniform,500,random,33,72.5,63.6,77.1,67.05,0.025
geolife,user144,172,80,uniform,500,random,34,72.5,63.0,77.1,66.875,0.025
geolife,user144,172,80,uniform,500,random,35,72.5,63.0,77.1,66.875,0.025
geolife,user144,172,80,uniform,500,random,36,72.5,63.0,77.1,66.85,0.025
geolife,user144,172,80,uniform,500,random,37,72.5,63.0,77.1,66.825,0.025
geolife,user144,172,80,uniform,500,random,38,72.0,61.900000000000006,77.1,66.475,0.025
geolife,user144,172,80,uniform,500,random,39,71.5,61.900000000000006,77.1,66.25,0.025
geolife,user144,172,80,uniform,500,random,40,71.0,61.900000000000006,77.1,65.875,0.025
geolife,user144,172,80,uniform,500,adaptive,0,80.0,80.0,80.0,80.0,0.0
geolife,user144,172,80,uniform,500,adaptive,1,51.0,29.0,51.0,44.95,0.0
geolife,user144,172,80,uniform,500,adaptive,2,41.0,12.0,41.0,32.475,0.0
geolife,user144,172,80,uniform,500,adaptive,3,35.0,5.9,35.0,25.15,0.0
geolife,user144,172,80,uniform,500,adaptive,4,30.0,3.0,30.0,18.925,0.025
geolife,user144,172,80,uniform,500,adaptive,5,27.0,2.0,27.0,16.8,0.05
geolife,user144,172,80,uniform,500,adaptive,6,16.0,1.0,25.0,14.025,0.125
geolife,user144,172,80,uniform,500,adaptive,7,15.5,1.0,24.0,13.375,0.25
geolife,user144,172,80,uniform,500,adaptive,8,15.0,1.0,23.0,12.875,0.25
geolife,user144,172,80,uniform,500,adaptive,9,7.0,1.0,22.0,11.325,0.3
geolife,user144,172,80,uniform,500,adaptive,10,7.0,1.0,21.0,10.875,0.3
geolife,user144,172,80,uniform,500,adaptive,11,7.0,1.0,20.0,10.425,0.3
geolife,user144,172,80,uniform,500,adaptive,12,6.0,1.0,19.0,9.075,0.35
geolife,user144,172,80,uniform,500,adaptive,13,6.0,1.0,18.0,8.675,0.35
geolife,user144,172,80,uniform,500,adaptive,14,6.0,1.0,17.0,8.275,0.35
geolife,user144,172,80,uniform,500,adaptive,15,3.0,1.0,16.0,7.125,0.4
geolife,user144,172,80,uniform,500,adaptive,16,2.5,1.0,15.0,6.425,0.425
geolife,user144,172,80,uniform,500,adaptive,17,2.5,1.0,15.0,6.425,0.425
geolife,user144,172,80,uniform,500,adaptive,18,2.5,1.0,15.0,6.425,0.425
geolife,user144,172,80,uniform,500,adaptive,19,2.5,1.0,15.0,6.425,0.425
geolife,user144,172,80,uniform,500,adaptive,20,2.5,1.0,15.0,6.425,0.425
geolife,user144,172,80,uniform,500,adaptive,21,2.5,1.0,15.0,6.425,0.425
geolife,user144,172,80,uniform,500,adaptive,22,2.5,1.0,15.0,6.425,0.425
geolife,user144,172,80,uniform,500,adaptive,23,2.5,1.0,15.0,6.425,0.425
geolife,user144,172,80,uniform,500,adaptive,24,2.5,1.0,15.0,6.425,0.425
geolife,user144,172,80,uniform,500,adaptive,25,2.5,1.0,15.0,6.425,0.425
geolife,user144,172,80,uniform,500,adaptive,26,2.5,1.0,15.0,6.425,0.425
geolife,user144,172,80,uniform,500,adaptive,27,2.5,1.0,15.0,6.425,0.425
geolife,user144,172,80,uniform,500,adaptive,28,2.5,1.0,15.0,6.425,0.425
geolife,user144,172,80,uniform,500,adaptive,29,2.5,1.0,15.0,6.425,0.425
geolife,user144,172,80,uniform,500,adaptive,30,2.5,1.0,15.0,6.425,0.425
geolife,user144,172,80,uniform,500,adaptive,31,2.5,1.0,15.0,6.425,0.425
geolife,user144,172,80,uniform,500,adaptive,32,2.5,1.0,15.0,6.425,0.425
geolife,user144,172,80,uniform,500,adaptive,33,2.5,1.0,15.0,6.425,0.425
geolife,user144,172,80,uniform,500,adaptive,34,2.5,1.0,15.0,6.425,0.425
geolife,user144,172,80,uniform,500,adaptive,35,2.5,1.0,15.0,6.425,0.425
geolife,user144,172,80,uniform,500,adaptive,36,2.5,1.0,15.0,6.425,0.425
geolife,user144,172,80,uniform,500,adaptive,37,2.5,1.0,15.0,6.425,0.425
geolife,user144,172,80,uniform,500,adaptive,38,2.5,1.0,15.0,6.425,0.425
geolife,user144,172,80,uniform,500,adaptive,39,2.5,1.0,15.0,6.425,0.425
geolife,user144,172,80,uniform,500,adaptive,40,2.5,1.0,15.0,6.425,0.425
geolife,user144,172,80,popular,1000,random,0,80.0,80.0,80.0,80.0,0.0
geolife,user144,172,80,popular,1000,random,1,80.0,75.8,80.0,76.6,0.025
geolife,user144,172,80,popular,1000,random,2,80.0,72.4,80.0,76.0,0.025
geolife,user144,172,80,popular,1000,random,3,80.0,67.0,80.0,73.875,0.025
geolife,user144,172,80,popular,1000,random,4,79.0,64.8,80.0,72.325,0.025
geolife,user144,172,80,popular,1000,random,5,77.0,64.8,80.0,71.6,0.025
geolife,user144,172,80,popular,1000,random,6,76.0,29.200000000000006,80.0,67.3,0.025
geolife,user144,172,80,popular,1000,random,7,76.0,29.200000000000006,80.0,66.925,0.025
geolife,user144,172,80,popular,1000,random,8,76.0,29.200000000000006,80.0,66.125,0.025
geolife,user144,172,80,popular,1000,random,9,75.0,29.200000000000006,80.0,65.475,0.025
geolife,user144,172,80,popular,1000,random,10,74.0,29.200000000000006,80.0,64.9,0.025
geolife,user144,172,80,popular,1000,random,11,73.0,29.200000000000006,79.0,63.125,0.025
geolife,user144,172,80,popular,1000,random,12,72.0,26.500000000000007,78.1,62.3,0.025
geolife,user144,172,80,popular,1000,random,13,70.0,12.200000000000003,78.1,60.075,0.025
geolife,user144,172,80,popular,1000,random,14,67.0,4.9,77.1,56.625,0.025
geolife,user144,172,80,popular,1000,random,15,66.5,4.9,77.1,55.975,0.025
geolife,user144,172,80,popular,1000,random,16,65.5,4.9,77.1,55.725,0.025
geolife,user144,172,80,popular,1000,random,17,65.5,4.9,77.0,54.95,0.025
geolife,user144,172,80,popular,1000,random,18,65.5,4.9,77.0,54.675,0.025
geolife,user144,172,80,popular,1000,random,19,65.5,4.9,76.1,54.3,0.025
geolife,user144,172,80,popular,1000,random,20,62.5,4.9,76.0,52.575,0.025
geolife,user144,172,80,popular,1000,random,21,62.5,4.9,76.0,52.15,0.025
geolife,user144,172,80,popular,1000,random,22,62.5,4.9,76.0,51.075,0.025
geolife,user144,172,80,popular,1000,random,23,62.5,4.9,76.0,50.8,0.025
geolife,user144,172,80,popular,1000,random,24,61.0,4.9,74.2,48.15,0.025
geolife,user144,172,80,popular,1000,random,25,57.5,4.9,74.2,47.375,0.025
geolife,user144,172,80,popular,1000,random,26,57.5,4.9,74.0,47.125,0.025
geolife,user144,172,80,popular,1000,random,27,56.0,4.9,74.0,46.275,0.025
geolife,user144,172,80,popular,1000,random,28,55.5,4.9,74.0,46.075,0.05
geolife,user144,172,80,popular,1000,random,29,55.5,4.9,71.0,45.85,0.05
geolife,user144,172,80,popular,1000,random,30,54.0,4.9,71.0,45.775,0.05
geolife,user144,172,80,popular,1000,random,31,54.0,4.9,70.0,44.8,0.05
geolife,user144,172,80,popular,1000,random,32,54.0,4.9,70.0,44.725,0.05
geolife,user144,172,80,popular,1000,random,33,54.0,4.9,70.0,44.575,0.05
geolife,user144,172,80,popular,1000,random,34,50.0,3.9000000000000004,66.1,42.45,0.05
geolife,user144,172,80,popular,1000,random,35,50.0,3.9000000000000004,66.0,42.375,0.05
geolife,user144,172,80,popular,1000,random,36,46.5,3.9000000000000004,66.0,41.3,0.05
geolife,user144,172,80,popular,1000,random,37,44.5,3.9000000000000004,66.0,39.75,0.05
geolife,user144,172,80,popular,1000,random,38,44.5,3.9000000000000004,66.0,39.325,0.05
geolife,user144,172,80,popular,1000,random,39,44.5,3.9000000000000004,66.0,39.15,0.05
geolife,user144,172,80,popular,1000,random,40,41.5,3.9000000000000004,64.2,38.0,0.05
geolife,user144,172,80,popular,1000,adaptive,0,80.0,80.0,80.0,80.0,0.0
geolife,user144,172,80,popular,1000,adaptive,1,39.0,39.0,41.0,39.7,0.0
geolife,user144,172,80,popular,1000,adaptive,2,22.0,9.0,30.0,23.075,0.0
geolife,user144,172,80,popular,1000,adaptive,3,13.0,6.0,23.0,15.175,0.0
geolife,user144,172,80,popular,1000,adaptive,4,6.5,4.0,18.0,9.875,0.0
geolife,user144,172,80,popular,1000,adaptive,5,5.0,2.0,14.0,6.6,0.05
geolife,user144,172,80,popular,1000,adaptive,6,3.0,1.0,11.0,4.525,0.25
geolife,user144,172,80,popular,1000,adaptive,7,1.5,1.0,9.0,3.45,0.5
geolife,user144,172,80,popular,1000,adaptive,8,1.0,1.0,7.0,2.95,0.575
geolife,user144,172,80,popular,1000,adaptive,9,1.0,1.0,6.0,2.8,0.6
geolife,user144,172,80,popular,1000,adaptive,10,1.0,1.0,6.0,2.675,0.6
geolife,user144,172,80,popular,1000,adaptive,11,1.0,1.0,6.0,2.55,0.6
geolife,user144,172,80,popular,1000,adaptive,12,1.0,1.0,6.0,2.375,0.625
geolife,user144,172,80,popular,1000,adaptive,13,1.0,1.0,6.0,2.225,0.675
geolife,user144,172,80,popular,1000,adaptive,14,1.0,1.0,6.0,2.175,0.725
geolife,user144,172,80,popular,1000,adaptive,15,1.0,1.0,6.0,2.175,0.725
geolife,user144,172,80,popular,1000,adaptive,16,1.0,1.0,6.0,2.175,0.725
geolife,user144,172,80,popular,1000,adaptive,17,1.0,1.0,6.0,2.175,0.725
geolife,user144,172,80,popular,1000,adaptive,18,1.0,1.0,6.0,2.175,0.725
geolife,user144,172,80,popular,1000,adaptive,19,1.0,1.0,6.0,2.175,0.725
geolife,user144,172,80,popular,1000,adaptive,20,1.0,1.0,6.0,2.175,0.725
geolife,user144,172,80,popular,1000,adaptive,21,1.0,1.0,6.0,2.175,0.725
geolife,user144,172,80,popular,1000,adaptive,22,1.0,1.0,6.0,2.175,0.725
geolife,user144,172,80,popular,1000,adaptive,23,1.0,1.0,6.0,2.175,0.725
geolife,user144,172,80,popular,1000,adaptive,24,1.0,1.0,6.0,2.175,0.725
geolife,user144,172,80,popular,1000,adaptive,25,1.0,1.0,6.0,2.175,0.725
geolife,user144,172,80,popular,1000,adaptive,26,1.0,1.0,6.0,2.175,0.725
geolife,user144,172,80,popular,1000,adaptive,27,1.0,1.0,6.0,2.175,0.725
geolife,user144,172,80,popular,1000,adaptive,28,1.0,1.0,6.0,2.175,0.725
geolife,user144,172,80,popular,1000,adaptive,29,1.0,1.0,6.0,2.175,0.725
geolife,user144,172,80,popular,1000,adaptive,30,1.0,1.0,6.0,2.175,0.725
geolife,user144,172,80,popular,1000,adaptive,31,1.0,1.0,6.0,2.175,0.725
geolife,user144,172,80,popular,1000,adaptive,32,1.0,1.0,6.0,2.175,0.725
geolife,user144,172,80,popular,1000,adaptive,33,1.0,1.0,6.0,2.175,0.725
geolife,user144,172,80,popular,1000,adaptive,34,1.0,1.0,6.0,2.175,0.725
geolife,user144,172,80,popular,1000,adaptive,35,1.0,1.0,6.0,2.175,0.725
geolife,user144,172,80,popular,1000,adaptive,36,1.0,1.0,6.0,2.175,0.725
geolife,user144,172,80,popular,1000,adaptive,37,1.0,1.0,6.0,2.175,0.725
geolife,user144,172,80,popular,1000,adaptive,38,1.0,1.0,6.0,2.175,0.725
geolife,user144,172,80,popular,1000,adaptive,39,1.0,1.0,6.0,2.175,0.725
geolife,user144,172,80,popular,1000,adaptive,40,1.0,1.0,6.0,2.175,0.725
geolife,user144,172,80,uniform,1000,random,0,80.0,80.0,80.0,80.0,0.0
geolife,user144,172,80,uniform,1000,random,1,80.0,79.9,80.0,79.775,0.0
geolife,user144,172,80,uniform,1000,random,2,80.0,78.8,80.0,79.525,0.0
geolife,user144,172,80,uniform,1000,random,3,80.0,76.0,80.0,77.025,0.0
geolife,user144,172,80,uniform,1000,random,4,79.0,67.6,80.0,74.4,0.0
geolife,user144,172,80,uniform,1000,random,5,79.0,63.8,80.0,72.975,0.0
geolife,user144,172,80,uniform,1000,random,6,78.0,45.400000000000006,80.0,70.25,0.025
geolife,user144,172,80,uniform,1000,random,7,78.0,29.200000000000006,80.0,68.25,0.025
geolife,user144,172,80,uniform,1000,random,8,78.0,29.200000000000006,80.0,67.8,0.025
geolife,user144,172,80,uniform,1000,random,9,78.0,29.200000000000006,80.0,67.375,0.025
geolife,user144,172,80,uniform,1000,random,10,77.0,29.200000000000006,80.0,67.175,0.025
geolife,user144,172,80,uniform,1000,random,11,77.0,29.200000000000006,80.0,66.7,0.025
geolife,user144,172,80,uniform,1000,random,12,76.0,29.200000000000006,79.1,65.325,0.025
geolife,user144,172,80,uniform,1000,random,13,75.5,29.200000000000006,79.0,65.075,0.025
geolife,user144,172,80,uniform,1000,random,14,75.5,29.200000000000006,79.0,65.075,0.025
geolife,user144,172,80,uniform,1000,random,15,75.5,29.200000000000006,78.1,64.925,0.025
geolife,user144,172,80,uniform,1000,random,16,74.0,14.8,78.1,63.1,0.025
geolife,user144,172,80,uniform,1000,random,17,74.0,14.8,78.0,62.675,0.025
geolife,user144,172,80,uniform,1000,random,18,73.5,14.8,78.0,62.1,0.025
geolife,user144,172,80,uniform,1000,random,19,72.0,14.8,78.0,61.4,0.025
geolife,user144,172,80,uniform,1000,random,20,70.5,9.300000000000002,78.0,59.35,0.025
geolife,user144,172,80,uniform,1000,random,21,68.5,9.300000000000002,78.0,59.1,0.025
geolife,user144,172,80,uniform,1000,random,22,68.0,9.300000000000002,77.1,58.525,0.025
geolife,user144,172,80,uniform,1000,random,23,68.0,9.300000000000002,77.1,58.35,0.025
geolife,user144,172,80,uniform,1000,random,24,68.0,9.300000000000002,77.1,58.225,0.025
geolife,user144,172,80,uniform,1000,random,25,68.0,3.0,77.0,56.6,0.025
geolife,user144,172,80,uniform,1000,random,26,67.5,3.0,77.0,56.1,0.025
geolife,user144,172,80,uniform,1000,random,27,67.5,3.0,76.0,55.65,0.025
geolife,user144,172,80,uniform,1000,random,28,67.5,3.0,75.1,55.525,0.025
geolife,user144,172,80,uniform,1000,random,29,67.5,3.0,74.1,55.325,0.025
geolife,user144,172,80,uniform,1000,random,30,67.5,3.0,74.1,55.0,0.025
geolife,user144,172,80,uniform,1000,random,31,67.5,3.0,74.1,54.875,0.025
geolife,user144,172,80,uniform,1000,random,32,66.5,3.0,74.1,54.475,0.025
geolife,user144,172,80,uniform,1000,random,33,64.0,3.0,74.1,52.8,0.025
geolife,user144,172,80,uniform,1000,random,34,64.0,3.0,74.0,51.825,0.025
geolife,user144,172,80,uniform,1000,random,35,64.0,3.0,74.0,51.55,0.025
geolife,user144,172,80,uniform,1000,random,36,63.5,3.0,73.1,51.35,0.05
geolife,user144,172,80,uniform,1000,random,37,63.5,3.0,73.1,51.25,0.05
geolife,user144,172,80,uniform,1000,random,38,63.5,3.0,73.1,51.15,0.05
geolife,user144,172,80,uniform,1000,random,39,63.5,3.0,73.1,51.125,0.05
geolife,user144,172,80,uniform,1000,random,40,63.5,3.0,73.1,50.95,0.05
geolife,user144,172,80,uniform,1000,adaptive,0,80.0,80.0,80.0,80.0,0.0
geolife,user144,172,80,uniform,1000,adaptive,1,38.0,38.0,42.0,39.4,0.0
geolife,user144,172,80,uniform,1000,adaptive,2,32.0,15.0,32.0,27.4,0.0
geolife,user144,172,80,uniform,1000,adaptive,3,20.5,5.0,27.0,18.55,0.0
geolife,user144,172,80,uniform,1000,adaptive,4,9.0,2.9000000000000004,23.0,13.575,0.025
geolife,user144,172,80,uniform,1000,adaptive,5,6.0,2.0,20.0,10.25,0.075
geolife,user144,172,80,uniform,1000,adaptive,6,5.0,1.0,18.0,9.05,0.25
geolife,user144,172,80,uniform,1000,adaptive,7,5.0,1.0,17.0,8.6,0.3
geolife,user144,172,80,uniform,1000,adaptive,8,5.0,1.0,16.0,8.2,0.3
geolife,user144,172,80,uniform,1000,adaptive,9,5.0,1.0,15.0,7.8,0.3
geolife,user144,172,80,uniform,1000,adaptive,10,5.0,1.0,14.0,6.75,0.35
geolife,user144,172,80,uniform,1000,adaptive,11,4.5,1.0,13.0,5.8,0.4
geolife,user144,172,80,uniform,1000,adaptive,12,3.5,1.0,12.0,5.225,0.425
geolife,user144,172,80,uniform,1000,adaptive,13,2.5,1.0,11.0,4.7,0.45
geolife,user144,172,80,uniform,1000,adaptive,14,2.5,1.0,10.0,4.45,0.45
geolife,user144,172,80,uniform,1000,adaptive,15,2.5,1.0,10.0,4.45,0.45
geolife,user144,172,80,uniform,1000,adaptive,16,2.5,1.0,10.0,4.45,0.45
geolife,user144,172,80,uniform,1000,adaptive,17,2.5,1.0,10.0,4.45,0.45
geolife,user144,172,80,uniform,1000,adaptive,18,2.5,1.0,10.0,4.45,0.45
geolife,user144,172,80,uniform,1000,adaptive,19,2.5,1.0,10.0,4.45,0.45
geolife,user144,172,80,uniform,1000,adaptive,20,2.5,1.0,10.0,4.45,0.45
geolife,user144,172,80,uniform,1000,adaptive,21,2.5,1.0,10.0,4.45,0.45
geolife,user144,172,80,uniform,1000,adaptive,22,2.5,1.0,10.0,4.45,0.45
geolife,user144,172,80,uniform,1000,adaptive,23,2.5,1.0,10.0,4.45,0.45
geolife,user144,172,80,uniform,1000,adaptive,24,2.5,1.0,10.0,4.45,0.45
geolife,user144,172,80,uniform,1000,adaptive,25,2.5,1.0,10.0,4.45,0.45
geolife,user144,172,80,uniform,1000,adaptive,26,2.5,1.0,10.0,4.45,0.45
geolife,user144,172,80,uniform,1000,adaptive,27,2.5,1.0,10.0,4.45,0.45
geolife,user144,172,80,uniform,1000,adaptive,28,2.5,1.0,10.0,4.45,0.45
geolife,user144,172,80,uniform,1000,adaptive,29,2.5,1.0,10.0,4.45,0.45
geolife,user144,172,80,uniform,1000,adaptive,30,2.5,1.0,10.0,4.45,0.45
geolife,user144,172,80,uniform,1000,adaptive,31,2.5,1.0,10.0,4.45,0.45
geolife,user144,172,80,uniform,1000,adaptive,32,2.5,1.0,10.0,4.45,0.45
geolife,user144,172,80,uniform,1000,adaptive,33,2.5,1.0,10.0,4.45,0.45
geolife,user144,172,80,uniform,1000,adaptive,34,2.5,1.0,10.0,4.45,0.45
geolife,user144,172,80,uniform,1000,adaptive,35,2.5,1.0,10.0,4.45,0.45
geolife,user144,172,80,uniform,1000,adaptive,36,2.5,1.0,10.0,4.45,0.45
geolife,user144,172,80,uniform,1000,adaptive,37,2.5,1.0,10.0,4.45,0.45
geolife,user144,172,80,uniform,1000,adaptive,38,2.5,1.0,10.0,4.45,0.45
geolife,user144,172,80,uniform,1000,adaptive,39,2.5,1.0,10.0,4.45,0.45
geolife,user144,172,80,uniform,1000,adaptive,40,2.5,1.0,10.0,4.45,0.45
